214	213	212	210	210	209	207	206	205	205	204	203	201	200	198	197	196	195	192	191	190	189	187	186	184	183	182	181	179	177	176	174	172	171	170	169	167	166	164	163	160	159	157	156	154	154	153	152	151	151	150	149	148	145	144	144	143	142	141	141	139	138	137	136	136	135	135	136	134	132	131	130	131	129	128	128	127	126	126	125	125	125	124	124	126	122	119	118	117	115	117	122	126	125	123	125	124	124	125	124	124	122	119	119	120	117	109	100	85	69	54	44	51	39	37	39	47	54	42	35	35	42	18	15	17	37	55	59	72	87	98	108	117	124	127	131	136	142	141	143	147	149	150	151	154	157	157	158	157	158	159	160	156	154	151	150	151	146	143	143	137	132	131	126	119	115	111	98	79	78	76	60	69	74	71	70	63	57	50	38	39	30	26	26	23	24	24	26	26	21	18	27	25	20	21	25	26	34	34	44
203	203	202	202	201	200	198	197	197	196	194	193	191	191	190	190	188	187	186	184	182	180	179	177	177	175	173	172	171	170	169	169	167	166	165	164	162	161	159	157	156	155	153	152	152	150	148	147	146	145	145	145	144	142	140	140	141	140	138	137	137	136	135	135	134	133	133	133	131	130	128	128	126	126	127	128	127	126	126	122	123	123	123	123	121	122	121	118	116	117	114	118	121	122	122	123	123	123	122	122	122	121	121	121	117	109	100	88	67	43	41	43	35	32	37	46	51	30	17	11	25	15	15	26	49	63	76	87	100	111	114	120	128	132	137	140	142	147	147	151	155	156	159	160	164	163	165	167	165	165	166	168	165	165	165	163	163	164	162	158	159	155	147	140	139	134	127	121	108	97	102	99	96	95	87	75	71	70	66	57	50	41	29	32	32	30	35	33	31	30	33	30	31	32	34	38	43	42	31	31
193	192	191	190	189	189	189	187	187	186	185	184	185	183	182	182	181	180	178	177	175	176	174	171	171	169	168	168	165	165	164	162	160	160	159	157	156	154	153	152	152	151	149	148	148	147	145	145	143	141	139	138	139	139	139	139	138	137	135	134	132	133	130	131	131	130	129	128	128	128	127	127	126	125	124	124	123	123	123	122	122	123	122	123	122	121	122	120	116	118	117	117	116	120	120	120	122	121	121	120	120	120	126	135	138	119	89	68	41	39	30	28	26	32	35	36	29	7	6	21	28	21	31	57	72	93	108	109	115	122	126	130	136	140	144	147	150	153	157	159	161	162	163	163	165	167	168	168	169	170	172	174	173	174	174	173	174	174	172	171	170	166	166	162	155	150	144	138	129	125	126	117	115	118	115	104	91	78	74	67	58	61	58	53	44	42	41	42	43	45	49	47	51	51	54	59	48	40	32	29
183	182	181	180	179	180	180	179	178	177	175	175	175	174	173	172	171	170	169	168	166	167	166	165	163	162	161	160	160	159	157	155	154	152	151	151	150	149	148	147	146	145	144	142	143	142	140	138	138	139	138	137	135	135	134	133	132	131	131	130	130	129	131	129	127	128	128	128	128	126	126	125	123	123	123	124	122	122	123	121	122	122	122	121	121	122	119	119	117	116	115	114	113	112	117	118	120	120	119	119	119	126	132	128	119	107	74	42	27	18	22	22	27	24	16	10	12	8	18	31	35	51	76	92	102	111	115	120	126	128	131	136	140	144	149	153	155	156	158	161	165	167	170	171	172	171	171	172	173	174	176	176	178	179	179	178	179	177	176	176	176	176	175	174	173	170	163	158	154	146	143	141	134	130	131	131	128	114	102	93	82	73	70	71	73	67	65	67	74	76	82	91	95	100	105	104	99	83	49	36
174	174	173	171	170	169	168	169	169	168	168	168	167	167	165	163	163	162	161	160	160	159	158	157	155	154	152	152	153	153	151	149	149	147	147	145	144	145	143	142	141	140	140	139	138	139	137	137	134	134	134	133	134	131	130	130	128	128	128	128	127	127	127	125	125	125	125	125	125	124	122	121	121	122	122	122	121	121	121	121	120	118	119	118	118	119	118	117	118	115	114	115	112	109	109	114	116	116	118	117	120	146	149	132	119	106	43	17	11	17	16	16	22	9	11	20	17	19	35	38	61	83	97	111	114	120	126	129	134	136	140	144	146	149	155	158	159	160	163	167	167	170	171	174	175	175	175	175	177	176	176	178	178	178	180	182	182	181	180	180	178	180	180	179	178	177	175	174	173	167	161	158	154	152	151	151	151	149	148	149	146	139	128	125	124	122	116	111	114	116	126	132	141	142	139	133	127	123	103	64
166	165	164	162	162	162	162	161	159	160	160	159	159	159	158	156	158	157	155	154	152	152	150	150	149	148	147	146	145	146	145	144	143	141	142	141	139	138	138	138	136	136	136	136	134	135	133	133	130	130	130	130	128	129	129	128	126	125	125	127	126	124	124	124	122	122	122	122	122	120	119	120	120	121	119	119	117	119	119	120	119	118	119	117	116	116	116	117	117	117	114	110	110	113	108	110	112	114	117	116	124	143	136	111	115	77	14	9	20	16	13	13	8	15	27	24	26	32	41	68	88	101	111	119	124	129	133	135	139	141	145	150	152	153	158	161	163	166	168	170	172	174	174	175	178	177	178	179	178	180	181	181	180	181	182	182	183	184	184	183	182	183	184	183	184	183	182	182	180	178	176	172	173	171	168	166	167	166	162	159	158	158	157	155	153	151	154	152	153	156	159	159	156	156	152	149	144	140	132	116
157	157	157	157	153	154	153	153	154	153	152	153	153	152	151	150	150	148	147	146	144	144	143	143	143	143	142	142	140	140	139	137	138	137	136	135	134	134	133	133	133	132	131	131	128	128	128	129	128	127	126	126	126	125	124	124	123	123	124	125	124	122	121	120	120	120	121	120	119	119	119	118	117	118	117	116	115	117	116	118	116	115	117	116	116	114	115	117	117	118	117	115	112	111	109	106	112	118	119	118	142	145	122	93	94	29	11	17	17	14	26	15	25	28	26	22	30	46	75	95	102	115	122	130	132	136	140	142	144	144	147	153	155	157	159	163	164	166	170	171	176	176	176	176	177	179	181	182	183	183	183	183	185	186	186	185	185	185	185	185	185	186	186	187	187	187	188	188	185	186	186	185	184	185	183	181	178	177	175	173	171	171	172	172	171	168	166	169	172	169	167	166	166	165	163	160	158	150	143	138
148	148	148	149	148	147	147	147	145	146	145	144	146	145	144	143	142	142	142	141	139	138	139	139	139	138	137	136	136	135	134	133	133	132	131	130	130	130	129	130	127	127	127	127	126	126	125	125	126	125	124	124	122	121	121	122	122	122	122	121	119	118	118	118	117	116	116	117	118	117	117	116	116	116	114	115	116	118	116	117	117	118	116	117	116	116	115	115	116	116	114	113	110	107	109	108	108	110	115	126	145	135	91	94	53	18	11	16	17	33	23	15	25	22	24	27	45	77	97	105	113	125	128	135	140	142	146	147	149	148	150	154	158	162	162	164	166	168	171	174	176	177	179	179	182	182	182	184	185	186	186	186	187	186	187	188	187	187	188	188	187	188	188	188	188	190	189	189	189	188	188	189	188	188	186	185	185	183	181	179	179	181	180	178	178	177	175	173	173	173	172	169	170	170	167	167	166	162	155	148
141	141	140	140	141	141	140	139	141	141	140	140	138	137	138	138	136	136	136	135	134	134	133	132	134	134	133	132	132	132	132	132	128	127	126	126	127	127	126	126	124	125	125	124	123	123	122	121	121	120	119	120	120	121	119	120	118	118	118	117	117	116	117	117	116	116	117	118	119	118	118	119	117	116	115	115	115	113	111	110	109	108	106	105	107	107	108	108	107	108	109	109	109	108	108	108	107	108	117	130	143	122	76	57	26	35	23	13	16	26	11	11	17	24	24	46	77	97	107	115	125	132	138	140	145	148	151	152	154	155	157	159	160	163	164	166	169	171	174	177	179	179	181	183	183	183	185	187	187	187	187	187	187	189	190	191	190	189	188	188	188	188	190	192	189	190	190	191	189	190	190	189	188	188	187	187	186	186	185	185	182	181	180	178	179	180	179	178	177	178	176	175	173	174	172	171	171	168	164	160
136	136	135	135	136	136	136	136	136	136	136	135	133	132	132	133	131	130	130	130	128	128	128	128	128	127	126	126	127	126	125	125	124	125	124	123	122	123	122	120	120	121	121	119	120	119	119	120	120	117	119	118	119	119	118	120	120	118	117	118	119	117	114	113	110	110	109	109	107	107	108	109	107	108	108	108	110	109	109	110	109	110	109	107	110	110	110	110	109	109	109	108	107	109	109	106	105	105	120	138	146	123	64	30	33	46	17	15	20	17	7	9	13	20	46	81	94	107	119	130	134	140	143	146	149	152	156	156	158	159	159	158	162	165	168	171	171	172	174	177	180	181	183	184	185	187	188	188	188	188	189	190	190	190	190	191	190	190	190	191	191	191	192	193	194	193	192	191	191	191	191	190	191	191	190	190	188	188	188	187	186	185	183	182	181	180	179	179	179	178	177	177	176	177	176	176	174	172	170	169
132	130	130	132	130	129	129	130	129	128	128	129	129	127	127	128	127	125	126	125	125	125	125	124	124	124	124	123	122	121	121	122	122	121	123	121	123	123	123	123	124	123	124	123	121	119	118	116	117	114	113	110	108	111	111	110	109	109	109	109	109	108	109	110	110	111	110	109	109	110	110	111	111	110	113	110	109	108	108	109	109	109	109	108	109	109	109	109	108	108	108	108	106	106	107	107	105	105	132	147	137	109	73	56	57	29	23	19	14	6	5	7	19	50	82	97	111	124	139	144	141	145	149	151	156	157	159	159	160	162	163	163	165	166	168	171	172	173	176	180	180	181	184	185	188	189	190	189	189	189	190	190	191	192	192	192	192	193	193	192	192	194	193	194	193	193	193	194	194	193	192	190	191	192	192	191	190	189	188	188	187	187	187	187	185	182	182	184	181	180	179	179	179	179	179	178	176	172	171	172
123	123	123	123	124	124	124	124	124	124	125	124	124	123	123	124	124	122	123	122	122	123	123	123	125	125	124	124	123	124	124	124	125	121	120	116	113	114	113	112	112	111	112	112	111	112	110	111	115	113	113	111	112	112	112	112	112	112	112	112	112	112	111	110	111	110	109	110	110	109	109	109	109	107	110	109	108	108	108	108	108	106	106	107	107	107	107	107	106	106	107	106	105	107	106	105	106	118	140	137	102	106	95	75	44	30	16	6	4	2	6	19	47	74	99	118	133	146	150	148	147	148	153	157	160	159	161	164	163	163	164	167	168	168	169	169	172	173	176	179	183	182	183	186	189	188	188	190	189	189	190	190	192	193	194	193	193	196	196	193	194	196	193	193	194	194	195	195	196	194	194	194	193	193	193	193	192	193	192	192	190	190	188	188	188	187	185	183	184	182	181	181	178	179	178	178	178	176	174	174
119	118	120	121	121	121	121	121	119	121	121	120	124	125	125	124	125	124	122	121	119	118	118	117	116	116	114	111	113	111	111	113	113	113	114	114	116	116	116	115	113	113	113	112	114	112	111	112	113	113	112	111	110	109	109	111	111	112	110	110	110	108	110	109	110	111	109	107	107	106	106	107	107	106	105	105	108	106	106	105	106	106	106	105	105	104	104	105	106	105	106	104	105	105	105	104	110	122	116	77	91	115	96	41	16	8	5	3	3	6	19	40	69	95	116	130	147	155	148	150	149	151	156	156	162	162	162	164	166	164	164	167	168	168	168	170	171	173	178	179	181	181	183	185	186	186	187	189	189	188	189	191	192	192	193	194	194	194	194	194	195	195	195	194	193	194	194	194	194	194	194	193	193	193	193	193	194	194	195	195	193	191	190	189	189	187	187	185	183	183	183	181	181	181	180	178	179	177	176	173
119	118	117	116	118	117	116	114	113	115	114	111	112	113	114	114	114	113	113	112	114	113	113	115	112	116	117	115	114	114	113	113	114	113	113	113	112	112	112	112	111	111	111	110	109	110	110	110	110	110	108	108	109	107	107	108	109	107	108	109	109	107	108	107	106	107	106	105	105	104	104	105	103	104	104	104	104	104	105	106	107	106	105	104	103	103	103	104	105	103	103	103	102	102	102	102	105	120	66	56	103	95	65	39	21	7	2	3	8	16	39	66	89	116	132	147	155	154	152	154	152	151	157	159	163	163	161	162	167	166	166	167	168	168	168	170	171	175	176	178	180	181	182	184	184	184	186	187	188	188	191	192	193	193	193	193	193	193	193	193	194	193	192	191	193	193	194	194	192	194	193	191	192	192	192	192	195	195	194	194	193	192	191	189	188	188	189	186	184	182	182	182	180	180	180	179	179	177	176	173
107	106	108	110	109	110	111	111	112	111	112	113	111	113	114	114	113	113	112	112	112	111	111	113	112	114	112	111	110	110	110	109	111	111	111	111	110	109	110	110	109	107	106	108	108	107	105	104	107	105	105	107	106	106	106	105	105	105	105	104	105	104	104	102	102	103	103	104	102	102	102	102	101	104	103	100	101	102	102	102	103	102	101	101	101	100	101	101	103	101	101	101	100	103	104	105	107	104	76	85	110	79	46	37	30	9	5	6	13	30	57	87	112	127	138	149	148	148	148	150	152	155	159	160	163	164	161	162	163	163	165	164	166	167	167	170	174	175	176	178	181	182	183	184	185	187	187	187	189	190	190	190	191	192	192	193	192	193	192	191	192	191	190	190	193	193	193	193	192	192	192	192	192	192	192	192	192	194	195	194	192	193	192	189	189	188	188	186	181	179	181	180	181	180	180	180	177	176	177	171
109	108	109	109	110	110	111	109	110	110	108	111	111	108	108	110	109	110	109	108	108	108	108	108	108	109	109	110	109	107	105	106	106	106	106	106	107	106	106	105	105	105	105	105	106	106	105	105	103	103	103	103	102	104	104	103	104	104	103	102	103	104	102	101	102	103	102	102	99	101	101	100	100	101	102	100	99	98	99	100	101	100	101	101	100	103	100	102	102	102	100	98	98	100	102	108	108	110	90	96	86	50	32	36	25	10	14	20	26	43	73	97	114	124	135	142	146	146	146	148	151	155	159	156	154	158	160	155	159	162	164	167	167	169	170	172	176	178	179	181	183	184	184	186	186	188	187	189	188	190	190	189	190	192	193	192	194	192	190	190	191	191	191	191	192	192	192	192	191	191	191	191	191	191	191	191	190	189	191	192	192	194	192	189	189	188	187	184	182	180	182	181	180	181	181	179	176	175	175	170
104	104	105	105	104	105	106	106	105	106	106	106	107	108	106	104	106	105	105	106	104	104	104	106	105	105	104	104	105	105	105	105	104	103	103	104	104	103	102	102	102	102	104	104	104	101	101	102	101	101	101	101	102	101	101	101	99	99	100	100	100	100	99	99	100	100	100	100	99	100	100	99	98	100	99	99	98	98	99	99	99	99	99	98	101	100	98	97	99	98	100	98	99	99	102	105	108	99	94	68	41	22	14	14	17	29	65	43	31	56	85	111	122	124	131	139	141	146	147	147	150	152	154	154	156	158	158	158	160	164	164	165	168	170	173	175	178	179	180	180	182	184	185	186	187	188	189	189	191	192	191	191	192	192	192	192	193	192	191	191	191	191	190	190	191	191	191	191	191	191	191	191	191	191	191	191	191	191	190	192	190	188	187	187	187	187	186	186	182	181	182	181	179	180	180	179	176	176	175	172
101	100	100	101	100	101	102	102	101	101	102	102	102	102	101	100	101	102	102	101	100	101	101	100	100	102	102	101	100	100	100	100	101	102	102	101	100	101	101	100	102	102	102	103	99	99	99	99	98	99	99	98	99	99	100	100	100	99	97	96	99	99	99	100	100	100	99	98	96	99	100	97	96	97	95	96	95	95	97	97	97	96	97	98	98	98	98	98	99	99	96	97	100	100	98	102	89	85	84	94	62	21	14	10	19	52	74	32	42	82	108	123	125	130	135	138	141	145	145	145	147	148	151	153	154	153	155	157	159	162	164	169	170	171	173	177	179	180	182	184	184	186	187	188	189	190	192	191	192	192	191	190	192	192	192	192	193	192	191	191	192	192	191	191	191	191	191	191	191	191	191	191	191	191	191	191	190	190	190	190	189	188	186	184	186	185	185	185	181	179	180	179	176	177	178	179	176	173	172	170
96	96	96	96	97	97	97	97	97	96	97	100	101	102	100	99	101	101	100	102	100	99	101	100	100	99	99	100	101	101	100	98	96	97	99	97	98	98	97	97	98	99	100	95	97	97	99	97	96	96	96	96	95	96	97	98	98	97	97	97	97	96	97	98	97	97	98	98	99	97	98	97	95	96	96	95	97	99	99	99	97	97	97	97	100	101	99	100	98	99	98	98	100	100	99	95	85	62	38	38	44	21	11	6	9	45	42	32	59	99	117	125	129	134	140	143	144	145	146	146	144	146	149	151	151	153	153	151	154	159	166	167	169	172	172	175	177	179	181	183	184	186	186	190	190	193	194	192	193	193	193	192	192	191	191	192	193	191	190	191	191	191	191	191	191	191	191	192	192	191	191	191	191	191	191	191	190	189	188	186	188	187	186	184	185	183	182	181	179	179	180	179	176	178	178	177	176	174	172	169
95	93	96	96	94	94	94	95	96	97	98	99	99	100	97	97	99	100	100	100	100	101	100	101	99	96	97	102	103	102	100	98	99	98	95	96	97	98	98	96	99	101	97	95	96	95	95	93	95	95	94	95	95	95	94	94	94	96	96	95	95	96	96	96	97	97	98	99	96	96	99	99	100	101	101	100	99	98	97	98	99	98	97	96	97	98	97	98	97	97	96	97	98	100	99	96	91	84	46	30	23	16	12	9	8	21	18	34	75	105	122	130	134	142	145	150	153	155	151	144	142	142	142	141	137	137	141	144	149	158	161	161	163	168	170	172	175	176	179	181	184	188	188	188	189	193	194	193	193	195	195	194	193	194	194	193	193	193	193	193	191	192	193	194	194	194	194	195	195	194	194	194	194	192	192	194	193	192	189	188	188	185	183	183	183	181	179	177	178	177	179	177	176	179	178	174	172	169	169	167
93	92	93	94	93	94	94	94	94	98	105	112	119	120	118	115	120	122	121	118	118	117	117	115	110	106	105	104	101	97	100	101	98	100	95	96	96	96	95	95	95	97	96	93	94	95	93	92	94	97	96	95	94	97	96	95	97	97	97	97	96	98	99	98	97	97	95	95	93	94	95	95	96	97	96	96	98	97	97	98	96	98	98	97	98	99	99	100	100	99	101	99	100	99	101	97	95	94	92	65	58	85	39	17	8	19	24	17	74	118	131	139	143	145	157	165	155	152	146	138	132	122	106	95	93	98	97	100	107	123	128	134	140	145	153	157	164	168	173	177	180	183	185	187	187	189	191	191	193	193	194	195	194	195	196	195	196	195	195	194	194	194	195	196	195	195	195	195	196	197	197	196	196	195	194	193	193	192	190	188	187	186	185	185	182	181	178	175	174	174	177	177	177	179	177	173	169	170	168	166
82	82	87	95	95	94	97	99	111	120	127	130	131	136	141	145	146	146	146	138	127	122	121	119	121	123	127	126	124	124	121	117	116	110	104	102	102	99	99	100	99	99	99	99	101	105	102	100	101	98	100	99	97	94	95	95	95	96	96	95	96	96	96	96	94	97	96	96	97	98	98	97	98	99	96	96	97	98	98	97	98	98	98	100	100	99	99	99	100	99	99	98	100	100	100	100	101	99	92	103	94	48	29	15	7	28	106	19	52	132	151	153	153	161	166	177	143	126	96	75	57	54	52	56	56	68	60	59	59	64	72	75	84	97	109	120	125	135	148	161	171	172	174	177	182	185	187	188	191	193	195	195	196	197	197	197	199	198	197	197	197	197	197	196	195	195	195	195	195	196	196	195	196	195	194	193	192	192	190	190	188	187	185	182	182	181	178	177	176	176	178	178	177	178	176	171	169	170	168	166
89	89	92	95	105	115	126	137	141	148	155	161	168	171	177	181	183	185	191	195	193	185	179	178	179	178	179	175	169	164	160	156	151	148	145	142	143	135	124	118	114	110	106	103	106	114	116	112	106	100	100	102	103	103	102	98	98	99	99	99	98	99	99	99	98	99	99	99	97	96	96	97	97	98	97	98	96	98	99	97	97	98	99	100	99	97	101	97	100	101	101	101	101	99	98	99	98	99	96	108	87	68	47	35	28	31	128	65	30	81	126	141	146	160	155	133	98	81	79	72	71	76	73	63	54	46	43	45	48	42	32	32	31	39	52	60	65	67	83	110	130	152	161	166	173	175	178	183	186	191	194	192	193	195	196	196	198	199	197	198	197	196	197	198	194	192	193	193	191	191	191	191	189	188	188	188	190	189	188	187	184	184	182	181	181	180	178	177	175	176	178	179	176	175	173	170	171	170	167	165
99	105	111	113	118	127	140	152	169	181	188	189	191	198	206	209	207	202	194	188	183	175	166	161	160	152	143	142	145	150	159	163	164	162	158	156	155	147	136	127	115	111	115	119	123	130	128	117	108	102	102	102	99	102	102	99	99	100	99	98	99	98	97	97	97	97	97	98	96	97	97	96	98	98	99	97	98	99	99	96	97	98	98	97	98	99	98	97	100	101	101	101	98	99	99	98	98	98	97	111	98	64	61	67	82	80	96	128	36	53	92	108	115	129	122	106	97	103	117	121	122	122	119	116	102	92	81	71	63	56	49	46	49	41	38	43	45	37	44	55	73	97	114	133	152	162	169	174	180	183	187	188	192	192	193	195	195	196	196	197	195	195	194	192	191	189	186	186	184	185	186	186	184	182	181	183	184	184	182	181	180	180	178	177	177	176	175	173	172	175	175	173	173	173	171	170	169	168	167	165
103	108	115	141	162	173	181	186	186	193	198	200	202	202	197	193	189	187	187	188	185	182	180	178	171	163	159	150	140	129	126	124	122	127	128	133	130	128	130	129	128	128	123	115	114	117	114	110	116	123	113	108	107	102	99	97	100	101	98	98	97	96	96	97	95	98	99	98	95	97	97	96	95	96	97	97	97	97	97	97	98	99	99	97	97	99	98	96	99	98	99	100	101	99	99	99	98	98	98	119	109	80	71	71	77	105	129	131	78	38	73	98	99	101	103	108	118	127	135	137	142	143	143	144	145	143	140	137	134	127	122	116	112	98	91	79	69	58	41	37	46	62	81	93	118	139	154	163	171	176	181	184	185	186	187	190	191	192	192	192	191	190	187	187	182	177	177	173	173	171	170	170	171	169	167	165	165	163	161	158	157	154	156	158	161	164	166	167	168	170	170	169	168	171	171	169	168	167	166	164
129	146	159	164	162	163	166	171	178	182	183	181	182	186	185	185	188	185	185	189	189	186	184	182	175	159	146	133	124	120	126	121	116	109	105	106	112	120	121	119	121	119	118	121	123	121	120	117	119	118	112	112	109	106	104	100	100	101	105	104	100	98	97	98	98	101	102	101	97	97	97	98	96	97	97	97	98	98	97	96	96	96	97	97	98	98	98	97	97	97	97	98	98	98	95	97	96	97	98	122	115	91	98	92	96	121	168	155	40	40	27	52	55	87	110	118	124	127	129	130	132	135	137	138	133	130	124	118	113	106	104	104	99	92	92	91	93	91	89	89	83	89	95	104	116	129	141	157	165	168	173	177	180	183	185	187	187	187	186	186	187	183	179	174	165	158	157	147	130	121	119	115	106	99	97	93	94	95	98	102	100	97	102	109	118	123	129	135	147	156	164	166	165	168	169	167	167	166	166	164
137	143	143	141	143	155	169	174	173	166	167	175	181	183	188	192	192	188	184	178	173	160	146	137	132	133	140	127	118	114	112	116	119	114	108	108	105	100	108	116	116	111	113	118	116	119	118	115	116	118	116	109	105	110	111	112	112	108	104	104	103	100	98	98	101	102	100	98	97	98	98	98	99	99	99	97	97	97	96	95	97	96	96	96	97	94	96	94	96	95	94	95	95	95	95	93	92	96	93	114	122	106	116	109	111	149	179	162	104	35	28	39	89	138	136	136	139	140	139	138	134	130	123	114	106	106	105	97	92	97	108	113	114	115	111	108	105	99	92	92	94	98	102	108	112	123	136	148	155	162	169	171	175	179	182	185	182	181	179	177	174	170	163	152	138	126	110	94	74	65	60	54	46	39	47	51	51	55	51	56	59	60	55	64	86	88	89	97	106	112	137	159	162	163	166	164	166	164	161	157
125	120	123	134	147	160	164	161	166	171	173	173	175	175	175	174	171	168	166	162	158	157	151	149	146	140	136	132	125	118	112	107	109	112	109	106	110	109	104	104	111	115	116	117	118	128	129	135	138	130	123	116	111	119	128	129	117	106	107	107	107	104	103	104	101	99	99	97	96	98	98	97	96	94	92	91	93	93	92	91	90	89	89	91	93	92	91	91	93	91	91	92	91	93	94	94	93	95	94	109	126	123	128	97	115	169	167	151	131	88	68	63	138	144	145	145	142	142	139	133	126	108	95	106	108	107	107	106	91	83	90	92	95	108	117	123	123	119	108	99	97	99	94	96	104	112	124	138	145	154	163	168	172	177	178	178	176	171	172	167	162	153	143	131	116	104	92	82	72	63	58	54	52	63	61	72	70	69	61	59	60	57	51	51	68	76	76	83	82	77	86	120	148	157	162	164	164	163	162	152
105	109	125	145	151	151	153	157	159	161	162	161	160	160	154	149	151	154	158	163	165	160	155	150	142	138	132	124	120	118	114	110	107	109	109	104	100	108	109	105	106	112	116	121	133	137	136	137	133	134	125	136	141	137	138	131	122	110	102	100	96	95	96	97	94	92	89	90	97	98	95	90	89	92	92	92	92	90	93	90	90	90	91	91	91	91	91	88	91	91	91	90	92	92	93	93	96	98	95	99	122	135	120	103	143	173	154	146	144	143	134	123	157	164	162	157	154	147	141	136	123	108	94	78	75	96	111	112	63	61	74	75	93	94	86	112	118	123	123	121	116	109	96	90	101	109	114	130	141	148	161	166	168	175	177	173	170	166	161	153	146	135	127	120	114	106	103	98	90	88	87	88	90	99	111	120	127	134	138	137	134	123	115	110	102	103	103	106	106	98	85	87	105	132	156	161	163	162	158	86
106	120	132	139	139	142	145	146	146	142	138	136	134	136	145	154	159	165	168	162	148	138	134	133	131	128	118	105	100	99	101	105	104	107	110	107	100	104	105	101	101	104	115	131	137	142	136	139	141	136	152	156	147	138	134	126	116	106	98	97	96	90	88	88	89	87	91	94	93	91	90	92	92	96	99	94	90	90	90	89	88	90	91	89	91	92	92	91	91	91	91	92	92	92	92	93	94	94	92	94	111	135	105	106	158	167	157	148	147	150	131	136	162	165	166	161	156	152	148	143	136	120	101	104	100	122	135	135	92	78	84	79	95	98	114	159	155	131	121	129	132	133	126	121	112	102	109	88	96	124	147	163	168	173	173	168	161	151	141	133	125	117	112	110	108	99	93	92	95	94	93	92	89	88	85	83	90	104	123	135	145	152	155	156	156	154	149	144	134	126	113	99	95	104	133	156	158	148	94	17
121	133	135	135	139	140	139	136	131	130	133	136	144	149	152	152	146	144	143	147	149	151	151	149	149	138	115	99	88	80	73	70	66	64	80	94	96	95	94	95	99	100	108	120	127	149	160	154	151	138	126	127	129	121	115	101	90	84	78	76	67	67	74	76	84	92	90	84	89	92	94	97	93	91	91	89	92	93	91	91	91	92	91	91	91	91	92	93	91	90	90	91	92	91	92	93	95	95	93	93	107	132	113	128	163	167	162	155	151	156	133	147	167	167	166	165	163	161	159	155	149	144	134	129	134	132	128	134	134	116	108	113	119	129	149	149	144	139	128	125	134	143	140	133	131	111	92	70	62	89	84	90	111	97	71	79	100	93	103	111	111	113	114	115	115	113	115	116	117	117	119	118	117	124	123	123	116	104	92	87	98	123	137	147	151	155	157	156	153	148	146	136	121	115	123	126	106	73	31	19
128	129	125	131	132	128	127	128	131	135	140	142	146	147	148	144	137	131	129	130	135	136	130	121	106	82	66	53	47	44	42	42	41	55	59	56	69	87	90	96	106	105	111	122	125	130	134	125	107	99	89	88	82	75	66	59	56	62	65	56	43	41	45	38	38	43	52	55	58	69	82	86	90	91	89	90	93	91	94	94	93	93	94	94	94	94	93	93	92	92	92	92	91	92	92	92	94	94	95	98	106	133	122	115	156	176	169	160	154	157	143	146	168	169	170	170	169	166	164	161	159	156	154	150	148	147	144	141	141	138	143	145	151	150	150	148	145	147	149	150	147	142	146	147	132	97	91	124	158	175	186	190	188	162	104	67	74	110	141	139	133	136	139	133	128	123	120	126	115	84	85	85	94	87	80	77	96	121	123	122	117	114	121	130	135	142	149	151	150	146	147	141	126	110	101	84	52	49	28	33
128	125	125	127	125	120	121	123	124	131	134	131	127	119	109	101	96	95	94	86	89	89	84	70	61	49	34	31	26	19	11	14	21	32	48	40	37	52	69	91	97	89	92	90	80	84	74	68	56	58	50	35	32	31	42	53	56	45	48	41	37	38	41	42	31	26	21	20	17	18	27	31	46	63	81	86	88	91	88	92	96	93	91	91	92	90	91	92	93	93	96	96	95	94	93	92	94	95	96	97	108	130	123	115	153	175	167	157	155	157	150	144	170	170	173	173	173	170	167	165	163	161	161	160	159	158	156	156	153	153	157	153	154	151	150	151	150	150	149	144	139	140	139	137	100	76	140	169	182	192	199	202	201	194	175	101	77	150	146	149	152	151	142	130	132	141	151	167	151	91	98	86	83	87	79	63	109	100	96	122	129	114	119	128	138	144	148	147	147	143	140	136	128	115	114	94	49	39	40	38
125	123	118	112	109	112	119	123	126	127	126	125	120	111	100	91	89	89	83	74	78	74	64	55	41	32	23	16	17	17	14	10	12	25	30	20	26	26	28	42	57	73	84	69	49	45	38	33	32	34	26	34	38	50	52	49	34	29	43	45	40	38	41	49	40	34	38	41	34	31	28	30	31	30	28	36	55	76	87	93	92	91	92	95	93	94	93	96	98	99	97	98	94	95	96	97	97	98	99	100	101	120	121	118	160	171	161	153	155	161	157	148	183	172	172	173	171	169	167	165	163	163	164	164	164	163	163	163	163	161	164	163	163	161	159	158	153	151	153	153	154	121	123	93	66	134	168	180	189	194	201	201	198	194	175	107	82	147	155	155	155	164	168	164	155	149	151	160	168	137	108	100	91	87	100	138	155	145	108	67	97	125	121	133	139	145	149	151	154	152	149	151	106	114	115	87	54	38	59	89
123	120	117	116	120	123	128	127	123	117	111	91	68	65	72	78	78	66	59	53	43	24	13	10	12	7	7	9	8	8	19	23	30	49	56	56	60	65	74	85	103	109	105	92	91	90	79	72	70	63	56	51	51	43	38	34	29	28	29	44	46	52	60	64	66	53	57	46	52	42	30	29	23	16	15	18	17	21	38	75	91	95	95	97	97	96	95	96	97	96	94	95	96	96	97	97	99	99	101	102	103	114	125	109	163	167	158	152	153	157	160	155	154	164	169	169	166	164	163	165	165	165	164	164	166	166	166	166	167	167	165	165	164	164	164	165	167	169	170	165	155	134	102	97	138	169	178	188	197	202	203	200	195	189	176	113	85	131	127	151	159	165	173	175	173	166	163	164	163	163	157	149	144	152	161	156	153	145	130	119	118	113	125	137	143	151	158	165	169	165	171	162	106	109	96	42	137	96	86	147
122	124	123	123	121	116	108	108	102	85	64	49	40	65	77	57	39	27	16	11	7	3	3	4	7	7	10	17	29	40	61	79	100	112	125	130	136	141	148	149	152	155	157	158	159	160	159	155	155	152	150	143	132	122	109	96	84	73	63	66	63	65	61	55	46	43	42	38	33	36	46	50	53	49	37	34	32	32	34	44	66	92	103	107	107	101	102	101	100	99	97	101	102	99	98	99	100	102	104	104	103	123	117	102	162	158	152	149	148	154	159	159	161	154	147	149	154	159	163	165	169	171	172	171	173	173	173	173	173	173	173	173	176	178	179	176	175	172	169	160	135	116	140	151	163	175	185	194	200	204	202	200	195	187	177	135	101	144	124	162	172	169	173	176	178	175	172	170	169	166	162	158	154	154	154	155	157	157	153	152	152	156	157	158	160	167	173	179	177	176	173	148	127	150	145	151	155	96	133	142
113	115	117	108	93	95	110	101	79	58	47	48	57	64	43	22	13	13	9	8	8	4	5	9	18	33	54	79	96	109	125	137	147	153	161	167	172	174	174	175	178	180	182	183	181	182	183	183	181	180	179	178	178	176	173	172	165	158	152	136	119	106	90	80	69	55	53	55	58	63	69	69	64	50	43	51	59	54	58	60	60	70	82	97	110	113	111	107	104	102	104	103	101	100	98	97	101	101	101	101	102	112	106	110	155	148	146	144	148	155	158	159	164	164	164	164	163	158	152	150	152	157	166	174	177	180	181	184	183	184	185	186	187	187	185	183	179	169	143	123	142	164	163	168	177	183	191	198	205	205	203	200	195	186	182	166	127	148	167	173	181	179	178	179	180	180	178	177	177	176	174	172	170	169	169	170	171	171	172	172	171	174	178	180	183	184	187	189	182	180	167	131	169	178	174	169	141	122	136	134
117	107	87	76	88	108	107	83	74	61	48	54	63	48	26	20	17	16	17	15	23	27	31	41	56	79	102	124	140	154	165	171	177	180	183	186	188	190	190	191	192	194	195	196	196	197	198	198	197	196	195	194	192	192	190	188	189	187	187	182	178	175	172	162	152	137	122	98	72	65	66	68	72	76	74	71	66	69	73	61	61	60	55	66	82	96	109	118	120	117	110	106	103	102	101	100	102	103	104	105	105	105	103	107	140	143	144	145	149	155	160	163	169	170	173	178	182	184	185	184	183	183	179	176	170	168	169	168	169	172	173	173	169	165	160	156	149	146	156	166	169	169	174	178	182	186	192	200	205	206	204	199	196	188	183	182	166	128	168	178	186	186	185	182	181	182	184	184	184	183	181	181	179	178	179	179	179	180	180	180	182	184	187	188	187	190	190	187	185	178	145	158	179	177	174	166	132	129	136	140
82	54	51	73	97	95	77	53	45	35	29	50	56	42	36	34	32	33	34	27	31	38	48	72	96	125	144	157	167	176	184	187	190	193	196	197	197	198	200	201	202	203	204	204	202	205	206	206	206	205	205	205	203	202	201	200	199	199	199	199	198	196	193	191	189	182	175	168	156	135	111	95	82	75	76	89	92	74	52	42	46	51	52	52	51	56	74	100	113	119	119	112	113	109	106	104	106	106	106	105	108	108	107	111	137	140	141	145	151	158	164	167	172	177	181	183	188	192	191	191	195	198	199	202	201	200	199	199	199	198	195	192	189	184	179	176	173	170	169	169	168	176	180	181	187	191	198	203	205	206	204	198	194	190	186	186	189	160	137	177	187	188	189	189	190	189	187	185	186	186	185	185	184	184	184	185	185	186	188	189	189	190	191	189	189	190	188	186	183	162	152	185	180	180	178	154	135	146	147	148
46	46	64	85	89	67	50	48	55	57	58	62	53	39	35	28	29	33	32	37	49	69	89	115	132	150	166	177	183	188	192	194	198	197	198	200	201	202	203	204	205	206	207	208	206	208	209	209	209	209	209	210	210	209	208	207	207	207	206	205	203	202	201	201	199	197	195	192	189	181	169	155	141	127	108	82	60	57	61	46	38	33	43	51	49	47	52	65	88	105	118	126	122	113	109	107	106	106	107	105	106	106	107	103	132	138	143	147	154	159	163	170	172	180	185	188	190	193	194	197	199	202	203	206	205	205	202	199	197	193	186	180	172	169	168	170	170	166	165	168	171	176	181	184	190	193	198	202	204	205	201	196	193	189	187	188	190	191	171	147	164	183	192	192	193	192	192	192	190	188	188	190	188	188	189	189	190	190	191	192	193	194	193	191	192	190	187	185	167	148	187	183	185	183	176	168	179	171	175	179
52	62	83	89	69	48	50	62	64	49	49	65	50	49	43	42	42	48	55	71	98	117	133	147	158	169	178	184	188	195	197	197	200	199	200	200	202	203	204	205	205	205	206	207	206	207	209	209	209	209	209	210	210	210	210	209	208	208	207	207	206	205	204	203	202	202	201	199	199	196	192	187	177	170	161	140	113	78	60	51	45	39	36	33	34	36	42	54	73	88	101	115	136	128	117	117	116	114	115	118	118	119	116	102	131	136	138	146	151	155	162	168	175	182	185	189	192	195	198	201	201	202	202	202	201	198	195	190	183	175	164	160	158	164	170	173	170	168	166	169	174	177	182	185	190	196	199	202	205	203	200	196	191	189	187	187	188	190	190	188	179	166	165	169	174	181	185	191	191	193	187	184	187	187	188	188	190	190	191	192	193	194	194	193	191	195	191	167	162	188	187	189	186	189	210	238	242	242	244	245
62	69	82	72	44	27	31	22	21	29	48	67	61	51	41	39	58	78	103	124	137	149	158	168	177	183	187	189	193	199	199	198	200	200	202	203	202	205	206	206	206	208	209	208	208	209	209	209	209	210	210	210	211	211	210	210	209	209	209	209	208	207	206	205	203	202	201	201	200	199	197	195	192	189	186	178	169	153	122	82	54	38	34	24	15	12	18	26	46	69	93	104	126	142	133	126	125	123	123	122	122	124	123	106	122	136	137	144	151	151	158	168	177	181	184	189	193	195	196	198	199	199	197	195	195	191	183	172	164	160	165	165	163	168	171	170	167	165	165	169	175	180	185	189	193	199	203	203	204	201	198	196	191	189	186	185	185	187	187	192	197	197	196	193	191	187	181	176	176	174	174	174	176	175	175	174	173	171	172	177	179	178	178	179	178	183	184	186	189	188	189	189	187	219	250	251	253	253	253	253
61	72	73	47	15	19	20	16	40	65	77	80	67	56	63	78	105	126	142	155	164	172	180	187	192	195	196	198	201	202	201	202	204	204	205	206	205	207	208	208	209	209	210	210	209	210	211	211	212	212	212	212	211	211	211	211	211	210	210	210	210	208	207	207	206	205	204	203	202	202	201	200	197	194	191	188	184	176	170	153	131	92	62	28	13	13	9	20	39	60	73	92	114	141	136	135	125	119	119	119	119	119	116	100	115	141	137	141	144	151	160	168	177	182	184	189	191	191	195	196	195	192	188	185	181	176	164	158	164	168	169	168	164	166	166	166	165	166	169	173	178	183	189	194	199	201	205	206	205	201	197	197	193	191	187	186	185	183	181	186	194	200	204	205	205	206	204	201	199	197	194	193	192	190	191	192	191	191	193	194	195	195	194	193	193	192	190	189	188	189	187	185	214	248	250	250	252	252	250	250
71	60	42	20	11	14	15	37	67	88	95	94	84	90	105	125	146	161	169	177	185	191	196	200	200	199	202	203	204	205	204	206	207	206	206	207	207	208	208	207	210	211	211	211	211	212	212	212	214	214	214	214	213	213	213	213	212	211	211	211	211	210	209	208	208	208	206	205	205	204	203	203	201	199	196	194	191	186	182	174	167	150	118	70	30	8	9	15	39	66	76	82	106	131	135	133	130	120	118	117	117	119	117	100	97	128	132	135	139	148	159	165	173	178	181	185	188	189	190	188	187	183	178	175	170	163	165	170	170	170	170	161	158	163	164	162	164	168	174	178	183	187	194	199	205	205	206	206	204	203	199	196	195	192	188	188	187	182	179	183	188	193	199	202	202	206	208	208	207	206	206	205	201	200	198	197	195	194	193	194	194	195	193	190	189	188	187	187	187	182	176	150	174	189	188	189	186	186	184	181
51	26	20	15	13	23	40	64	86	109	118	115	118	137	150	162	172	182	189	194	198	201	203	204	206	206	207	208	208	208	208	209	210	209	209	210	210	211	210	210	210	211	213	215	214	213	213	214	216	216	216	217	217	217	217	217	216	214	213	212	213	212	212	211	211	209	208	208	206	205	204	203	202	201	199	198	195	193	190	184	180	171	157	119	73	45	25	22	38	70	88	86	94	122	130	135	140	133	130	128	126	124	122	115	98	117	119	128	135	144	153	160	167	172	176	180	181	183	183	183	180	176	172	170	166	168	166	164	163	163	161	152	141	141	151	157	158	167	175	182	187	191	200	208	210	211	210	207	204	202	197	194	193	191	188	185	185	186	180	183	186	189	192	197	197	200	204	206	208	209	208	208	206	205	204	203	200	198	197	197	197	197	195	192	189	190	188	186	182	172	129	135	153	149	151	153	152	153	154	154
27	16	19	19	25	41	52	73	97	129	143	145	157	168	172	180	191	198	200	202	206	207	208	210	210	211	212	212	211	211	212	212	212	213	212	211	208	207	207	209	208	209	210	211	213	213	213	216	218	218	218	220	220	221	221	221	220	219	218	218	218	216	215	214	214	214	212	210	211	209	207	206	205	204	202	201	198	196	195	192	189	183	176	163	130	76	32	18	39	66	94	97	94	120	125	127	136	138	135	131	128	126	122	112	87	104	113	121	130	138	146	155	164	165	169	174	176	177	173	172	173	171	168	162	159	155	154	154	151	149	146	140	130	118	109	115	129	144	162	175	184	188	190	198	205	208	209	207	205	203	197	192	188	186	183	183	181	183	181	184	183	186	189	194	196	199	203	206	206	207	208	208	207	206	204	204	202	200	198	197	197	196	195	195	191	189	185	181	170	125	115	143	142	141	138	139	138	139	139	138
16	16	17	24	49	55	49	81	123	152	168	174	181	184	187	194	201	204	205	208	210	211	212	212	212	212	212	212	212	212	213	211	206	199	191	184	182	181	181	182	185	189	191	193	197	201	205	209	211	212	216	220	221	221	221	221	221	222	222	222	221	220	219	217	218	217	217	215	214	212	210	209	208	207	205	204	201	199	197	195	195	190	186	179	170	139	72	30	58	79	89	97	83	116	128	116	126	135	132	132	132	130	127	116	74	81	103	115	127	132	135	149	160	165	168	170	172	171	167	167	166	162	151	138	145	142	142	136	136	137	131	122	116	123	123	116	112	110	122	139	158	169	178	184	187	188	189	188	187	184	179	173	170	168	173	176	180	179	181	184	184	184	187	190	193	197	202	204	205	206	207	206	205	204	203	202	202	200	197	196	197	197	195	193	190	184	178	173	131	98	127	118	106	105	107	111	113	118	123	125
16	17	17	35	67	61	69	116	148	170	184	186	186	187	195	202	204	207	209	211	211	212	212	211	212	211	210	210	205	197	191	186	184	183	181	183	182	179	172	167	167	162	161	161	170	177	182	185	190	189	193	199	203	211	214	219	218	220	222	224	223	222	222	221	221	221	219	219	219	218	215	214	213	212	210	209	207	204	200	199	196	193	190	185	177	168	135	63	81	101	96	95	87	113	129	113	113	126	125	127	128	126	124	123	93	52	69	99	120	128	126	136	150	159	163	165	165	161	156	157	155	142	128	109	107	118	126	127	125	127	124	118	111	119	119	119	122	119	117	117	123	135	146	154	155	158	158	155	151	141	137	134	138	151	162	168	172	178	183	184	184	183	185	187	189	193	197	200	203	204	204	203	203	202	201	201	199	198	196	195	196	195	193	191	187	180	174	130	119	139	136	129	115	95	73	69	73	74	76	78
13	21	40	69	71	62	99	136	162	179	186	186	184	191	198	203	208	209	210	212	211	211	209	209	208	210	206	207	208	210	213	215	219	221	223	220	220	218	218	215	208	200	193	182	178	177	182	188	191	194	190	189	193	191	195	204	207	209	216	221	221	222	222	222	223	223	223	222	220	219	218	217	217	216	215	213	211	209	206	204	202	198	195	191	184	177	165	125	89	105	96	89	99	113	131	109	111	118	117	126	129	129	127	127	114	60	59	72	103	117	123	129	138	141	156	160	165	162	155	146	134	126	108	93	91	100	104	108	121	127	118	120	119	121	125	129	126	126	120	113	112	115	120	122	128	126	133	132	130	133	130	133	137	148	156	160	171	178	181	182	181	180	182	186	187	191	194	197	198	199	201	202	201	201	200	199	194	194	194	193	191	186	185	182	178	169	123	93	136	146	147	144	142	139	137	137	140	141	141	142
14	34	63	75	80	88	124	157	173	184	184	182	184	192	197	186	183	189	189	181	187	182	139	103	100	114	122	135	146	159	168	173	183	197	211	223	228	229	227	227	223	221	218	220	216	209	201	195	194	194	194	187	192	199	193	198	202	199	207	217	217	220	224	225	225	225	225	224	223	222	221	220	219	218	217	215	215	213	210	208	206	202	199	195	189	182	174	158	113	94	109	82	94	111	136	112	110	113	99	104	112	119	114	110	104	67	49	54	79	89	106	101	116	138	147	157	169	174	164	150	144	144	140	137	133	134	118	94	98	111	114	117	119	132	138	133	134	137	137	133	138	133	123	110	124	121	127	132	128	122	129	135	138	147	158	162	169	172	178	179	180	177	178	182	186	189	189	190	191	193	195	197	196	196	195	194	193	192	189	188	185	183	179	173	164	121	113	146	150	151	148	149	148	148	147	147	149	149	149	149
24	51	70	71	86	116	142	157	155	136	111	104	96	93	85	84	77	86	90	99	117	149	152	144	142	139	115	112	120	129	143	148	153	149	147	150	153	155	150	153	160	181	196	209	213	215	215	212	215	208	206	200	200	204	201	197	199	202	208	214	216	219	222	223	224	226	226	224	225	223	225	221	218	218	218	217	215	214	213	212	210	206	204	200	195	188	180	171	142	104	117	98	97	112	136	115	108	112	97	91	86	86	77	64	59	55	41	44	53	82	68	75	99	120	123	143	160	172	167	161	165	170	174	168	159	153	148	139	127	125	127	125	117	116	124	139	149	161	170	171	165	161	143	131	137	139	136	134	130	129	140	148	144	154	162	163	163	162	169	170	169	174	175	180	186	191	190	191	191	192	194	195	195	194	192	190	188	187	183	182	177	175	162	137	96	106	147	150	151	150	150	150	150	149	149	150	152	152	150	151
34	50	58	68	88	70	29	14	7	4	8	28	34	33	46	57	95	142	153	154	149	137	145	126	106	100	109	154	193	208	217	216	217	218	218	215	219	215	210	203	191	172	156	141	139	141	153	164	178	200	212	213	213	213	212	207	206	207	210	213	218	219	220	222	225	227	227	225	225	223	225	221	219	219	218	218	216	215	214	213	211	208	207	204	198	192	185	176	163	132	114	111	100	114	140	132	115	112	100	81	80	69	59	47	35	30	31	31	33	61	49	55	91	97	112	142	155	169	170	172	172	171	178	174	165	163	160	158	154	154	153	156	158	157	151	144	143	147	157	169	172	174	170	161	156	154	149	142	142	148	153	154	155	158	159	157	161	158	162	162	159	171	171	174	179	189	192	194	194	194	192	191	192	191	188	185	182	179	175	168	163	155	128	74	88	139	153	153	153	153	153	154	155	155	154	153	155	154	155	154
39	47	63	78	56	20	21	37	59	79	102	120	137	151	163	174	182	190	194	194	183	164	142	149	140	112	165	203	214	215	214	213	212	211	206	204	208	215	208	207	207	209	217	216	212	209	202	189	166	143	135	137	154	191	213	216	216	214	216	216	217	219	219	224	224	223	223	224	223	223	221	220	219	218	218	218	216	216	215	214	213	212	209	207	202	197	190	182	174	155	129	126	113	118	140	139	125	115	112	92	70	68	57	36	29	13	11	14	10	31	39	47	61	99	104	129	159	168	168	168	171	170	172	172	170	168	168	171	174	176	179	176	178	177	179	182	183	183	181	174	172	172	168	163	156	149	142	136	137	143	143	143	147	146	144	142	144	142	147	135	132	160	164	169	177	183	190	194	194	193	191	188	189	185	183	179	173	168	163	158	145	100	84	116	150	158	159	158	158	157	156	156	157	158	156	157	155	154	154	154
46	69	85	76	70	99	116	128	137	146	154	156	162	165	169	173	174	177	179	180	180	184	179	151	132	143	195	210	202	202	202	203	202	199	197	194	197	209	202	196	195	197	206	204	196	196	198	200	202	200	195	190	177	144	128	138	165	201	219	217	219	222	222	225	225	225	224	223	223	222	219	217	214	214	213	213	211	211	211	213	213	212	211	209	205	200	194	188	178	166	140	137	129	126	136	138	125	116	115	105	85	68	60	62	26	20	16	9	10	19	40	31	48	91	105	128	141	147	155	163	170	173	173	175	173	173	174	178	183	188	189	190	194	192	192	193	194	196	193	193	192	193	193	192	189	185	180	175	169	161	157	154	152	152	154	156	161	158	158	156	152	153	169	172	173	182	190	193	191	187	186	187	183	176	170	166	159	154	138	108	87	73	112	143	148	142	139	134	129	119	116	114	110	105	101	97	89	85	86	88
64	70	73	95	133	160	171	182	186	190	193	192	194	194	194	195	196	195	194	193	190	190	186	157	127	171	210	211	214	210	208	206	206	199	195	187	187	203	202	191	192	196	205	206	197	196	198	195	191	190	192	193	194	198	200	194	175	142	141	175	213	221	222	224	223	222	221	220	218	214	212	210	207	207	205	204	203	202	203	201	200	200	199	203	204	201	197	191	182	172	148	132	126	127	130	139	130	120	115	112	97	77	64	67	57	19	14	8	14	22	22	21	34	56	101	117	127	132	152	161	169	175	177	176	177	179	179	179	181	183	185	190	189	193	194	193	197	198	200	200	203	204	203	201	201	200	199	198	196	194	191	189	185	185	184	182	182	185	185	183	179	176	180	177	178	188	191	188	184	181	178	181	175	166	149	146	144	121	99	68	71	99	115	115	119	120	121	124	129	131	131	131	131	128	127	121	97	65	87	98
48	52	91	136	161	178	187	194	198	200	201	201	202	204	204	203	203	203	202	201	199	197	193	165	151	207	224	225	222	219	216	211	209	202	195	175	149	166	181	141	147	150	166	186	175	175	188	188	194	191	185	182	187	193	196	197	200	199	194	159	118	141	197	220	218	217	216	215	213	208	206	203	199	197	195	192	187	186	185	181	173	170	170	171	169	175	182	183	181	174	165	128	130	128	129	134	131	129	122	114	102	87	75	69	76	56	24	8	20	18	10	14	31	62	83	102	109	125	141	160	171	177	179	180	181	183	183	183	181	183	186	186	185	185	182	179	189	190	191	191	196	199	203	205	206	206	204	200	201	198	195	192	191	189	190	194	197	199	198	196	192	189	192	190	187	189	185	180	176	170	172	168	157	150	142	130	93	85	78	64	60	66	64	60	56	49	45	34	29	20	18	14	10	9	7	5	6	6	5	5
35	65	114	151	169	183	189	194	197	199	202	204	205	206	207	208	209	209	209	207	206	204	202	190	189	229	248	239	237	237	237	237	238	232	229	220	204	190	196	178	151	141	150	177	168	157	185	191	183	185	192	191	188	186	190	197	200	198	198	197	185	135	88	113	178	211	210	209	206	201	196	191	186	183	181	181	178	176	175	169	161	153	145	137	127	112	118	133	152	161	174	146	120	123	122	133	138	134	132	127	108	98	86	73	76	76	49	23	13	15	12	8	17	40	64	75	95	102	132	164	178	180	183	186	187	187	186	185	186	186	184	183	180	179	170	166	178	183	185	184	189	193	196	196	197	197	197	195	194	192	192	192	193	194	196	198	198	198	198	198	196	195	192	191	186	179	169	168	165	164	159	141	116	124	120	81	66	61	37	14	14	6	5	4	3	2	2	3	1	2	2	2	2	2	2	2	2	2	2	2
39	81	129	154	169	182	186	191	193	198	203	204	208	210	212	214	214	215	216	216	215	215	213	199	196	223	241	241	237	234	235	231	230	236	245	242	231	219	214	214	204	182	177	185	193	202	227	213	201	193	189	193	194	195	197	198	201	199	196	198	195	182	151	121	107	106	125	161	190	189	181	172	170	170	173	179	182	183	183	180	175	168	160	153	141	131	115	105	101	109	130	154	127	123	110	128	145	143	134	134	115	98	100	81	74	84	72	33	4	4	10	8	6	25	38	59	87	106	138	163	177	184	184	188	193	193	192	190	189	189	189	191	188	187	181	174	169	169	173	180	182	184	187	190	189	191	192	192	193	193	193	194	197	196	197	198	197	196	196	195	196	193	189	182	174	163	156	147	149	141	128	106	107	102	85	59	56	22	8	5	5	6	6	5	3	2	2	2	4	3	3	3	5	5	5	4	4	4	4	4
56	92	131	157	167	175	183	190	195	201	208	210	214	216	218	219	221	222	223	223	223	222	220	210	186	200	231	234	231	227	231	236	233	230	227	223	212	209	209	215	217	206	200	203	210	207	223	227	220	217	218	209	205	202	202	201	199	197	197	196	192	181	172	159	147	138	105	81	81	79	77	88	99	112	119	123	119	120	118	122	126	128	130	132	134	134	132	123	107	88	76	89	109	109	105	114	138	143	123	123	115	97	94	90	70	76	86	50	12	8	32	38	16	10	17	36	70	97	120	141	160	172	178	184	190	192	194	194	193	192	192	192	192	194	195	195	196	190	190	192	189	190	189	190	190	191	193	194	196	196	195	195	196	197	197	196	197	197	196	194	192	188	185	178	162	150	133	122	120	106	88	84	80	58	62	65	81	95	106	143	187	193	191	156	58	5	3	2	2	2	1	1	2	2	2	2	2	2	3	4
65	94	123	149	165	172	181	189	198	204	211	214	218	221	223	225	226	224	224	225	223	223	222	219	186	147	209	228	230	229	228	234	232	228	224	220	212	209	212	210	211	206	201	203	210	210	205	210	215	220	225	217	214	212	205	202	203	202	203	199	191	179	168	143	134	125	108	113	110	93	46	8	6	20	53	76	117	151	172	184	184	183	177	168	152	132	120	106	95	88	86	72	70	75	83	89	119	134	124	110	110	104	88	87	86	68	80	81	45	20	31	65	65	29	14	21	41	63	90	119	137	147	157	172	178	181	185	187	188	189	190	190	188	190	194	198	199	198	200	201	196	198	201	200	195	195	196	199	198	198	198	197	198	200	199	195	188	192	192	190	189	186	179	167	144	124	124	112	99	76	52	55	44	52	108	91	60	26	69	93	135	177	205	205	106	16	5	3	1	1	0	0	0	0	0	0	0	0	1	2
64	93	119	141	157	171	180	190	200	206	214	218	222	224	224	226	228	227	227	227	225	224	223	222	216	170	131	206	228	228	228	231	225	222	221	220	217	216	217	216	215	211	207	207	213	213	209	206	211	218	227	217	211	214	214	209	208	207	205	198	185	179	150	106	121	171	189	192	184	157	94	39	27	48	105	169	189	195	190	191	193	195	194	190	187	188	189	186	183	176	156	132	96	77	64	46	75	114	115	108	104	90	94	84	88	85	73	78	81	48	32	58	78	53	36	16	17	29	48	82	104	125	137	150	160	171	177	183	179	182	182	183	187	191	198	192	190	194	196	193	192	198	197	200	201	201	201	200	201	200	199	198	198	195	192	193	188	179	174	178	177	172	163	143	109	96	93	80	47	48	54	89	107	120	139	110	36	33	68	75	83	88	91	94	102	101	93	86	66	33	7	3	2	1	1	1	1	1	0	1
63	82	107	132	151	170	182	191	200	209	218	221	224	226	226	229	229	229	228	228	226	225	226	226	223	216	181	118	156	215	225	230	226	223	224	222	221	220	223	222	219	221	217	215	220	222	217	213	215	219	226	222	213	216	216	213	213	209	202	191	183	158	114	141	190	207	206	203	199	188	161	100	99	86	153	175	184	190	187	187	190	189	187	185	183	181	177	178	177	178	172	157	120	103	104	109	86	71	80	101	101	86	84	90	88	88	80	72	79	63	19	41	78	59	41	31	21	27	27	65	85	109	126	135	141	153	167	169	168	173	174	183	185	184	190	187	191	187	188	191	186	190	189	194	195	195	198	197	199	200	199	197	195	186	176	175	170	166	160	156	161	155	133	89	63	53	62	54	65	56	116	151	150	149	133	80	44	67	72	72	76	82	81	82	81	84	94	100	93	97	97	74	44	23	13	13	12	8	3	1
67	80	96	121	140	163	180	193	200	209	217	221	224	226	227	228	229	229	228	227	227	230	231	230	227	226	222	208	156	118	141	186	215	225	224	225	225	226	230	228	220	224	224	221	222	226	224	219	220	223	229	225	218	221	220	218	218	205	196	183	148	126	168	198	206	209	210	206	202	192	179	107	129	136	183	195	200	196	193	191	193	192	191	189	181	176	170	165	165	169	164	151	111	133	189	123	112	110	114	96	57	57	70	84	86	86	83	73	75	71	28	16	61	61	45	34	36	24	23	42	70	107	114	111	127	133	144	145	155	157	155	162	178	180	178	180	182	179	178	183	174	176	176	185	185	178	178	179	186	182	185	184	185	176	154	142	136	145	151	147	141	131	101	52	33	35	69	80	103	157	166	158	151	148	101	68	74	75	80	74	80	82	83	85	79	88	97	101	98	94	92	97	102	104	94	60	25	5	2	3
73	78	89	107	128	156	178	193	201	209	215	219	222	224	223	223	226	227	228	229	229	230	231	232	232	229	231	226	226	220	202	177	163	160	160	174	201	218	227	228	225	225	224	223	223	223	224	224	224	226	230	226	222	222	220	217	213	196	176	149	157	193	207	210	213	213	213	211	206	200	190	125	103	154	200	217	225	214	205	203	198	194	186	184	181	175	166	156	153	156	152	134	73	66	83	90	93	103	107	105	128	85	14	23	57	80	82	73	71	77	44	10	24	54	47	41	42	35	28	38	51	69	80	90	88	110	118	132	135	132	142	153	168	166	160	170	174	179	176	172	158	156	159	165	160	151	153	166	167	156	154	152	155	145	135	104	104	109	109	108	90	69	62	71	92	134	161	173	173	171	164	154	150	113	75	81	81	80	87	86	87	90	86	99	106	108	106	101	102	99	96	99	102	100	103	103	110	99	64	33
72	86	90	95	116	148	174	189	200	207	212	216	220	221	221	223	225	225	227	229	231	232	232	233	233	233	234	234	234	234	231	228	220	217	203	174	145	130	130	134	148	168	184	201	207	215	217	218	223	224	220	217	214	208	200	186	164	156	171	195	209	213	213	216	216	216	215	214	214	208	200	177	96	152	194	196	201	197	199	207	202	193	186	141	152	168	164	153	145	145	142	113	47	47	36	67	67	78	91	100	108	173	70	33	30	40	82	77	69	78	74	25	15	30	48	51	51	45	47	41	28	31	37	44	55	80	95	108	105	117	137	142	148	144	145	151	155	160	162	147	148	145	135	139	136	128	126	129	136	134	130	133	122	95	81	74	67	78	81	80	95	118	143	157	166	172	177	179	178	170	153	137	99	87	88	95	96	99	98	94	96	90	97	111	110	112	110	104	106	105	103	107	109	110	108	110	113	110	114	111
76	83	92	93	107	140	168	184	197	203	208	213	218	218	219	223	224	227	229	229	231	232	234	235	235	235	234	234	235	234	233	233	233	234	229	225	221	215	212	198	184	165	151	146	158	163	158	145	136	138	150	155	152	151	154	161	177	196	210	215	218	219	221	221	222	220	219	219	217	216	209	199	160	139	190	193	189	190	197	207	204	185	184	172	136	136	146	142	137	138	136	75	16	25	28	50	61	65	79	86	102	174	120	22	42	68	77	72	70	77	81	51	22	26	46	49	52	53	53	44	38	43	32	18	29	49	62	63	79	91	108	106	100	109	121	129	129	128	132	128	136	127	116	123	123	114	111	112	110	94	104	104	73	58	56	63	71	85	121	138	155	162	173	178	183	182	183	184	178	156	121	94	94	93	94	97	104	105	108	105	105	112	116	119	116	110	103	107	110	110	113	117	116	114	115	115	111	106	106	114
75	86	94	98	107	137	162	180	193	200	203	211	217	220	222	225	226	228	230	231	233	234	235	237	235	234	234	233	233	233	233	232	230	231	229	227	225	223	219	216	211	207	202	198	192	189	183	176	173	185	195	200	205	209	212	212	214	216	221	224	224	225	229	231	230	228	225	222	220	218	215	207	199	161	168	200	193	196	200	202	205	194	189	184	172	152	125	108	117	129	119	39	6	16	15	26	39	49	76	84	89	159	72	14	32	55	66	66	67	73	80	72	49	33	34	49	52	60	61	59	59	56	51	52	36	25	30	19	25	31	63	44	58	70	89	82	92	92	91	99	101	89	97	101	98	93	76	79	70	61	79	78	60	79	99	117	138	149	157	167	173	179	185	189	190	189	188	181	153	106	98	101	101	105	105	105	109	108	102	101	112	115	117	117	117	114	108	108	111	113	116	117	117	116	116	113	111	108	106	101
72	92	104	105	108	134	159	178	190	199	204	213	218	221	223	226	227	229	231	232	233	234	235	237	234	234	234	234	233	233	233	233	229	229	225	221	219	218	214	211	209	206	203	201	201	205	203	192	195	205	212	214	219	222	223	222	224	225	223	221	220	221	222	225	229	228	226	223	222	221	219	211	205	191	134	168	202	205	206	212	214	205	200	195	188	176	161	145	139	135	112	15	3	6	19	43	41	55	79	98	118	140	46	48	60	68	70	64	61	61	74	78	61	44	42	50	54	65	74	72	72	68	63	65	63	64	49	50	49	44	38	35	27	34	32	29	34	31	26	46	59	44	53	47	60	55	35	52	60	74	101	115	127	143	150	159	167	174	178	184	188	190	193	194	192	191	179	141	108	109	114	109	108	109	105	103	107	106	110	116	116	119	119	116	113	111	104	111	115	116	116	116	113	114	114	110	109	106	104	102
79	91	108	116	113	134	159	176	189	203	211	216	222	225	225	227	230	231	233	234	235	236	236	237	237	236	235	234	232	234	232	230	225	223	221	218	216	212	208	207	205	206	209	216	218	220	217	213	203	204	209	211	210	207	199	194	194	201	206	211	215	217	217	218	219	220	219	217	219	218	213	205	197	189	154	84	120	199	216	218	218	214	208	205	198	192	180	172	167	154	126	22	7	27	55	62	51	47	49	75	142	85	62	76	72	69	74	67	60	65	70	73	72	50	44	48	51	65	75	78	79	79	79	77	73	79	81	81	83	86	89	90	91	90	87	88	80	69	66	80	78	77	79	85	96	104	106	125	135	145	149	158	164	168	171	176	181	185	188	192	194	197	196	195	190	164	120	113	111	107	107	109	106	104	104	99	103	113	115	114	114	116	118	114	107	100	97	105	105	105	113	107	108	109	113	113	111	102	98	94
84	90	105	123	127	137	162	179	193	208	217	223	226	227	228	231	234	235	236	238	239	238	238	237	238	238	236	234	232	231	227	224	222	216	214	211	208	207	208	212	219	224	225	227	225	226	225	223	220	217	215	212	212	203	188	179	181	184	193	197	196	203	210	210	208	208	207	207	207	205	198	189	183	182	179	177	141	91	130	202	217	212	208	205	202	197	189	185	179	172	154	71	10	25	20	11	10	10	43	125	100	45	74	83	76	81	79	77	58	59	68	72	76	62	52	52	52	61	79	87	87	87	89	89	85	85	90	93	96	101	105	105	111	112	112	115	119	118	119	121	124	129	132	138	141	148	157	160	164	168	169	175	178	182	185	189	192	191	194	196	198	197	196	169	133	109	111	111	106	95	94	99	95	94	98	110	113	114	114	111	111	112	108	103	102	102	103	107	111	110	111	107	110	106	108	110	108	95	92	83
89	96	114	130	137	144	169	186	200	213	223	228	229	232	233	236	238	239	239	238	238	239	239	239	238	237	234	230	227	223	218	214	209	206	209	211	217	222	225	229	231	232	231	231	229	229	228	227	227	227	228	229	229	230	230	230	228	224	222	220	216	212	208	203	197	195	197	194	189	182	183	182	185	181	181	184	188	187	163	131	139	148	181	204	207	199	196	190	188	180	172	134	23	17	20	8	5	34	102	74	17	39	68	78	81	80	73	75	59	51	65	70	76	73	65	57	55	62	79	90	96	96	97	102	101	101	101	102	107	109	114	119	123	125	124	129	131	133	134	138	142	147	151	156	161	164	169	174	177	180	184	188	186	187	190	193	195	196	197	198	193	164	120	105	114	110	112	99	95	92	93	93	93	105	112	109	111	111	112	114	109	110	100	93	96	103	110	110	110	111	108	106	110	109	106	104	102	100	88	80
99	105	114	130	142	151	172	190	205	217	227	232	234	236	236	238	241	241	241	241	239	239	239	238	235	234	228	222	215	210	209	213	218	226	230	233	234	233	235	236	235	236	236	236	234	234	234	235	236	237	237	236	235	234	233	232	228	223	220	217	212	205	199	192	186	180	173	144	109	120	160	181	182	177	179	187	194	199	199	200	197	174	131	110	113	135	158	178	184	182	175	153	57	13	18	35	75	80	35	9	21	34	65	71	81	82	78	76	65	42	53	61	71	73	70	66	64	72	82	93	101	101	105	109	110	114	119	122	125	127	130	134	136	138	140	141	143	148	152	156	158	162	165	169	172	176	180	181	183	184	186	188	189	190	193	196	198	197	187	152	117	102	111	104	97	98	100	90	89	89	88	99	107	109	107	104	113	114	114	110	103	101	101	95	103	108	108	110	111	112	110	108	110	109	103	103	102	99	92	82
107	109	115	130	144	154	174	192	207	217	227	234	238	240	240	240	242	243	244	244	244	242	239	239	234	226	215	213	217	228	232	236	238	239	240	240	240	240	240	240	240	240	239	239	239	241	242	242	242	243	242	242	240	238	237	235	232	227	221	217	213	213	210	207	205	202	197	186	162	147	165	176	183	184	183	193	202	208	213	214	213	210	205	202	196	170	141	121	111	107	106	91	61	52	50	38	15	2	2	7	15	27	61	70	75	79	74	75	67	47	43	47	64	72	77	75	76	79	88	101	112	117	115	117	120	123	128	132	140	143	147	149	151	154	156	158	160	164	168	170	171	173	175	178	181	183	185	185	188	189	190	190	194	196	198	195	172	143	109	110	106	105	100	100	99	93	86	85	90	99	107	110	109	109	108	111	111	113	114	113	110	108	107	98	103	107	109	113	113	111	112	110	111	109	105	101	106	109	104	93
107	107	114	123	141	153	169	189	207	218	229	236	241	242	241	242	244	245	246	246	246	244	240	238	230	222	225	233	236	236	236	235	235	237	238	239	239	240	240	240	241	241	241	241	240	242	243	243	242	243	243	242	241	239	237	237	234	231	227	224	223	225	224	221	218	214	206	198	192	190	186	188	192	197	195	199	206	212	217	218	223	223	222	219	214	209	201	193	189	181	177	145	32	4	3	2	1	1	2	6	12	12	43	68	66	69	72	66	62	60	49	45	57	65	80	86	82	88	98	109	120	130	128	128	131	134	138	141	146	150	155	159	161	164	165	168	172	174	177	178	179	181	183	184	187	187	190	192	195	195	197	199	193	177	147	116	111	108	112	110	104	101	101	96	90	85	92	103	108	109	110	111	115	117	118	114	113	114	117	112	108	111	106	105	112	113	116	116	114	113	116	114	113	113	111	110	114	107	105	100
108	110	119	125	136	152	164	181	202	218	228	237	242	244	244	243	243	244	245	246	246	246	243	241	232	229	237	238	235	232	228	223	216	221	219	221	221	223	223	226	227	229	231	231	232	234	235	234	235	235	235	236	235	235	235	235	236	234	228	227	227	228	230	230	227	220	215	205	199	195	193	195	200	205	206	206	209	214	219	222	224	223	223	223	221	218	213	208	206	197	189	150	28	2	2	1	0	0	0	3	6	10	33	67	64	55	62	64	53	49	40	36	57	57	74	86	91	99	111	120	130	135	136	136	138	140	146	149	153	157	163	167	169	171	175	179	183	184	186	187	188	190	192	193	195	196	196	197	195	185	165	139	121	107	102	109	109	108	110	104	97	95	96	98	100	110	112	114	114	115	117	117	120	122	122	121	120	120	118	117	112	110	107	104	112	116	116	119	124	122	119	113	111	113	114	110	113	114	107	99
102	105	121	121	124	143	164	182	198	215	227	235	241	243	244	243	244	245	247	247	246	246	245	243	237	235	238	239	239	240	236	227	189	158	177	185	180	193	210	211	202	207	214	219	218	217	219	222	225	224	224	223	224	223	223	223	224	225	224	225	225	225	226	226	223	218	211	207	203	200	198	200	204	206	210	208	209	214	220	224	224	223	224	224	222	218	213	208	204	196	186	130	11	0	0	1	1	0	0	4	8	24	19	48	61	51	43	60	68	51	34	31	47	54	59	62	67	87	108	124	139	144	144	142	145	148	153	154	156	160	164	167	174	181	186	187	183	189	194	196	197	198	198	199	195	186	168	144	122	103	105	112	116	114	108	108	108	109	104	99	99	106	115	121	122	122	120	115	114	114	116	125	127	124	126	123	122	122	120	114	112	112	108	110	118	122	124	121	124	121	120	121	121	122	117	115	118	116	109	105
92	99	110	120	116	123	156	174	193	212	224	232	240	242	244	245	244	245	247	248	249	246	246	244	240	238	238	241	242	242	241	239	235	216	209	225	224	232	244	244	235	230	240	247	246	240	240	240	240	235	225	223	220	219	218	220	217	218	217	214	211	205	203	204	204	205	204	203	201	201	199	201	204	206	209	211	209	215	222	224	225	226	225	223	222	218	212	207	204	193	173	65	1	1	0	2	1	0	1	3	12	16	16	21	37	58	43	45	69	49	36	28	41	67	59	43	30	35	43	56	84	108	125	135	143	147	150	156	163	172	173	182	188	194	196	197	195	198	200	198	194	186	164	143	123	116	110	116	114	108	110	112	112	113	111	111	108	108	108	111	117	123	128	123	119	116	116	118	117	121	121	126	127	125	127	127	126	123	117	118	116	110	112	115	121	125	125	121	126	126	121	121	119	119	117	114	111	116	108	101
78	86	94	108	113	110	144	171	189	207	219	228	237	240	242	243	242	243	246	248	249	246	246	245	241	240	241	242	242	241	241	242	242	241	235	222	218	231	238	238	231	231	238	239	237	233	238	245	249	248	247	248	247	243	237	226	217	214	213	206	198	191	189	189	191	191	192	190	195	197	198	201	203	205	208	210	208	216	223	226	226	225	221	221	220	216	210	205	195	180	115	12	1	1	1	1	0	0	4	8	14	11	7	11	12	41	50	43	66	53	31	27	47	70	60	36	28	28	37	40	41	45	60	68	86	104	117	132	149	152	163	168	171	172	169	160	154	146	134	122	122	108	109	111	111	107	111	113	106	106	107	110	110	110	108	108	110	113	124	124	121	129	122	125	118	116	117	119	120	122	126	130	129	130	126	123	122	123	119	116	114	112	121	121	121	124	126	124	127	126	119	118	120	118	116	115	115	109	104	101
69	61	71	88	101	110	128	164	183	203	215	225	234	239	239	240	243	244	247	247	247	245	245	245	242	243	244	244	243	242	242	243	242	242	242	240	232	220	211	210	215	219	221	220	221	223	223	220	222	224	231	239	246	249	250	245	241	237	234	228	218	198	193	178	166	165	167	173	178	184	192	199	201	203	207	210	207	213	225	226	226	225	221	219	216	210	202	193	179	126	16	3	0	1	0	0	0	4	9	11	10	8	5	6	7	19	38	46	52	67	40	39	57	69	65	36	24	31	39	43	41	40	50	57	73	78	80	80	91	94	98	104	99	100	103	102	106	109	108	108	108	107	107	109	112	114	112	111	111	112	112	111	111	112	114	120	120	117	122	127	125	122	116	118	119	121	123	129	128	129	134	133	129	125	122	117	118	119	117	118	111	112	119	123	128	129	125	125	124	124	120	116	119	114	111	109	114	109	110	106
63	49	53	73	85	99	116	154	179	201	211	220	232	240	242	244	245	244	245	247	247	246	247	246	242	243	244	244	243	242	242	243	243	241	243	242	240	238	231	224	217	214	212	214	215	218	222	224	223	222	220	219	218	222	225	230	233	240	240	238	231	224	222	207	202	192	98	92	140	165	178	191	197	204	211	215	212	217	228	228	229	227	220	215	208	197	189	168	104	17	3	2	0	0	0	0	3	9	9	7	5	7	6	5	5	9	19	30	49	58	59	54	58	72	79	54	28	31	37	40	50	53	58	63	73	77	82	80	87	90	98	99	103	102	101	98	99	108	105	108	111	108	107	110	115	112	107	109	112	108	110	117	121	118	116	120	124	127	128	121	118	118	118	123	130	129	125	129	131	129	130	129	126	127	124	124	117	114	112	107	110	116	123	126	124	124	124	124	121	120	117	116	118	112	106	108	110	108	102	101
55	52	42	54	72	87	105	141	171	192	210	217	225	235	242	244	246	245	244	245	246	246	246	246	247	246	246	245	245	245	245	245	243	242	242	243	243	244	242	240	237	233	229	226	224	217	213	210	210	214	217	218	217	216	216	213	210	212	214	212	208	208	205	203	207	182	73	70	121	149	167	184	195	206	218	220	220	225	232	233	232	225	217	209	194	177	155	85	9	2	0	2	1	0	1	2	3	4	3	2	3	4	6	7	6	6	12	17	41	57	72	64	60	74	82	61	44	38	36	38	45	55	61	66	75	80	82	78	90	101	99	102	103	101	102	104	105	108	110	107	101	104	108	104	106	110	115	118	122	118	115	114	113	119	124	123	126	127	128	124	120	119	126	125	124	127	130	131	130	127	125	124	123	124	120	122	123	117	112	109	113	116	126	131	134	129	123	123	124	120	120	119	119	117	114	112	113	110	105	104
38	46	45	41	55	73	94	129	164	186	208	219	223	231	239	243	246	247	246	245	246	246	247	247	247	247	247	246	246	245	244	244	243	242	242	243	245	245	245	245	243	242	240	238	234	232	229	224	219	208	199	195	198	205	208	209	210	211	211	208	205	203	203	195	189	170	111	125	154	165	178	198	209	222	230	231	234	238	241	237	228	219	206	191	172	156	78	7	3	2	4	2	2	1	1	2	2	2	3	4	6	7	8	7	7	6	8	15	42	68	68	73	71	79	85	74	31	29	32	37	47	59	70	79	86	88	90	89	91	96	98	103	100	102	106	106	103	107	110	108	112	114	115	116	114	111	113	116	108	111	118	125	128	126	127	130	130	127	117	117	121	127	126	131	130	135	134	128	125	124	126	127	127	129	126	126	117	114	117	114	113	120	125	132	133	132	129	121	118	124	122	116	117	115	114	116	116	111	107	101
33	41	51	40	39	52	88	123	158	180	204	219	226	232	239	242	244	245	245	246	246	246	247	248	250	249	248	247	246	245	244	242	242	242	242	242	244	244	245	245	246	246	245	244	242	240	236	232	227	224	222	219	214	205	195	187	188	189	191	191	193	194	192	189	185	183	168	164	183	196	205	215	228	233	238	240	242	243	242	236	223	206	191	184	171	96	10	6	9	10	9	6	3	3	5	6	8	10	12	12	11	12	14	11	10	11	14	21	38	55	73	72	71	83	87	91	43	37	44	47	49	59	63	77	84	95	103	106	105	106	109	112	109	111	108	112	116	117	116	114	108	108	109	110	110	105	110	107	114	125	131	128	133	129	128	128	123	119	116	119	125	132	134	136	136	132	136	131	134	132	133	132	128	131	126	123	119	119	117	117	115	119	129	132	127	127	128	128	125	123	123	121	119	119	115	107	113	107	103	97
21	33	46	47	43	41	73	108	151	174	200	217	227	232	238	241	243	244	245	245	246	246	247	248	250	250	248	247	246	245	244	242	241	241	241	241	244	244	244	244	245	245	246	245	244	243	241	238	234	230	228	224	221	216	214	211	209	209	204	197	185	175	163	156	161	163	167	186	200	207	216	223	231	237	243	246	246	243	236	223	205	195	196	186	123	25	24	23	23	18	13	10	13	17	21	24	26	22	21	23	23	25	28	26	21	22	24	29	44	51	66	77	76	78	89	97	58	36	41	41	54	64	70	85	94	101	106	111	110	110	114	110	111	112	112	112	115	115	114	114	113	114	112	109	103	108	118	120	121	133	136	128	134	132	128	124	125	119	119	128	130	136	140	138	136	134	139	137	139	133	130	135	136	135	128	126	118	115	110	107	111	122	131	131	134	134	133	132	131	123	119	119	121	120	113	113	112	108	103	94
14	21	44	40	45	55	62	111	152	170	192	214	230	235	237	239	241	242	244	246	245	247	248	248	248	249	248	247	245	245	244	243	241	241	240	240	241	242	242	243	244	244	244	243	242	242	241	241	237	235	233	230	226	224	221	217	215	212	209	207	202	198	190	185	185	189	191	198	205	212	219	224	235	242	244	245	243	234	219	204	200	203	191	149	54	32	32	34	38	37	38	39	38	41	40	40	42	41	39	38	35	36	35	32	32	27	27	33	46	57	72	78	73	80	86	92	75	47	41	56	70	79	87	96	99	106	108	105	107	111	114	118	114	113	110	112	111	111	116	112	111	106	101	106	115	118	127	136	139	136	136	132	129	127	124	121	122	127	129	129	135	139	140	139	136	132	134	135	134	136	138	139	132	131	130	128	125	122	112	109	112	120	129	130	134	134	137	134	130	125	119	121	122	122	115	111	107	98	92	109
11	25	38	40	40	39	51	104	146	169	192	210	227	234	237	238	242	243	245	246	245	245	247	249	249	247	245	245	245	245	243	243	242	242	241	241	241	241	241	241	241	241	241	240	239	239	239	238	236	235	233	232	231	228	226	223	220	217	214	211	207	203	197	194	192	193	198	204	209	212	218	228	240	243	240	236	230	215	202	201	204	195	151	53	26	27	30	37	38	39	43	49	50	55	63	65	64	56	41	27	25	28	29	27	28	30	38	40	52	58	71	75	72	74	77	84	78	61	57	73	77	89	89	95	98	105	110	110	111	110	110	114	110	112	117	118	113	112	115	108	100	100	109	122	129	135	134	134	130	137	133	128	129	126	126	128	133	132	132	136	138	136	134	134	133	134	134	133	136	133	132	133	130	135	133	127	119	114	106	116	123	125	132	137	136	129	134	129	127	119	117	122	124	117	115	112	109	106	91	116
60	76	90	96	66	65	60	85	139	169	191	211	220	224	233	236	241	243	244	245	245	246	246	246	246	246	246	246	245	245	245	244	243	243	242	242	241	241	240	240	239	240	239	235	235	235	234	233	232	231	229	227	228	228	227	224	225	223	221	218	214	210	205	200	196	197	201	206	209	212	220	232	240	240	234	223	210	197	197	205	191	145	58	33	38	37	38	39	43	45	43	40	39	37	36	30	28	20	19	24	32	38	40	38	39	35	41	44	47	57	66	76	75	71	72	80	80	72	71	83	87	92	94	95	99	105	108	109	108	108	110	112	114	112	118	118	117	115	107	101	104	118	122	130	135	136	133	129	127	130	130	124	123	124	123	123	132	133	137	141	140	138	136	135	132	135	133	134	136	136	136	133	130	131	134	134	122	119	108	110	116	123	133	133	136	136	133	132	128	120	119	120	122	120	112	110	109	101	109	126
122	122	127	134	118	82	80	90	127	164	189	206	217	222	225	230	237	241	242	244	245	244	245	244	245	244	244	244	242	243	244	243	243	243	242	242	241	241	240	240	240	240	238	236	235	233	231	229	229	228	227	227	227	225	223	223	224	222	219	217	214	208	201	196	194	199	204	208	210	215	224	234	237	231	218	202	193	196	199	185	121	26	13	16	19	20	19	19	17	16	18	20	21	25	25	22	22	25	33	43	45	50	48	41	35	39	48	45	48	55	61	70	72	71	71	76	82	76	72	75	86	89	89	89	94	95	102	105	105	107	112	119	123	120	115	111	109	98	96	112	123	131	131	133	135	133	125	124	126	126	126	123	126	126	127	129	133	132	136	142	139	137	136	137	135	134	134	135	137	135	136	137	137	136	136	132	127	117	112	108	118	127	135	139	142	139	138	134	131	124	121	127	127	123	120	116	113	107	120	134
167	165	165	162	153	117	98	115	126	155	181	197	210	221	225	227	231	233	238	241	242	242	242	241	241	242	242	241	242	242	244	245	245	245	244	243	241	242	241	240	239	239	238	237	237	234	232	231	229	227	224	223	222	222	222	222	221	220	219	216	212	203	198	198	201	205	207	208	207	214	223	229	224	214	198	191	192	194	174	100	19	9	10	13	13	13	12	12	15	16	19	19	22	22	22	22	25	31	36	37	40	39	46	45	42	43	53	46	43	51	54	64	70	68	67	72	83	77	72	76	81	83	82	82	86	92	98	107	113	117	121	123	121	119	112	104	97	104	120	135	133	134	131	130	132	129	125	125	127	127	131	127	128	129	126	131	136	139	140	139	142	141	138	135	136	139	138	135	136	138	139	139	136	133	133	131	128	128	122	122	127	135	143	144	148	145	140	143	144	143	138	135	135	132	130	124	122	111	124	135
184	183	182	179	165	141	131	142	140	149	172	187	198	208	217	221	222	229	231	236	238	239	240	240	240	240	241	241	240	242	244	245	245	245	245	245	245	246	245	245	244	243	242	240	238	238	236	234	231	229	226	225	223	222	218	214	216	217	213	212	209	203	201	204	208	209	204	202	203	212	218	215	206	195	190	188	182	143	65	16	14	12	13	13	13	13	13	14	16	22	20	20	22	22	25	29	33	33	35	38	38	40	44	55	44	37	54	49	40	49	49	57	65	59	61	74	82	61	64	63	70	68	73	76	91	97	112	116	122	120	118	118	113	107	100	97	113	127	134	131	136	135	133	133	128	126	126	133	132	134	132	130	135	134	127	136	139	144	147	146	143	143	143	144	144	143	142	143	143	142	141	140	143	143	143	140	136	134	130	129	130	145	151	152	146	148	148	145	140	140	142	143	145	140	132	129	122	115	136	142
189	186	179	174	173	169	169	168	158	151	158	173	187	195	200	208	212	220	223	228	231	233	234	236	236	238	240	241	241	242	242	243	246	245	245	245	247	246	245	246	246	245	244	243	242	240	238	236	233	231	228	227	224	221	221	218	214	213	211	209	206	206	206	211	209	202	195	194	198	203	201	194	189	187	178	155	99	33	21	25	24	20	24	27	26	26	21	18	20	30	28	24	27	32	30	25	25	30	35	35	34	29	42	48	47	36	45	41	34	43	50	52	56	54	62	74	72	57	68	64	59	67	76	83	94	109	114	117	118	119	116	109	103	102	116	132	138	139	140	139	137	133	133	135	133	134	136	133	140	143	139	139	141	143	137	134	143	147	147	147	147	146	149	148	149	150	149	151	152	149	148	148	147	145	144	144	145	141	140	136	136	145	153	152	152	150	152	154	150	148	150	147	146	143	140	138	130	135	146	143
200	195	191	189	185	184	181	181	176	166	159	161	172	180	187	192	198	204	212	217	221	225	227	231	231	232	233	236	238	239	241	240	242	242	243	244	245	245	245	245	247	248	246	243	241	241	240	240	235	234	231	229	229	225	224	221	218	215	211	207	205	206	206	201	195	190	188	190	191	190	186	184	175	158	106	43	20	16	21	23	22	22	19	21	24	27	28	27	24	40	33	33	41	41	25	21	23	19	16	13	13	27	52	57	54	36	36	31	35	42	49	52	49	54	66	70	68	63	62	55	53	67	87	102	108	115	116	120	121	121	115	104	113	128	136	144	143	140	141	143	138	136	142	148	148	146	147	147	144	147	147	144	146	148	149	148	151	153	156	153	152	153	151	153	151	150	152	152	153	153	151	151	152	150	147	151	151	149	143	139	142	150	153	159	157	156	152	154	154	153	151	148	147	145	140	133	130	144	148	148
211	216	215	214	212	206	202	195	189	181	172	169	166	166	168	174	178	185	193	201	207	213	216	219	222	222	224	226	231	232	234	235	236	237	240	241	240	241	244	243	242	243	243	242	241	240	240	238	236	236	235	235	232	230	229	225	220	215	210	207	203	199	194	189	183	179	177	178	180	177	173	157	116	46	20	26	30	18	14	12	9	12	18	20	18	18	19	18	30	36	47	40	51	47	20	10	7	7	7	8	15	29	57	63	51	37	30	27	36	44	50	51	45	56	70	68	67	60	46	42	61	88	103	112	118	126	127	126	124	122	114	124	139	148	151	151	151	147	145	145	149	150	151	151	150	149	152	151	151	151	149	152	152	156	154	158	159	156	155	158	159	158	158	154	155	155	151	151	153	154	156	158	154	156	156	153	153	153	154	144	141	150	151	159	154	154	155	157	154	153	151	150	150	145	143	138	142	146	148	145
201	201	196	202	204	203	204	210	214	215	214	212	205	196	187	175	165	163	164	174	183	193	200	205	210	212	214	215	218	221	226	230	233	232	233	234	238	240	240	240	240	240	240	239	239	239	238	237	236	236	234	232	232	230	228	224	218	215	208	203	195	189	182	175	168	166	166	168	163	152	127	92	80	77	75	81	71	44	16	12	9	8	12	13	13	15	14	15	16	34	57	52	62	47	12	6	4	6	6	13	25	30	55	66	40	33	29	29	33	40	44	49	51	66	68	67	67	48	45	72	92	109	110	113	120	124	127	126	124	123	132	149	150	148	153	150	151	145	144	148	153	156	156	153	153	154	154	154	154	154	154	151	150	152	152	161	161	159	159	160	160	158	156	154	157	156	157	156	153	156	160	163	162	159	156	155	152	151	149	146	144	150	154	162	158	159	157	154	155	157	152	152	151	147	141	139	147	152	150	145
136	154	174	191	200	203	204	205	207	210	212	211	211	211	217	215	209	199	184	168	153	146	156	176	186	195	199	202	205	204	207	214	221	225	227	229	231	233	234	233	235	238	238	236	234	234	234	233	231	231	231	230	227	225	223	220	215	210	205	192	182	173	167	160	156	157	150	134	106	88	86	89	91	94	88	86	78	40	9	5	3	4	7	7	8	9	11	21	17	23	51	55	59	56	24	9	5	5	7	14	29	37	60	62	35	29	25	31	35	36	42	48	56	64	66	59	52	51	73	92	102	116	115	118	121	123	124	122	124	141	153	155	154	152	150	150	150	149	149	155	156	156	156	155	156	154	154	154	155	154	154	154	154	156	158	161	162	164	165	161	157	158	157	157	161	160	160	156	153	156	160	161	160	162	161	156	157	155	152	149	148	152	155	159	160	160	159	154	155	154	155	153	153	148	146	146	145	148	147	143
103	108	112	123	131	136	152	176	190	195	200	201	199	201	205	207	207	206	207	207	210	206	199	193	189	192	191	192	194	193	188	187	189	195	208	217	220	222	225	228	228	230	230	228	224	225	226	226	227	227	227	226	224	220	216	211	205	197	191	180	170	158	151	146	129	101	65	50	63	71	73	80	80	84	82	81	74	49	25	18	13	8	7	5	4	5	5	9	14	14	37	54	55	66	39	8	5	8	13	21	31	40	64	57	30	28	26	33	30	37	41	53	61	60	52	44	47	71	93	100	106	111	113	116	119	122	115	118	138	151	155	153	151	152	152	149	150	152	153	158	156	157	157	158	160	159	159	160	158	157	155	153	155	157	160	164	164	167	165	163	159	156	156	157	160	159	162	164	165	164	165	164	162	160	162	159	156	154	152	150	149	149	155	159	159	161	158	156	156	155	158	158	151	148	145	144	148	147	145	143
127	123	125	125	120	116	115	117	127	136	143	155	176	188	196	195	196	202	200	193	200	205	205	202	199	195	200	206	208	214	214	212	207	197	189	190	196	201	206	211	214	216	216	215	216	218	218	219	218	219	218	215	213	207	204	196	191	185	173	157	141	121	85	44	19	18	33	44	46	53	55	58	64	67	68	66	68	73	60	41	32	26	19	14	12	13	13	10	10	16	27	59	58	58	44	16	11	10	20	26	38	46	63	48	28	25	27	30	30	35	49	61	57	54	49	59	76	83	94	98	103	112	112	120	119	115	123	139	148	153	154	151	150	153	153	151	152	153	155	154	155	155	156	157	156	158	160	161	159	155	154	154	156	159	159	161	161	160	158	158	161	161	163	162	158	156	158	160	160	165	161	163	160	162	163	160	158	155	150	150	143	142	146	157	160	158	160	159	155	153	154	152	152	150	153	153	152	150	146	145
131	129	130	133	137	135	131	131	131	123	121	125	132	146	151	152	164	180	192	198	189	186	190	194	192	193	197	200	199	201	209	211	212	220	216	210	208	203	198	193	188	187	187	189	193	195	198	199	199	200	199	196	192	187	183	170	156	131	108	71	42	22	18	19	26	39	51	61	69	80	90	86	78	78	81	84	84	83	86	87	86	79	68	49	37	27	23	22	21	25	30	55	51	45	40	25	26	35	38	41	47	48	50	27	23	23	23	29	28	39	61	64	59	48	58	79	86	93	94	101	108	110	108	113	117	126	138	141	148	150	151	151	149	149	152	154	155	156	156	159	157	155	155	156	155	154	154	156	156	152	151	155	156	157	162	161	159	159	157	158	157	158	157	158	162	159	160	165	160	161	156	160	159	160	163	160	159	155	149	149	147	145	151	158	158	158	160	158	156	159	158	156	152	143	149	149	153	153	152	142
119	127	122	128	128	127	124	126	130	135	133	135	133	133	133	131	137	142	147	150	155	162	175	188	194	191	192	197	200	201	206	207	204	208	210	212	208	208	209	209	206	208	202	199	191	183	172	169	173	174	173	168	165	160	152	151	145	135	132	136	139	135	126	122	101	100	96	92	100	101	102	101	96	101	102	97	99	104	106	103	98	97	96	87	73	57	50	33	28	30	28	40	40	34	30	21	20	37	51	51	49	44	27	17	18	19	23	26	35	55	60	58	57	66	77	86	90	96	97	98	103	107	111	112	121	138	143	146	144	147	146	149	150	152	157	155	156	156	156	157	153	156	155	156	158	156	155	156	157	154	153	156	159	162	164	162	158	155	153	159	156	156	158	160	159	151	159	162	160	160	161	164	162	161	161	158	161	158	155	151	146	140	140	151	158	162	161	159	156	154	156	153	151	147	150	150	150	147	147	138
114	118	118	116	116	116	119	125	129	127	129	130	134	134	134	135	135	136	137	138	140	136	139	146	146	155	166	181	187	192	191	189	188	191	192	197	204	197	204	198	199	201	201	200	197	197	206	199	191	193	189	185	189	190	187	183	182	184	180	182	179	175	177	174	175	174	170	158	138	116	109	101	95	101	107	109	105	101	103	107	104	102	93	90	88	79	69	62	53	45	34	30	30	28	19	20	27	36	40	44	34	20	12	14	15	19	30	37	48	59	52	51	61	80	90	88	91	91	98	101	97	103	111	122	131	143	143	146	146	148	147	144	148	153	155	155	156	154	154	156	156	157	157	160	159	155	154	157	153	155	159	155	156	159	162	162	159	153	155	158	158	156	152	157	159	158	160	156	155	159	159	160	163	161	161	160	159	155	153	153	151	145	136	148	153	159	162	163	159	156	155	155	153	150	150	146	149	143	146	143
