127	135	132	139	141	138	139	137	137	137	140	141	140	138	139	139	145	145	144	150	153	154	155	153	153	153	153	154	157	151	151	152	152	150	151	151	152	150	154	154	154	154	151	151	153	152	151	152	153	157	157	157	160	160	161	163	160	163	162	163	165	166	164	165	167	166	164	165	165	170	168	167	165	164	170	173	169	170	171	172	171	173	166	169	169	165	150	119	156	178	171	179	179	177	178	178	180	171	173	171	174	172	175	175	174	175	177	176	181	182	179	179	177	181	179	182	180	180	181	181	178	178	180	179	179	183	181	186	182	183	182	183	184	187	184	185	182	184	182	181	178	179	178	180	178	177	178	179	179	180	179	177	178	179	183	182	180	181	179	178	181	179	173	174	177	176	179	176	176	180	175	177	177	173	176	177	177	176	177	176	178	175	172	176	176	171	170	169	164	171	174	173	173	170	167	166	153	155	161	167
154	160	162	163	165	162	163	164	165	166	166	165	165	166	169	170	172	173	175	177	177	179	180	173	172	171	170	169	170	172	172	173	172	169	172	173	173	172	171	169	169	168	170	170	167	167	167	169	171	173	172	175	177	180	179	180	187	182	184	183	182	183	180	183	182	187	187	186	187	185	187	187	189	189	190	190	189	188	190	188	190	189	187	188	189	189	189	138	193	193	193	190	191	191	192	190	190	190	191	189	189	189	188	192	192	189	193	200	200	198	196	196	197	196	197	194	199	198	198	200	199	201	206	201	202	199	199	199	201	202	200	197	197	197	193	194	195	192	188	192	191	189	191	193	188	192	191	188	189	190	188	192	190	188	193	194	190	193	190	191	194	193	190	190	191	193	192	197	196	195	196	195	197	197	194	194	194	192	191	193	193	192	196	196	195	194	194	194	187	188	197	192	189	189	186	183	184	181	182	170
164	175	177	173	176	175	178	177	174	176	176	175	176	179	180	182	179	183	186	183	187	187	185	189	185	184	185	187	183	184	186	183	181	184	182	182	185	183	182	182	178	179	180	180	180	182	186	184	184	185	186	189	189	190	191	192	190	188	189	194	190	190	193	193	194	195	194	196	197	194	195	197	197	198	196	196	198	197	196	196	199	196	200	199	197	198	202	159	201	202	201	198	196	199	201	198	201	200	200	203	204	203	201	198	197	195	200	202	202	204	204	201	203	204	198	206	204	204	205	206	206	210	210	207	208	209	206	209	207	211	209	205	204	207	203	205	202	204	201	204	205	203	202	203	203	202	201	200	199	198	197	199	199	200	197	199	200	202	200	201	202	202	204	202	204	205	207	205	209	208	208	209	208	207	209	206	206	201	204	203	204	204	203	203	200	200	201	200	203	202	205	203	201	199	196	197	196	196	187	165
174	180	180	183	184	185	188	186	183	185	185	181	185	188	189	186	188	190	192	190	191	194	193	192	192	193	193	197	195	191	190	193	189	189	185	185	187	186	190	189	186	188	188	191	192	191	192	193	192	189	189	194	194	192	192	193	194	192	197	198	198	200	200	199	202	201	198	201	203	203	204	204	204	203	201	206	204	202	201	200	202	199	204	202	199	201	199	164	204	205	205	204	204	204	202	204	208	208	205	206	204	205	202	202	202	204	206	203	202	203	203	202	202	204	201	203	203	204	207	206	206	208	209	208	208	208	210	208	210	211	210	210	209	209	208	210	209	208	206	207	207	206	205	206	204	204	206	205	205	201	204	201	202	202	201	203	201	201	203	204	203	203	207	206	208	208	210	210	210	209	212	211	209	208	208	208	210	208	207	206	206	208	203	205	206	204	204	206	205	208	208	209	209	208	206	204	204	204	183	145
177	182	185	186	191	192	190	188	191	188	188	188	188	192	191	190	192	196	193	195	195	194	196	196	196	196	198	195	197	196	194	192	194	193	190	189	189	190	192	192	194	194	194	196	196	196	199	196	197	199	197	199	197	197	201	199	198	197	200	199	199	202	202	203	204	202	202	204	205	206	207	209	207	207	206	208	205	207	204	209	203	205	205	203	203	190	167	159	182	197	206	207	209	209	210	211	213	212	211	209	207	206	204	210	205	206	208	207	206	205	202	205	204	205	204	208	207	210	209	212	214	211	211	211	213	211	211	211	211	211	214	215	214	211	213	213	214	211	212	212	210	209	208	209	210	211	209	206	206	205	204	205	200	204	203	205	205	205	206	205	205	204	204	208	209	210	211	211	211	211	212	210	209	208	210	211	212	213	212	211	213	210	213	210	209	209	207	210	209	210	214	211	215	215	212	211	214	211	198	165
185	190	188	190	194	195	196	197	194	198	195	195	196	197	200	201	201	202	201	204	200	202	201	204	202	201	199	197	199	197	197	196	194	197	194	195	195	197	197	196	198	199	197	201	200	200	202	203	204	206	200	202	202	203	202	201	202	205	206	207	207	204	204	204	205	205	204	209	208	211	209	210	208	211	212	214	213	214	212	211	208	207	206	194	138	131	193	219	211	161	169	211	212	214	213	217	215	216	217	213	211	212	210	212	209	210	211	211	207	209	209	209	206	205	206	211	211	212	213	215	214	211	213	214	216	213	214	213	214	215	217	217	218	216	217	217	217	215	212	210	209	209	208	207	209	211	209	210	211	211	210	208	207	207	209	209	208	210	209	208	208	208	209	211	211	209	211	212	214	212	212	212	213	213	214	215	212	211	213	214	212	213	211	207	208	213	210	214	214	214	215	217	217	218	217	219	220	218	202	167
187	188	189	191	193	199	199	200	201	200	202	205	202	206	206	206	207	210	209	207	206	207	205	206	207	203	202	201	199	199	199	200	197	199	197	198	198	197	201	200	203	204	205	203	205	205	205	208	209	208	208	206	206	206	204	205	207	205	210	207	210	206	202	204	207	206	207	213	213	213	211	215	214	213	216	216	215	217	214	212	211	197	152	132	196	220	194	169	194	229	218	167	169	216	214	217	220	219	216	217	216	216	217	216	214	212	214	215	213	213	215	215	215	216	214	216	220	219	219	218	216	218	218	217	218	217	217	216	217	217	219	220	220	220	218	218	216	215	213	213	213	209	209	210	211	214	214	211	214	214	214	212	211	213	211	213	215	213	210	211	209	208	210	211	212	214	216	216	217	214	213	213	215	213	213	215	215	212	213	215	215	213	213	212	210	209	212	213	213	218	218	219	223	223	222	222	221	220	198	160
191	196	197	199	202	202	201	204	203	202	206	207	207	208	208	212	210	214	213	211	213	211	212	207	207	208	206	208	205	202	202	202	202	198	201	197	201	202	203	202	207	207	203	206	209	210	211	210	211	208	209	204	205	206	207	205	207	208	207	208	206	205	207	206	207	211	213	215	213	216	218	220	219	217	223	222	223	220	218	212	145	139	198	225	196	169	136	154	159	171	204	230	208	176	185	219	221	221	220	220	217	219	218	216	216	216	216	217	217	214	218	218	219	219	220	221	219	219	223	219	222	219	219	222	223	220	219	218	220	221	221	220	220	217	216	215	212	216	212	214	213	212	211	213	216	214	216	216	216	216	217	213	216	213	214	213	215	213	213	213	212	212	216	217	217	219	221	218	218	221	219	217	214	216	218	218	217	216	214	216	215	215	211	212	213	215	215	219	219	220	219	222	222	223	222	225	224	222	203	164
194	199	199	203	203	203	205	207	208	206	210	210	211	210	211	213	210	213	211	210	208	211	208	211	208	210	207	209	208	204	205	205	204	200	202	204	202	202	203	204	204	207	207	210	208	210	210	211	209	209	211	208	206	207	209	206	209	209	209	207	207	206	208	211	211	213	213	218	218	222	221	223	222	223	224	223	220	215	164	139	201	223	194	172	147	130	137	164	147	155	168	179	203	228	211	173	183	216	221	218	220	220	217	215	213	215	215	219	216	220	220	219	220	222	222	223	221	222	225	222	223	219	221	222	221	220	223	222	221	222	220	220	218	217	216	215	216	215	214	215	212	215	216	217	216	215	218	216	217	214	214	215	216	213	217	214	214	212	214	216	215	212	216	216	218	219	220	222	220	219	219	220	221	219	218	219	220	218	219	219	217	218	216	217	218	219	221	222	225	224	225	227	227	227	226	227	227	213	200	160
197	198	199	201	201	204	205	207	209	213	211	213	214	213	212	213	210	213	213	213	209	214	212	213	209	211	211	211	209	211	209	204	204	204	203	204	203	205	206	206	209	207	208	211	211	211	210	208	211	209	211	210	209	207	211	210	211	211	210	210	208	210	211	212	214	219	220	222	223	225	224	222	225	222	223	213	157	141	199	224	196	171	147	144	148	154	156	170	153	164	163	175	176	180	199	225	215	169	171	217	221	223	222	218	216	212	217	219	218	220	222	221	221	224	221	223	225	224	224	222	222	222	221	223	224	223	222	223	223	223	222	220	219	218	217	214	213	213	211	212	216	216	218	219	217	214	216	217	215	215	214	211	214	216	215	215	213	215	214	215	215	215	214	218	218	217	220	220	222	220	223	224	220	220	220	218	220	221	221	222	222	221	221	221	223	223	224	225	226	224	228	229	228	227	226	226	226	220	207	164
197	200	198	199	204	202	206	210	213	212	216	215	211	213	210	210	210	213	217	214	214	214	212	211	213	212	213	212	212	210	211	209	206	206	207	207	207	207	210	208	211	213	214	212	211	212	213	211	209	208	210	214	210	215	210	211	211	211	211	210	210	212	215	216	218	220	221	223	223	225	222	222	224	217	163	152	206	220	198	172	158	138	151	160	162	164	170	171	171	189	205	186	208	178	180	174	200	227	210	161	179	219	225	220	218	218	220	222	222	223	221	221	221	222	225	225	222	222	224	224	224	224	222	222	221	223	223	225	224	223	223	222	221	218	216	216	216	210	204	205	209	213	219	220	219	218	214	216	216	213	214	211	211	211	214	214	216	217	213	214	214	216	214	215	219	218	219	222	220	217	219	220	220	219	220	221	222	223	225	224	224	224	225	224	226	227	227	229	228	228	228	230	226	227	226	225	221	222	205	147
191	198	200	202	207	209	211	211	213	217	218	215	216	214	214	213	217	216	217	216	214	216	212	216	214	217	214	213	214	211	213	212	209	210	207	207	211	212	210	211	213	211	213	212	211	210	210	210	209	212	211	212	211	212	211	212	212	213	212	213	213	217	219	222	222	222	223	223	224	225	223	211	162	143	202	220	191	173	152	138	159	156	168	169	171	176	191	189	220	222	215	189	222	205	183	173	172	182	203	230	214	167	186	222	225	223	222	224	223	221	221	220	224	224	224	223	224	224	222	222	223	223	222	218	219	220	220	221	221	222	210	191	177	173	175	173	170	168	168	170	168	159	157	159	168	173	176	185	193	211	210	209	211	212	215	215	217	214	215	214	213	215	215	215	215	217	218	220	218	215	217	216	217	218	218	219	220	223	223	225	224	225	224	228	226	227	226	230	230	232	228	230	230	229	231	225	224	224	211	145
195	201	203	208	213	213	215	213	214	217	217	217	215	214	213	212	214	213	214	215	214	215	215	215	214	214	213	212	211	212	214	212	214	214	213	213	212	211	212	211	212	212	210	210	211	208	212	210	210	207	212	212	210	212	210	212	213	213	214	211	216	214	215	219	219	219	222	224	223	210	161	141	200	216	189	169	146	152	139	148	165	168	174	176	185	183	125	108	143	198	225	226	214	215	186	219	207	190	164	188	203	228	219	181	187	223	225	223	224	221	221	219	218	220	222	223	220	222	222	224	222	223	220	217	219	219	195	173	170	161	180	196	209	212	212	205	198	198	197	192	191	190	185	179	169	167	163	159	158	139	135	146	174	210	214	216	217	215	215	215	213	213	210	214	215	213	216	213	217	214	213	210	212	213	213	217	219	222	222	222	221	221	222	225	225	229	228	228	229	229	231	229	228	230	229	228	225	229	207	155
199	204	210	212	214	217	214	215	218	215	220	216	214	211	212	210	211	211	212	213	214	215	213	210	212	210	210	209	211	209	211	212	213	212	215	216	213	212	213	213	212	213	209	207	207	208	208	209	213	212	210	213	214	214	216	214	215	212	211	214	217	214	217	216	221	223	223	214	161	144	200	221	196	170	145	121	133	157	166	166	178	172	190	188	131	67	39	42	43	85	154	212	235	223	183	218	222	216	174	182	182	184	205	230	215	178	178	223	224	221	220	220	222	222	225	221	226	225	224	222	222	217	215	181	148	151	179	210	221	218	215	217	212	209	207	211	197	195	201	200	190	188	189	184	184	177	168	166	157	156	148	145	112	82	106	163	213	215	214	215	214	215	213	214	213	211	212	209	207	208	209	211	214	213	217	219	221	222	224	227	226	222	223	225	227	227	228	228	230	230	230	230	227	230	230	230	227	226	208	148
207	207	210	212	215	214	214	217	216	217	213	214	212	207	207	208	210	211	211	213	213	212	210	211	208	209	209	210	206	210	210	213	215	215	217	218	213	214	213	212	211	209	209	206	208	210	211	210	213	212	213	216	214	217	217	214	217	217	216	215	220	217	219	222	221	212	157	138	199	223	198	170	141	151	143	144	154	165	175	177	186	200	167	184	99	44	42	58	77	85	128	170	196	228	222	212	224	208	191	232	220	185	179	186	200	229	216	174	173	222	225	224	225	226	228	227	229	226	223	225	204	152	123	163	206	217	222	222	220	217	216	207	210	206	204	204	201	197	190	194	196	192	186	186	184	180	172	169	163	155	155	147	136	129	97	53	65	135	213	214	216	216	213	211	211	207	207	206	206	208	209	210	215	216	217	219	219	222	222	224	223	223	222	226	224	225	226	228	228	230	231	230	230	230	230	233	228	226	219	170
208	214	213	212	213	216	215	216	214	213	214	213	211	211	211	213	212	211	213	211	212	211	212	209	209	207	210	207	208	210	210	214	217	217	219	217	216	218	214	215	213	211	210	208	206	209	210	216	216	215	218	216	224	220	222	222	219	221	223	222	222	224	223	213	155	145	199	220	197	173	166	120	133	165	153	164	169	169	181	209	200	156	59	53	144	127	42	74	86	170	137	92	100	189	223	225	211	210	191	233	221	190	221	187	192	186	205	228	221	168	169	222	232	232	232	235	232	230	229	190	124	167	206	225	224	219	221	220	220	219	216	215	208	206	204	194	194	190	200	199	189	186	195	185	187	182	175	171	162	160	149	141	130	128	121	115	71	46	81	197	212	213	212	208	205	205	205	205	205	208	209	211	213	215	217	218	222	224	222	226	223	223	222	224	227	229	228	229	229	232	232	232	232	231	232	232	228	229	218	180
214	218	217	216	217	214	216	212	212	212	212	210	209	211	212	213	212	213	216	216	215	212	211	209	211	209	208	207	206	210	211	216	217	220	218	218	216	216	216	215	212	212	208	207	205	209	212	215	215	220	221	221	224	226	227	223	223	227	228	225	224	211	151	135	202	216	189	164	138	124	164	145	164	173	157	169	169	193	227	208	163	53	47	60	55	154	114	53	139	135	89	101	70	85	188	225	224	204	191	229	216	193	237	228	205	176	178	184	204	228	223	173	165	208	230	230	232	229	197	140	194	218	218	215	223	220	220	212	216	218	217	207	207	207	201	196	189	182	186	185	184	191	188	186	188	185	178	175	162	156	149	136	133	124	127	121	118	78	48	72	191	211	209	206	200	201	202	203	204	205	210	214	218	217	218	220	221	222	224	224	219	224	223	224	225	226	226	230	232	232	233	232	232	235	233	234	233	230	222	174
213	217	215	212	214	211	215	212	210	210	208	210	209	210	213	212	212	214	216	215	214	213	214	213	209	209	208	210	212	210	215	215	217	218	218	216	218	216	215	215	211	214	209	207	205	207	215	215	221	221	220	221	223	224	225	224	223	225	224	216	160	136	199	222	189	165	145	126	130	137	180	162	172	178	160	180	199	221	225	172	100	58	50	53	82	108	186	110	169	97	78	63	74	103	149	200	240	198	191	226	214	197	233	228	208	208	216	198	175	181	203	227	224	179	163	214	227	206	148	200	209	221	222	218	215	219	214	214	214	210	212	209	211	199	185	185	187	180	176	177	181	186	190	185	183	174	170	170	162	152	149	137	128	124	118	132	126	103	66	62	108	211	208	202	198	197	198	202	206	206	209	212	217	214	218	218	220	220	221	221	220	220	223	222	224	225	227	228	231	230	233	233	233	234	235	234	234	230	223	173
217	219	220	219	217	215	216	214	213	213	211	210	213	213	213	214	215	216	217	214	215	214	214	214	211	213	215	215	217	216	217	220	220	220	216	218	217	216	217	217	214	214	212	212	212	212	217	221	221	222	223	223	227	228	227	225	225	211	166	145	200	223	196	166	132	113	149	150	163	163	176	164	174	204	168	227	217	232	209	163	60	51	51	81	87	90	144	200	87	69	61	75	89	90	93	206	236	215	188	228	206	197	231	222	204	207	226	209	163	176	173	183	202	224	227	177	166	160	183	205	213	212	216	217	218	221	216	218	213	209	207	208	204	186	186	179	177	182	175	177	178	181	179	177	177	169	165	164	162	155	151	143	135	125	121	136	139	119	83	65	85	196	208	206	199	201	202	205	207	209	210	210	212	213	212	212	216	217	216	218	221	219	221	222	223	224	225	230	231	232	231	234	235	234	234	233	235	235	225	177
215	220	220	220	220	218	219	216	216	216	214	214	214	214	212	212	211	214	216	218	215	211	213	215	215	215	216	217	217	220	219	219	217	219	217	216	213	218	218	218	216	218	218	219	219	221	223	226	226	220	222	221	227	224	223	212	163	141	206	222	193	157	135	130	132	149	169	160	174	170	176	177	218	209	174	217	212	229	198	161	59	62	58	94	88	99	129	190	82	61	57	97	90	93	96	188	229	220	183	226	207	183	225	214	192	205	225	206	170	229	206	200	166	182	201	224	199	151	192	205	211	209	213	220	215	216	215	214	209	201	197	194	192	188	189	185	179	178	171	184	191	182	178	177	168	169	159	157	158	152	145	133	125	119	119	139	136	134	97	76	94	172	211	209	206	209	207	212	212	210	211	211	209	211	208	212	213	212	214	215	217	219	221	223	221	225	226	230	226	232	231	235	233	234	237	233	232	232	227	178
217	218	220	218	222	219	221	221	218	218	213	216	216	215	215	215	214	214	211	213	211	215	209	214	217	217	219	220	221	222	222	219	220	217	219	212	215	216	219	216	217	216	220	223	219	224	225	224	227	227	228	228	223	206	160	147	203	226	199	160	125	116	145	154	165	170	175	163	172	180	198	200	226	208	175	210	216	228	195	164	63	71	66	90	90	110	116	185	90	61	67	94	92	97	96	173	217	219	176	222	204	182	222	212	181	210	222	206	176	229	221	196	174	177	185	181	179	151	192	198	205	202	206	211	211	211	210	206	201	197	195	189	191	181	190	181	180	169	170	181	178	177	173	162	161	156	153	151	153	149	139	130	120	116	114	136	128	130	107	86	90	152	216	215	216	214	214	210	212	211	209	211	209	208	207	209	210	212	215	215	215	219	220	223	222	224	226	229	226	229	231	233	234	236	235	234	234	233	228	179
215	222	222	224	224	220	221	216	217	213	214	212	212	213	216	214	215	216	213	211	217	219	210	217	222	221	221	224	222	222	223	221	216	218	217	215	218	214	220	218	222	221	220	222	223	224	225	228	228	227	226	220	163	147	197	219	199	158	122	138	118	148	154	167	171	170	173	167	215	215	196	209	220	193	174	218	205	225	188	163	66	68	71	116	87	86	111	184	87	58	74	118	91	91	92	172	216	216	171	220	207	177	220	217	182	211	220	206	183	224	223	205	181	209	211	165	162	150	185	195	204	202	199	194	197	194	200	205	196	194	194	198	196	187	183	178	169	173	191	187	176	171	176	172	168	157	151	145	147	146	140	132	123	115	113	125	130	131	112	88	94	121	208	219	218	218	213	215	211	210	210	209	209	207	211	211	212	213	215	220	222	220	224	222	225	226	227	227	226	229	229	231	233	235	236	235	236	233	227	183
211	224	226	223	223	220	219	216	213	210	208	208	210	207	211	212	217	219	218	222	221	224	211	218	226	225	225	223	221	217	200	186	172	156	151	144	132	136	140	140	148	158	170	192	217	200	187	174	151	148	147	137	198	218	194	155	129	110	124	166	146	162	166	167	168	207	195	177	221	219	194	204	220	195	167	223	210	225	189	184	128	141	133	141	142	151	157	207	149	152	144	144	148	151	149	193	211	214	164	216	206	180	217	209	183	211	225	205	181	226	222	200	184	216	208	181	193	152	181	196	201	199	202	200	198	197	202	198	194	190	190	193	189	182	174	178	168	177	200	190	183	180	165	160	152	150	153	152	146	147	135	132	122	108	111	124	129	131	117	79	91	105	185	218	219	218	218	214	215	214	213	210	210	210	209	210	212	213	217	219	222	222	222	222	225	226	227	227	228	228	233	233	236	235	237	238	237	236	224	183
209	225	226	222	223	223	216	215	215	213	207	209	211	213	213	217	216	220	221	223	224	228	213	212	226	223	207	174	152	146	140	136	137	130	127	127	116	119	119	120	114	111	111	115	116	120	121	118	103	111	190	221	189	159	117	110	135	131	168	173	163	175	172	176	217	229	193	175	221	218	184	208	218	193	177	216	204	224	191	172	69	69	73	100	79	81	85	205	88	69	74	98	83	82	81	191	219	209	181	218	211	181	208	215	181	204	221	207	182	226	223	198	180	217	207	183	180	150	172	185	193	198	204	202	199	197	204	209	207	203	199	198	191	188	174	174	165	174	193	195	185	194	176	180	178	178	169	162	159	143	127	121	123	112	106	121	131	129	117	79	87	99	156	220	220	222	218	216	218	215	210	212	210	213	213	215	215	221	222	224	224	226	227	226	227	227	226	227	230	233	234	238	237	238	239	239	239	236	224	183
213	224	222	214	211	213	219	229	231	221	211	208	211	215	216	221	224	226	226	225	228	227	213	182	180	152	141	147	140	142	138	127	119	120	115	115	116	110	117	112	107	104	107	108	103	91	87	85	83	83	90	110	142	167	168	159	148	146	159	167	162	196	211	187	216	225	202	179	224	218	183	205	218	195	177	219	203	222	190	167	68	87	69	89	88	100	96	200	93	79	78	91	92	99	83	187	220	200	180	215	205	182	209	220	182	201	219	203	181	219	217	197	183	219	204	177	159	147	162	182	193	192	199	202	205	203	185	183	177	185	190	193	193	192	185	167	167	168	190	189	195	188	183	187	187	167	153	123	101	77	54	63	85	103	109	113	123	119	113	88	85	91	141	222	220	222	219	219	214	219	217	216	215	219	220	219	223	227	228	226	228	230	231	228	230	228	230	226	232	235	236	237	238	238	241	239	238	238	225	193
148	156	149	144	161	174	178	205	225	231	215	214	219	216	219	224	224	222	224	218	217	190	161	155	150	146	136	136	123	136	132	125	133	112	115	108	127	132	137	140	133	119	105	107	98	94	91	91	88	91	96	99	99	134	170	168	163	153	162	147	142	196	214	187	214	223	199	177	217	214	187	198	213	200	173	220	204	218	187	164	68	68	68	99	100	105	97	199	95	74	83	103	103	109	101	170	217	199	178	213	210	179	209	216	183	195	219	199	172	216	216	191	183	212	203	172	144	148	150	188	187	200	197	191	179	139	124	113	99	68	65	83	141	146	168	165	158	153	165	187	180	175	163	128	83	46	17	15	5	8	24	34	48	79	113	106	112	128	119	89	77	87	102	97	95	101	179	218	219	219	220	223	222	223	226	227	228	230	231	228	227	233	231	229	228	230	230	232	232	237	234	240	240	241	241	240	238	239	227	195
135	131	139	129	129	133	137	140	144	164	184	207	216	195	173	164	151	143	141	140	147	149	147	140	138	131	131	125	121	114	109	119	114	116	146	172	156	149	152	147	131	130	127	112	115	119	111	110	108	103	90	85	91	100	143	169	172	160	136	131	135	113	127	160	214	219	199	181	215	213	185	199	218	194	182	216	190	219	174	161	67	72	67	114	94	96	99	200	98	71	88	124	104	105	101	166	215	196	178	211	209	171	213	216	184	202	217	192	169	216	213	189	176	197	182	158	143	144	148	180	188	200	195	177	146	100	54	43	65	85	94	110	106	114	125	144	155	142	160	175	168	155	116	69	63	75	100	92	95	99	101	83	88	70	76	107	103	120	116	83	105	99	93	93	68	76	131	226	223	224	226	229	227	230	232	232	232	228	230	233	231	230	231	228	233	234	235	232	234	236	237	240	241	241	241	240	238	240	232	201
134	124	134	128	127	130	139	130	132	127	118	124	145	144	144	143	135	124	127	139	144	151	149	131	127	121	122	121	126	123	105	102	134	185	176	162	165	166	151	151	143	140	152	159	162	149	137	129	131	134	138	133	128	120	137	161	172	175	169	160	131	114	111	95	138	208	203	186	217	213	186	201	217	189	181	214	195	215	175	163	72	84	67	101	100	118	106	201	103	85	90	106	101	126	104	186	218	186	171	212	200	166	212	213	181	198	213	191	171	211	209	182	180	142	136	154	162	167	151	163	184	193	180	148	110	104	110	133	112	65	46	84	114	116	125	138	163	173	169	168	141	89	103	105	94	133	141	67	23	61	98	105	103	110	88	74	93	99	92	102	98	69	83	93	101	51	165	225	226	230	226	230	227	233	230	231	234	232	231	233	233	230	233	229	228	233	231	234	237	238	240	241	242	241	240	242	240	239	233	198
134	126	135	121	134	126	125	126	123	117	116	110	109	118	134	130	125	127	150	148	148	141	140	135	131	118	117	121	125	114	108	135	177	178	178	181	184	176	171	158	166	163	170	169	162	161	171	176	170	164	166	173	182	185	179	175	168	158	150	148	146	136	111	92	90	105	179	186	216	210	181	201	217	180	182	212	199	210	179	168	72	70	71	126	109	112	115	204	105	79	86	132	108	111	110	173	214	172	170	210	204	173	209	212	174	197	215	185	168	207	210	194	178	82	119	147	164	166	179	166	162	190	179	144	137	152	174	184	126	57	61	82	122	103	106	126	147	188	190	158	128	109	98	114	119	185	168	79	78	101	140	121	100	100	108	95	99	71	105	109	85	60	59	95	93	79	216	226	228	228	230	229	229	231	232	231	230	230	231	231	231	230	232	233	230	230	231	232	229	236	235	241	241	241	241	241	241	241	235	195
125	123	130	124	118	128	123	114	116	106	110	106	106	111	104	114	107	137	144	132	139	140	128	120	133	127	130	126	116	109	148	168	172	185	192	196	195	182	171	170	176	177	173	173	174	167	170	181	197	211	210	208	197	188	180	179	180	180	179	168	146	126	127	117	90	76	78	161	217	216	176	203	218	181	186	214	196	209	188	169	80	93	72	99	118	136	121	201	103	98	92	106	116	140	122	180	208	175	163	214	200	166	210	207	169	196	209	180	165	205	212	194	178	122	167	168	143	130	166	163	194	167	178	169	190	193	181	170	173	169	156	136	126	125	127	133	128	158	210	189	160	66	68	52	83	105	111	110	114	114	120	116	104	120	121	108	91	85	108	112	77	67	47	84	82	127	222	224	226	229	225	230	231	231	232	229	235	236	230	233	230	233	228	230	231	230	232	231	235	236	237	242	242	241	241	241	241	238	235	187
132	129	130	123	121	130	116	114	116	108	100	103	95	98	90	92	95	141	137	142	137	143	138	124	125	122	126	124	114	129	151	154	169	183	194	198	191	182	178	182	183	182	189	165	161	185	214	216	219	213	207	203	196	187	185	182	182	182	179	174	167	158	130	115	112	86	72	71	192	214	182	207	217	179	185	213	200	209	188	179	114	110	110	128	124	134	130	200	130	106	116	139	139	148	145	199	198	175	166	211	201	166	207	209	166	190	210	171	167	208	213	183	166	187	155	165	137	122	194	166	173	165	138	164	186	188	190	188	179	169	166	151	138	127	127	178	123	185	198	179	143	81	63	62	53	88	116	129	125	113	112	110	127	149	107	114	74	108	103	96	83	77	51	94	91	178	215	219	222	223	224	226	226	232	235	234	234	233	232	232	235	231	233	231	232	233	231	233	234	237	237	238	239	239	238	239	239	191	150	126
110	129	122	132	125	134	137	134	129	130	113	123	133	136	131	135	129	128	115	125	128	127	129	122	131	110	115	116	119	116	131	141	165	192	199	185	178	178	185	180	192	179	142	169	206	215	214	213	211	207	197	192	188	179	175	174	180	177	174	172	174	165	148	134	106	100	79	73	93	206	177	212	220	183	180	215	192	202	189	191	183	194	197	194	189	191	203	206	200	179	174	181	187	191	198	188	191	174	158	206	197	168	207	209	167	192	210	180	164	201	208	169	164	201	188	159	156	128	168	167	147	162	185	193	154	177	170	175	172	155	157	137	141	170	187	149	161	178	198	167	132	77	63	65	76	80	107	119	115	117	117	118	131	118	120	96	72	105	100	88	71	65	99	90	138	214	213	220	222	223	228	228	228	232	231	231	231	232	230	228	230	228	229	230	228	231	229	234	237	238	239	240	236	239	239	242	186	137	130	117
94	100	122	121	124	120	112	109	118	103	130	136	124	117	111	104	103	98	118	122	119	126	113	107	108	109	126	123	104	108	123	159	188	181	176	172	178	187	182	192	152	141	198	214	214	212	209	208	206	198	197	191	183	178	174	176	175	178	178	176	172	170	155	147	128	87	86	75	66	159	180	208	216	189	180	208	193	145	135	128	153	131	126	157	121	129	124	144	126	125	142	130	136	124	147	135	139	151	134	198	196	169	202	208	168	184	209	177	164	201	206	174	156	203	195	184	161	163	133	160	153	144	166	179	184	163	157	144	145	162	165	167	155	140	141	165	168	185	189	159	134	87	76	76	72	85	120	119	112	107	99	110	98	104	88	72	88	102	96	74	78	89	92	166	215	215	216	223	221	225	227	228	228	230	228	229	230	229	229	228	229	229	227	228	228	234	233	235	234	237	237	239	241	238	236	211	143	137	119	120
95	106	109	109	111	101	104	102	100	124	126	121	112	102	95	99	91	112	121	111	103	118	105	117	103	117	116	89	84	123	175	156	157	162	174	173	192	181	186	139	152	213	212	211	210	211	209	207	204	202	204	196	189	182	180	179	181	184	178	176	170	164	155	140	125	103	74	69	69	97	180	205	205	186	183	205	192	180	202	192	180	189	197	196	164	198	188	192	185	190	190	167	204	199	185	197	193	205	171	208	192	172	191	187	182	178	198	189	171	197	202	180	159	194	187	157	196	166	167	157	158	153	151	162	169	165	149	161	176	187	186	182	179	174	162	140	155	174	181	157	134	98	86	82	83	110	136	130	121	111	104	90	79	94	82	84	98	84	98	69	75	125	200	220	219	222	224	224	227	227	228	229	233	225	231	231	230	167	140	154	152	152	153	158	144	149	161	160	163	163	162	167	150	164	172	172	153	150	142	124
95	108	109	110	106	108	90	97	114	107	103	100	97	99	109	88	108	112	102	95	104	104	115	95	103	100	90	67	96	158	139	126	145	156	153	182	177	177	128	148	210	211	209	204	203	201	203	196	196	198	196	188	183	177	179	184	185	185	181	172	168	158	152	139	128	112	78	63	65	64	154	196	192	200	170	193	188	172	187	192	176	188	194	188	165	199	185	187	173	186	187	159	196	186	180	190	188	189	160	193	190	171	186	182	182	165	175	184	167	180	188	188	149	176	182	153	182	187	162	163	168	150	157	148	159	168	141	165	180	171	176	172	162	149	139	165	169	195	190	156	143	105	91	83	66	75	131	135	121	106	92	73	69	97	83	96	86	78	101	149	211	225	224	227	225	226	226	229	229	231	225	230	226	228	230	226	231	113	114	121	125	123	126	126	123	108	127	130	132	133	135	137	138	117	143	144	151	138	136	130
89	92	92	101	110	90	102	104	111	113	105	100	102	107	93	101	109	104	109	115	118	120	114	112	107	106	96	59	106	114	113	123	130	130	162	161	164	121	145	201	212	210	207	197	199	197	197	198	196	197	191	181	179	173	173	172	181	183	175	164	153	153	145	133	125	108	83	65	56	63	105	131	133	145	120	131	135	125	129	128	132	122	128	135	119	130	126	136	121	129	131	118	133	127	134	123	130	140	115	129	125	134	124	122	132	119	124	124	132	126	131	148	110	120	130	121	132	130	138	116	111	110	124	163	154	166	164	181	177	185	180	166	153	153	157	158	136	165	169	144	122	95	74	63	77	76	81	120	117	115	111	92	68	88	89	96	77	83	101	168	230	235	231	230	231	232	232	232	227	229	229	231	230	229	226	228	219	99	115	113	121	124	132	126	119	117	120	134	137	137	137	129	139	138	131	145	149	131	144	134
85	85	88	105	90	109	107	102	100	100	105	113	111	112	109	111	112	111	105	102	102	104	106	104	102	100	70	77	83	87	104	114	120	147	159	160	117	143	176	204	204	203	198	199	197	190	190	183	170	164	157	160	161	156	161	166	167	183	171	152	150	156	145	132	123	110	86	57	55	56	74	107	107	111	106	107	106	107	109	106	105	104	101	101	98	103	104	98	95	97	97	100	103	98	95	97	99	92	95	96	92	96	98	96	98	94	91	92	92	92	95	88	92	93	91	96	92	91	90	89	91	92	87	153	158	162	168	188	190	193	171	157	169	182	181	177	155	159	130	106	80	50	46	54	66	68	79	115	115	115	113	103	94	78	96	81	81	91	97	181	233	234	233	233	233	234	231	230	230	230	231	228	228	231	229	230	215	90	98	122	119	122	125	118	118	128	108	131	133	136	135	126	134	142	128	144	143	129	144	134
93	97	103	95	102	106	110	107	104	101	99	98	98	99	101	102	100	105	106	104	102	108	102	102	106	81	62	60	71	84	97	121	141	146	158	124	132	151	196	199	198	193	192	188	195	195	183	162	137	114	103	104	130	157	178	160	146	147	135	114	102	107	111	104	96	90	92	48	51	51	57	122	112	110	109	111	106	106	105	101	101	103	98	103	95	96	95	92	95	96	99	101	99	95	93	104	104	94	91	94	92	91	91	95	88	89	94	90	92	91	92	92	92	95	89	97	92	83	92	89	87	92	94	104	174	165	170	192	193	183	175	174	180	184	183	188	189	194	145	136	146	88	73	77	79	97	119	114	109	101	118	96	93	81	97	74	86	87	93	216	233	233	232	231	235	235	235	229	231	231	232	232	233	233	233	233	196	81	98	132	127	120	121	118	118	119	115	123	133	135	129	133	130	136	136	126	138	133	144	128
87	89	89	94	99	92	101	99	102	100	98	105	104	102	102	98	102	97	99	101	101	102	102	106	104	70	57	63	79	91	109	123	138	144	125	126	156	194	195	189	189	190	180	163	155	148	136	97	58	60	68	95	149	196	188	156	130	82	56	74	88	70	78	92	104	90	68	52	48	47	54	127	114	116	115	107	109	109	107	109	106	101	100	96	103	100	98	99	95	95	92	93	99	98	95	93	96	95	95	89	88	90	92	88	92	90	95	93	92	90	93	90	93	96	94	94	89	88	92	93	87	87	84	87	124	161	161	176	180	185	182	181	179	187	177	182	181	180	126	130	174	134	135	126	137	123	115	106	106	99	84	82	86	93	80	76	88	85	104	184	222	236	234	231	234	235	234	234	235	233	237	234	226	227	227	203	160	77	107	139	119	118	118	122	120	114	124	110	129	130	129	134	131	135	138	130	133	138	142	127
86	93	94	96	99	97	102	101	100	100	105	99	95	99	103	97	99	101	103	100	99	103	105	103	102	77	62	73	83	92	105	122	136	125	126	176	207	206	202	206	202	198	195	200	197	199	190	134	111	95	80	127	174	214	199	168	119	53	77	157	139	80	86	55	56	79	81	52	44	45	51	126	117	117	117	110	113	110	108	107	110	108	109	106	104	104	101	103	103	99	106	99	99	98	101	99	99	99	98	98	95	94	98	94	94	97	99	94	97	99	98	98	94	96	92	93	98	91	87	88	90	85	81	81	88	129	153	172	173	176	170	177	178	177	179	178	177	178	146	140	170	147	126	137	139	115	113	108	104	96	76	64	85	95	78	83	87	95	101	106	110	147	190	186	169	155	151	167	219	234	228	164	144	138	138	134	116	73	113	134	118	117	115	121	127	121	121	122	127	126	130	129	129	133	137	138	130	133	143	128
86	95	96	101	98	108	105	104	104	107	106	104	107	107	106	109	112	105	104	100	103	101	97	97	99	80	66	77	93	102	122	140	140	132	177	216	211	203	204	207	200	203	203	203	200	192	184	169	141	128	141	187	211	219	204	186	129	70	89	129	122	112	91	82	87	94	90	76	43	44	56	129	118	117	113	109	111	112	107	105	107	105	112	109	105	109	113	111	112	107	103	99	103	107	102	105	106	100	100	100	100	98	102	106	102	103	106	103	99	100	99	97	99	97	95	98	94	90	91	89	91	88	91	85	81	87	128	155	171	172	162	146	140	134	131	129	134	137	129	137	136	118	102	95	94	97	105	98	90	72	85	91	78	92	72	76	81	98	108	102	101	102	104	108	119	131	126	118	130	179	157	143	131	128	122	120	104	77	125	139	128	108	114	119	127	139	127	125	120	130	137	128	130	136	133	147	125	127	142	130
108	115	117	119	119	123	126	128	130	130	129	125	133	130	129	129	127	128	126	125	130	127	128	128	128	84	72	87	109	121	138	145	131	156	210	203	204	204	202	196	197	195	196	191	185	180	174	172	181	196	216	216	215	219	211	189	165	99	86	112	129	135	133	127	123	116	104	93	46	44	91	154	152	156	153	155	158	155	152	155	156	152	154	156	152	153	153	152	152	152	152	150	153	153	157	156	161	159	159	155	151	153	153	150	153	157	154	151	155	155	153	151	149	147	153	151	149	150	151	147	150	148	149	141	144	140	143	151	158	168	161	126	124	151	153	164	174	160	143	148	149	148	136	120	105	94	94	92	85	94	104	81	71	94	75	79	131	141	140	142	138	142	140	143	136	110	108	110	98	94	122	133	125	116	110	110	91	94	124	141	132	111	108	125	136	129	115	122	117	128	136	126	129	137	139	141	132	119	138	131
105	105	111	110	114	114	117	119	118	119	121	123	123	122	121	121	122	128	131	132	133	141	139	137	134	94	72	87	104	121	135	130	154	180	191	196	197	193	194	191	191	188	193	188	185	179	185	194	199	202	205	207	211	218	217	193	176	134	81	109	135	147	144	141	124	111	97	85	44	50	111	135	134	133	136	133	133	135	134	132	133	139	140	140	139	141	142	142	140	140	143	142	141	140	138	138	139	139	140	141	141	139	145	145	140	138	138	138	138	141	142	141	142	143	144	143	141	140	139	137	141	141	142	142	139	142	140	166	149	161	153	135	141	144	141	145	133	112	108	125	117	119	102	87	79	90	92	88	90	89	90	68	90	78	78	81	140	139	145	156	155	143	152	154	151	120	109	97	87	81	117	122	117	106	100	118	80	108	129	129	129	114	106	123	121	125	121	117	128	112	127	125	131	134	138	135	137	120	138	122
93	91	92	94	95	99	99	101	106	105	107	105	106	107	109	108	104	106	109	108	108	106	106	106	102	95	79	85	106	128	147	150	158	179	180	185	189	191	183	183	194	191	192	194	193	184	196	198	199	193	191	200	212	216	218	201	169	140	108	89	128	145	139	129	115	96	84	76	44	83	116	115	114	113	113	113	112	114	112	111	111	111	110	110	111	111	111	111	110	110	109	106	106	106	105	105	106	106	107	107	106	118	153	153	114	116	114	114	114	113	111	110	111	109	109	108	108	109	110	108	111	111	113	112	114	115	115	161	172	148	163	143	148	160	174	169	159	161	185	174	169	163	146	122	106	112	128	111	91	84	74	69	89	66	84	81	141	133	113	148	155	132	124	114	109	105	95	93	101	119	120	124	123	125	120	114	72	118	132	125	135	119	111	123	112	118	124	121	129	109	128	131	135	137	139	139	136	137	127	111
84	103	98	89	92	98	107	111	117	125	122	122	126	126	127	127	124	124	124	127	130	129	129	126	123	123	113	88	93	123	179	172	175	189	175	180	187	182	184	185	189	188	188	196	200	199	195	186	182	160	149	204	189	194	201	170	145	113	92	72	97	132	129	116	97	84	72	68	72	108	111	111	111	101	94	94	95	95	90	95	94	92	94	91	94	95	112	117	112	96	92	88	89	92	94	95	93	91	89	90	91	109	147	146	115	115	110	112	118	114	113	119	112	113	112	121	114	112	121	112	110	112	117	110	111	118	109	155	172	165	145	158	167	177	177	173	170	174	166	155	158	156	144	128	116	122	115	102	77	64	63	74	69	74	74	83	114	106	126	174	172	102	94	83	91	106	123	116	121	114	110	114	106	99	99	106	66	120	130	127	135	125	106	117	115	115	123	124	117	123	112	131	134	134	140	138	128	142	128	116
65	95	99	65	66	64	67	68	66	66	78	80	86	97	101	129	127	130	130	131	134	134	137	138	137	139	135	116	85	69	93	151	161	173	190	182	181	182	188	189	191	192	192	201	194	193	186	178	156	145	175	178	109	115	143	102	90	69	62	54	66	107	113	99	81	69	66	83	103	100	110	108	107	97	62	57	56	55	55	80	66	52	52	53	53	71	109	113	110	73	49	50	51	51	51	91	52	49	50	49	53	117	205	212	114	108	103	108	114	107	108	118	106	108	108	122	110	109	121	112	108	112	117	107	109	111	73	166	172	170	158	137	131	138	147	154	159	146	120	113	111	131	104	88	90	85	88	71	62	61	61	62	70	71	76	75	57	45	116	202	214	79	73	86	115	106	108	103	98	91	89	91	94	84	81	101	70	121	118	125	135	133	107	119	117	116	128	127	125	133	102	124	132	137	136	135	132	136	130	115
67	98	95	66	61	67	73	73	73	79	81	81	83	83	76	175	154	134	144	145	145	148	151	151	156	152	143	144	118	90	78	62	57	124	192	186	176	183	191	190	192	199	202	201	196	189	174	162	175	199	203	204	201	188	151	137	104	88	76	65	73	94	95	84	70	66	71	108	101	102	110	106	106	97	69	61	60	57	57	83	69	58	53	57	56	71	108	116	109	75	53	53	56	55	54	90	55	54	52	54	54	123	218	215	119	114	106	112	120	110	108	120	109	112	112	125	113	113	119	113	114	112	116	104	69	41	43	175	184	167	153	159	145	123	117	106	124	110	109	104	110	110	101	92	89	91	88	77	62	58	62	66	74	69	72	76	66	21	23	30	100	70	72	100	103	107	109	95	92	89	83	78	82	73	81	87	81	119	120	126	138	138	110	92	94	104	108	112	112	104	98	90	115	110	116	123	107	122	112	94
62	95	93	65	63	68	66	66	68	70	72	69	70	75	85	184	164	143	148	149	152	151	153	155	159	155	154	157	128	114	129	95	62	71	186	189	188	184	187	189	192	194	196	196	188	176	176	189	197	194	193	196	193	187	150	175	138	128	125	117	115	103	90	77	69	69	93	106	104	105	107	108	107	99	73	62	61	59	60	87	71	65	58	59	59	72	110	114	112	78	58	58	60	61	59	90	58	56	55	57	58	121	200	198	116	116	114	121	123	111	114	121	113	110	111	128	116	118	127	115	110	88	58	33	32	36	79	161	164	165	161	154	164	167	142	125	116	96	96	99	106	121	116	108	90	72	60	55	56	63	71	78	79	80	79	77	94	42	21	25	17	21	43	94	95	89	82	86	83	77	78	72	69	66	63	72	86	122	124	131	134	138	142	135	87	85	68	71	58	55	63	56	64	57	63	73	57	80	62	69
66	85	87	63	63	62	68	71	69	76	77	74	80	87	111	184	157	153	144	147	151	147	151	151	153	149	149	152	124	117	137	110	92	68	109	184	189	188	189	189	192	192	191	189	175	184	183	176	175	177	175	166	154	145	130	137	100	98	111	112	108	93	85	74	73	75	102	109	102	102	110	109	110	102	74	66	67	65	63	85	73	63	60	63	59	75	111	116	116	77	61	64	62	64	61	91	63	61	61	61	60	89	163	120	119	120	120	126	127	120	120	127	113	112	102	104	86	78	68	52	33	32	31	30	32	46	126	149	156	162	162	165	157	155	163	160	155	156	141	137	119	122	126	89	76	64	67	65	69	73	81	89	93	83	98	101	81	51	31	22	23	19	17	16	46	77	89	84	75	74	71	66	62	60	52	49	69	124	120	129	132	142	143	141	88	98	96	89	86	82	73	64	83	50	61	75	51	77	55	68
67	84	84	69	71	75	70	72	70	77	74	72	62	54	80	172	130	159	131	134	139	135	137	138	138	143	148	152	119	117	104	91	109	114	84	149	187	189	187	187	190	192	186	186	186	191	182	132	142	149	144	141	134	116	103	99	85	77	78	84	98	88	76	75	71	92	105	109	101	102	110	111	110	99	74	66	69	68	65	84	71	61	60	64	62	80	112	118	113	80	62	68	69	68	65	90	67	66	67	65	64	93	156	120	122	122	118	106	90	73	57	48	37	31	31	31	31	30	32	30	33	30	31	30	31	52	132	166	154	158	156	153	157	161	160	164	166	159	158	146	127	115	121	115	88	81	82	89	97	97	95	97	99	125	118	88	76	65	37	16	22	24	21	20	15	16	23	39	56	65	70	65	58	57	44	40	57	118	122	126	132	143	147	137	87	102	91	97	88	94	85	91	88	95	102	85	80	94	75	74
60	103	94	60	46	62	57	57	59	55	53	65	142	132	139	172	144	161	141	136	131	132	136	136	139	139	139	151	124	119	110	108	68	102	130	127	185	181	187	187	195	194	190	190	192	185	158	171	191	186	179	171	155	120	100	103	102	95	89	76	85	80	72	74	80	103	106	109	102	103	113	111	111	101	74	68	68	67	65	89	70	62	63	66	74	78	115	120	117	82	67	68	69	69	65	88	69	70	68	68	71	86	105	70	60	45	52	31	33	30	32	30	32	31	31	33	33	33	33	32	31	31	31	32	36	70	136	205	213	200	177	155	157	163	173	167	164	165	157	146	122	114	132	126	104	96	96	98	108	112	134	138	148	130	107	92	90	62	45	25	21	23	18	22	22	22	17	18	16	15	18	24	29	33	33	29	47	103	118	127	128	139	145	135	92	99	92	94	86	94	86	96	88	95	97	82	76	95	75	73
63	115	94	58	43	67	56	59	58	52	42	65	176	180	163	183	163	169	178	184	176	158	152	139	140	138	138	149	127	120	110	142	102	83	127	117	191	182	176	183	192	188	189	187	191	183	172	181	182	164	153	137	125	133	137	113	96	82	74	72	78	70	69	81	104	103	106	112	102	102	114	113	111	101	76	68	67	68	66	88	75	66	66	67	136	82	117	123	121	83	68	69	72	69	68	85	66	56	49	43	35	29	30	28	29	21	141	29	30	30	33	32	32	31	33	33	31	31	31	31	31	30	31	33	45	90	150	198	173	234	234	232	218	207	203	192	183	164	149	133	125	136	140	141	151	150	153	172	185	195	184	164	144	122	106	112	92	82	54	28	20	25	19	27	31	23	20	18	19	16	16	15	19	25	21	14	17	21	21	27	45	62	82	93	87	92	91	94	85	93	87	96	90	84	91	79	74	92	70	72
64	112	94	53	41	66	53	46	44	49	51	70	183	184	158	181	160	163	175	174	177	182	182	178	170	157	150	149	129	122	123	150	122	110	134	123	179	193	177	173	177	183	182	184	187	183	181	180	176	173	171	173	178	163	135	107	94	77	66	69	68	68	82	106	111	104	106	112	102	106	112	117	113	103	80	71	70	70	69	85	78	68	70	71	116	73	116	126	122	87	69	58	52	53	42	32	29	28	28	27	27	29	27	28	30	23	99	32	28	30	35	31	32	33	33	33	32	33	32	31	30	31	33	37	60	127	222	220	136	215	222	230	233	235	235	236	231	230	225	216	215	205	168	195	205	202	200	197	198	189	180	173	159	147	154	136	120	97	58	21	23	22	23	24	18	22	20	20	21	21	18	16	14	19	18	19	16	16	17	19	18	21	20	20	22	22	30	45	58	83	82	89	90	77	83	73	71	84	64	72
65	131	93	65	43	67	46	43	49	52	51	65	187	191	165	183	164	174	182	177	180	184	182	180	177	179	176	159	133	136	134	148	137	136	147	130	171	194	190	180	172	167	171	174	177	174	180	190	193	183	170	151	140	118	92	77	74	72	66	67	71	90	104	108	110	104	107	112	101	106	111	115	113	103	90	89	89	86	87	92	88	86	88	88	116	72	113	124	109	56	40	36	34	30	31	30	29	28	28	29	26	28	28	29	31	25	90	32	30	30	31	30	32	32	30	31	32	32	32	33	32	32	32	36	64	131	236	226	138	205	196	198	218	222	221	225	225	223	219	215	199	182	153	190	195	194	204	212	220	223	222	191	201	205	227	225	216	175	62	28	21	15	18	21	21	19	20	20	18	20	21	22	20	17	20	22	21	19	22	17	19	18	20	19	20	22	21	23	24	20	34	53	74	62	70	61	62	74	61	65
67	139	93	52	44	73	56	53	48	49	47	71	181	189	168	190	167	175	185	185	184	188	186	186	186	182	179	166	133	143	140	150	148	139	156	128	166	189	187	187	178	168	160	159	157	160	158	157	154	142	129	118	110	96	82	82	78	75	73	73	70	102	106	110	110	104	105	114	104	103	111	115	116	103	80	72	72	70	70	84	79	73	73	70	94	71	113	96	38	38	41	34	27	31	30	30	29	29	28	29	29	29	29	28	28	24	98	31	30	31	31	30	29	30	30	32	31	33	31	30	33	32	31	35	61	121	229	232	144	203	198	208	231	234	233	234	232	234	224	234	220	215	219	228	236	237	237	237	231	228	226	212	215	212	230	230	221	200	68	27	18	15	13	16	16	16	23	24	23	23	27	25	24	24	24	24	22	19	18	20	18	16	20	22	22	21	25	22	23	24	27	25	22	32	46	55	52	66	52	63
62	142	96	50	50	71	48	46	47	50	57	71	183	186	169	186	178	176	180	179	178	180	180	182	181	181	172	188	158	150	138	142	114	144	155	133	167	183	186	182	185	180	172	161	151	151	147	144	129	123	118	111	107	98	92	88	83	79	72	68	65	105	106	113	110	106	103	113	104	105	115	117	119	104	82	73	74	72	72	86	80	73	76	74	101	69	80	37	39	40	39	34	22	27	31	31	30	28	29	29	27	31	29	28	29	23	102	30	30	31	32	28	31	29	29	30	29	31	30	30	32	31	32	35	64	151	190	237	143	206	196	200	234	235	235	236	236	235	233	238	221	216	225	240	234	232	233	225	226	233	237	216	221	219	236	234	226	208	50	38	26	26	23	26	21	20	24	27	25	30	30	28	26	28	25	21	24	22	26	24	25	24	28	29	24	26	21	25	26	26	28	28	29	25	28	23	24	25	31	45
57	148	97	57	52	73	41	46	57	65	62	74	182	194	172	194	170	179	186	186	189	189	185	189	186	188	185	201	167	204	186	180	97	137	154	133	166	183	180	182	183	181	180	175	167	153	142	130	126	120	113	108	102	97	88	83	74	65	63	64	66	107	104	111	116	106	106	116	107	106	114	119	122	103	79	76	77	76	74	85	85	77	77	76	102	62	34	39	39	40	36	31	22	30	29	28	28	26	27	28	32	30	28	29	29	21	105	34	28	29	32	29	30	30	30	30	30	32	32	32	33	31	34	37	62	151	216	224	137	189	196	211	231	234	234	233	234	238	236	239	222	215	222	238	229	222	223	227	237	240	242	218	221	219	232	234	227	201	46	37	37	25	20	26	21	34	28	22	32	33	26	33	21	27	31	30	25	26	31	32	28	24	26	28	32	26	30	27	28	25	29	28	26	32	31	29	32	27	34	31
60	144	98	51	48	70	49	60	58	55	55	71	189	194	159	178	174	167	175	172	172	174	171	176	176	171	171	191	170	207	195	193	182	139	177	137	175	185	178	179	182	179	180	178	174	170	157	140	124	112	102	96	88	86	82	79	72	66	67	65	66	108	112	113	120	106	107	121	109	109	116	120	120	105	81	75	76	78	74	94	86	77	78	77	102	51	40	42	41	37	37	24	19	30	29	29	27	27	32	33	31	30	29	29	29	23	103	33	28	29	29	30	31	31	30	29	32	30	30	32	33	31	33	34	58	157	220	225	138	190	206	217	233	229	233	236	227	233	238	240	222	213	208	218	217	220	239	239	238	239	239	219	220	217	232	233	228	188	43	30	39	37	26	20	25	30	33	32	32	31	28	26	24	19	29	34	28	29	34	25	20	22	27	35	31	30	33	32	25	25	26	32	29	37	29	20	28	22	22	26
62	152	90	41	41	74	50	51	51	44	47	74	185	187	162	179	171	166	176	178	181	178	183	183	184	185	184	198	169	217	192	195	194	204	180	159	181	179	174	182	178	178	173	175	173	165	165	162	146	128	117	105	101	89	79	75	73	71	68	70	66	104	113	114	126	108	108	126	113	114	120	123	124	105	83	77	76	77	77	99	87	79	78	80	108	60	42	40	41	37	33	20	18	30	28	27	28	33	33	32	32	30	31	28	30	25	100	35	28	29	29	29	31	29	30	29	30	30	31	33	31	32	34	34	64	192	240	225	138	188	199	216	232	235	233	237	234	234	234	239	207	192	186	223	235	235	237	240	240	241	242	214	212	211	232	233	227	153	40	29	51	41	31	27	29	36	32	33	21	22	19	21	25	22	29	33	27	30	35	36	21	20	30	34	35	38	33	32	31	28	25	27	28	31	29	19	22	16	22	24
50	153	94	53	55	71	49	49	46	49	66	81	186	181	156	177	164	160	170	169	170	172	175	178	179	180	182	199	171	219	199	194	190	213	169	174	188	181	176	180	177	178	175	175	174	171	166	164	151	131	116	112	102	93	86	85	78	74	72	69	67	130	155	113	124	111	111	129	119	117	123	124	125	105	87	80	80	79	80	96	88	79	79	65	90	61	43	41	40	37	29	18	21	28	26	26	33	33	30	31	31	30	30	30	30	25	105	40	29	30	29	31	30	32	30	31	30	30	32	32	31	32	34	29	66	188	239	213	137	191	198	205	225	231	234	235	228	235	232	220	186	184	213	241	241	235	240	242	244	241	235	207	211	210	237	236	220	108	37	28	38	40	40	39	40	37	34	26	21	31	33	36	29	24	25	30	24	35	29	31	30	31	31	33	27	41	34	33	36	34	23	29	31	34	38	25	18	15	25	26
63	111	83	69	67	75	67	70	73	80	68	90	185	173	166	181	167	162	173	174	176	173	182	185	186	187	187	197	174	216	199	206	226	235	208	169	189	182	177	177	181	178	174	175	171	171	166	157	147	133	118	112	105	101	99	90	87	81	73	70	62	69	97	132	121	113	112	127	119	118	122	126	126	107	88	78	79	78	80	96	88	80	62	36	83	65	43	43	38	37	23	23	33	29	26	34	34	31	29	30	29	31	30	30	29	25	99	39	29	30	28	29	31	31	31	30	31	32	31	31	32	33	34	29	67	178	233	222	141	193	202	194	216	226	232	229	232	236	223	207	188	199	219	241	242	236	240	241	246	244	223	217	212	216	241	234	215	58	35	30	30	41	43	43	36	36	34	27	18	26	33	38	47	47	38	27	28	31	28	34	28	30	29	31	32	38	30	33	38	39	24	22	28	29	23	33	20	21	29	25
60	118	85	60	57	76	64	72	75	81	73	70	182	175	160	167	147	165	171	174	176	178	175	178	180	179	179	194	175	211	205	235	240	239	237	232	210	193	186	184	180	178	176	172	170	173	165	155	145	130	122	114	107	108	104	101	93	84	74	70	69	92	142	153	146	129	132	151	129	139	141	157	161	126	103	111	113	111	111	114	112	84	36	33	82	69	42	43	40	31	27	26	32	27	32	36	32	31	30	30	29	28	29	29	29	28	95	43	30	31	29	30	30	31	31	30	30	31	31	31	33	31	36	28	69	168	234	216	136	193	201	197	230	227	227	223	235	234	211	209	198	201	214	237	243	236	240	241	245	243	233	209	209	220	242	231	169	43	34	30	30	44	42	42	39	32	31	22	20	23	31	34	40	46	34	26	30	31	31	31	30	29	29	29	33	32	31	31	32	47	40	30	29	26	27	17	24	35	24	30
51	122	92	43	45	76	62	73	75	68	75	70	180	169	161	177	163	150	130	134	175	178	182	182	186	181	179	192	176	212	234	237	239	238	241	241	241	240	232	219	207	188	182	179	180	172	168	161	143	131	123	115	115	119	114	109	96	87	79	78	126	152	157	156	159	143	134	157	172	187	170	147	138	138	151	135	137	154	137	130	120	41	28	30	85	63	42	42	37	29	39	30	37	26	35	33	31	30	30	30	29	30	30	32	31	27	98	46	29	30	31	29	30	31	31	30	32	31	33	31	32	32	34	29	66	165	233	214	130	192	200	211	232	224	223	232	237	235	213	213	199	201	193	238	244	232	241	241	243	242	234	202	216	213	240	231	131	42	33	29	35	39	40	39	23	27	25	42	32	23	27	35	40	45	29	23	26	30	32	22	27	23	25	29	29	22	31	35	26	33	45	42	33	34	33	29	31	30	25	29
48	149	95	46	45	76	57	65	79	70	76	73	177	149	120	136	146	75	97	92	108	104	128	171	174	173	171	191	156	209	233	237	239	237	242	242	242	242	238	239	237	237	227	214	202	178	158	149	144	136	128	126	127	141	135	126	112	98	111	187	195	183	177	167	164	157	144	129	135	183	181	158	184	180	178	163	178	192	155	175	64	33	23	30	89	63	41	40	35	34	38	19	40	36	36	31	30	31	29	28	29	30	30	30	30	28	96	51	31	31	30	29	30	32	32	31	32	33	32	30	30	33	33	27	73	164	217	216	133	198	207	209	227	225	229	237	225	228	213	217	195	203	224	240	243	233	240	242	241	241	236	207	215	215	242	231	86	40	33	29	35	36	24	27	27	27	26	39	34	27	31	35	40	39	20	21	35	35	28	25	31	27	26	17	23	24	20	27	27	20	27	30	27	30	28	33	29	31	27	26
51	155	95	57	56	70	48	58	81	74	75	78	111	99	101	114	80	74	94	111	92	93	88	162	151	136	119	88	67	73	138	210	238	237	235	236	241	242	238	235	235	238	236	235	234	230	224	200	173	152	135	130	148	156	154	144	154	190	220	208	204	200	189	191	173	163	147	129	69	46	100	131	182	177	178	166	175	190	151	128	37	32	22	41	83	69	42	38	37	34	44	26	27	40	34	34	29	29	28	26	30	28	29	31	29	28	94	53	31	30	29	30	31	32	32	31	31	31	31	29	30	31	32	31	74	158	219	206	126	199	209	215	219	217	223	232	227	221	219	215	195	197	230	240	241	232	236	240	243	232	214	208	212	209	239	218	58	37	34	27	31	44	29	28	26	27	25	41	37	26	30	35	39	30	24	23	23	29	31	27	24	23	21	22	21	19	16	16	17	15	17	15	25	31	31	33	32	32	25	32
53	161	93	55	49	72	45	50	73	96	49	87	92	118	124	125	103	112	88	61	98	94	102	127	95	70	61	57	54	51	50	51	103	172	229	235	235	235	238	238	236	230	232	231	231	233	234	233	226	216	198	166	155	144	145	176	212	214	207	203	204	202	198	193	193	189	184	102	42	19	19	23	72	119	157	145	156	184	144	71	35	31	19	29	87	71	39	39	34	34	47	42	40	38	34	32	30	29	28	30	28	28	30	31	31	26	92	56	29	32	30	29	32	32	31	30	30	30	30	30	30	30	33	40	68	153	223	198	133	202	214	220	225	231	223	231	227	220	223	212	207	194	223	240	240	227	235	235	235	234	232	223	222	216	231	186	52	35	33	27	27	38	27	28	27	28	21	40	36	26	32	36	39	22	29	18	16	19	21	28	20	20	21	24	19	26	19	16	17	16	14	19	24	31	29	37	32	28	22	29
55	155	96	50	44	76	53	76	104	93	84	122	109	119	159	147	132	104	95	85	110	82	67	57	51	46	42	41	37	39	38	35	39	40	53	145	223	237	236	238	237	233	230	229	228	225	218	195	125	64	121	141	146	119	108	67	39	75	148	183	181	183	181	181	185	186	94	25	19	14	15	11	10	12	20	65	104	164	119	39	33	26	17	26	87	77	39	38	32	36	48	37	42	36	33	31	31	28	28	28	29	27	29	30	31	28	87	67	29	32	33	31	33	34	31	31	30	29	30	30	31	30	33	29	60	146	209	205	126	204	210	231	234	235	221	232	225	218	223	213	213	198	223	240	240	227	235	237	236	233	230	218	218	217	224	159	49	33	34	27	23	35	34	28	29	29	17	32	32	26	33	38	27	26	23	15	18	19	16	17	16	13	15	19	18	23	24	21	23	17	20	17	23	18	25	31	29	34	25	27
84	149	92	92	89	94	96	102	141	88	75	75	83	102	123	122	130	101	83	119	152	56	45	42	40	38	35	34	35	31	35	35	35	37	39	39	58	127	189	231	231	230	229	221	209	200	105	32	22	136	126	152	156	149	113	91	58	19	22	67	144	177	177	176	130	54	19	18	13	14	13	9	8	6	9	12	13	19	35	36	31	20	14	21	87	79	41	39	31	30	49	39	49	35	34	29	30	30	28	27	30	28	30	30	29	28	79	76	27	32	31	32	33	35	31	33	29	29	31	31	30	32	33	34	58	130	192	207	121	214	207	233	235	235	228	227	226	218	224	216	216	213	219	239	240	226	235	236	234	230	221	215	211	213	218	128	48	34	30	27	28	32	40	28	28	29	24	37	32	28	36	30	25	26	16	14	14	11	11	14	12	15	14	16	20	22	21	26	20	17	19	24	26	26	20	27	37	34	22	27
100	123	98	90	91	100	101	106	111	115	117	113	114	115	113	101	85	76	65	66	127	129	124	41	36	37	31	31	33	35	34	36	38	38	39	40	39	39	39	59	113	177	214	189	124	48	25	31	28	136	112	124	144	147	127	112	74	25	17	25	24	48	84	41	19	18	17	17	15	14	14	14	13	12	11	16	17	11	31	31	30	17	18	18	82	80	40	38	30	29	54	39	42	36	32	29	30	30	29	28	30	28	30	29	30	29	74	77	30	31	31	32	32	33	33	33	29	31	30	30	31	30	32	36	52	117	181	200	118	210	209	230	231	228	230	229	229	222	224	213	217	218	220	235	230	225	226	227	226	217	205	196	185	182	180	112	46	32	29	29	29	25	36	28	29	29	29	32	24	31	31	25	31	22	14	12	14	10	13	13	16	15	17	11	20	20	21	20	22	22	19	19	20	22	20	22	25	32	19	33
92	99	103	106	102	104	104	103	99	104	102	105	96	86	61	65	59	55	53	53	65	92	130	116	93	35	33	35	34	35	36	39	38	39	40	39	38	38	36	37	40	41	48	39	40	41	39	37	36	75	113	142	152	145	133	102	51	13	23	23	24	25	23	23	21	16	17	17	15	15	13	12	14	18	12	19	24	32	35	32	30	21	31	26	80	84	33	37	32	24	43	39	36	36	33	29	32	32	31	30	29	29	30	30	29	28	70	78	27	31	31	30	32	33	34	32	29	30	29	29	31	30	33	33	43	88	128	170	114	193	203	216	219	214	220	219	215	210	212	210	206	204	213	209	210	202	190	191	192	197	185	167	161	159	151	91	41	31	30	29	31	32	23	29	27	32	32	28	22	34	24	38	31	22	13	12	10	15	17	14	15	13	14	20	21	28	25	22	23	24	25	24	25	24	22	20	25	21	19	23
144	136	135	138	139	145	141	150	137	113	75	59	59	56	57	55	53	53	64	52	50	50	49	69	151	52	59	41	35	37	37	37	37	39	38	39	38	38	38	37	38	37	37	37	38	36	37	34	33	34	48	71	91	82	58	33	18	26	27	26	25	26	23	23	22	22	20	20	17	18	16	13	14	17	21	25	34	36	35	33	28	25	28	39	71	82	35	33	31	29	46	46	41	37	32	31	33	33	32	31	31	31	29	27	30	28	66	86	32	31	29	30	32	32	33	33	29	28	31	29	30	30	32	34	30	64	84	134	102	151	178	186	185	185	189	188	188	184	165	184	187	174	179	180	190	193	191	184	181	185	171	156	146	156	138	78	40	30	28	29	26	24	22	29	27	32	34	29	34	28	35	33	26	23	15	11	13	14	14	15	13	17	16	18	16	15	18	14	15	18	19	19	18	23	18	20	27	20	22	18
103	104	102	106	107	101	94	67	58	57	54	62	55	58	57	56	54	54	52	53	49	50	52	54	58	93	150	86	37	37	38	39	34	34	36	37	37	39	37	34	33	34	33	35	36	35	33	33	33	31	31	34	32	30	30	28	27	27	26	27	27	25	23	21	21	20	22	20	19	16	19	18	17	18	32	39	24	31	35	35	27	19	30	21	54	83	35	31	31	27	43	47	47	34	31	31	33	30	31	32	32	32	30	29	29	30	61	92	35	29	29	30	30	30	32	31	31	30	30	30	30	31	31	31	24	41	70	134	94	124	140	147	155	172	175	174	163	171	172	161	155	150	172	168	162	156	158	158	141	149	153	152	152	157	145	71	37	32	30	31	29	30	25	24	28	33	32	32	30	35	28	33	20	15	12	10	14	13	11	15	16	14	13	13	14	16	14	12	13	13	16	15	18	26	30	21	22	19	23	26
117	113	104	73	61	58	53	60	53	51	53	53	68	77	71	52	52	51	50	49	62	53	48	45	45	47	76	115	124	187	34	34	37	34	34	35	33	35	33	32	32	32	32	30	32	32	31	30	31	30	31	33	30	26	27	29	29	28	26	26	26	25	23	22	21	20	21	22	20	21	20	21	64	35	34	27	25	32	32	34	24	17	29	27	53	87	37	32	32	28	40	44	40	35	28	30	31	30	30	30	31	32	31	30	31	31	62	98	30	29	30	30	30	28	30	32	30	28	30	30	29	30	30	32	29	26	85	141	96	142	154	159	157	163	172	175	166	167	167	164	157	154	159	164	159	161	161	155	140	138	148	153	148	145	135	56	36	33	30	30	32	29	25	23	24	30	34	29	38	32	29	20	18	16	11	10	13	12	14	13	13	13	13	13	14	16	14	12	19	22	23	18	16	20	27	21	20	22	21	18
126	93	74	59	53	50	49	51	51	52	65	52	55	52	53	51	63	51	50	48	45	47	48	56	46	44	44	44	46	75	97	123	163	30	33	33	33	33	31	29	30	29	31	31	29	29	29	28	29	26	28	32	30	29	30	31	28	26	29	25	25	25	27	26	22	22	24	22	26	58	50	46	56	23	23	28	24	32	32	34	30	18	30	31	53	90	30	32	31	27	36	40	37	34	31	30	31	31	28	30	29	32	31	31	30	30	61	105	39	29	29	29	29	29	31	32	29	29	29	31	31	30	28	34	26	20	57	129	90	130	139	152	154	154	154	152	152	156	166	150	142	136	144	156	163	157	156	133	138	122	141	161	151	150	125	54	37	35	33	32	30	29	28	23	24	30	38	34	28	32	21	22	16	12	12	13	12	13	14	16	14	12	13	14	14	16	15	15	16	17	15	15	17	20	22	21	17	20	28	20
140	97	62	51	50	50	54	54	51	51	50	52	53	55	54	48	48	44	43	55	52	51	44	41	42	43	44	43	44	44	45	44	88	97	134	149	41	34	62	36	31	29	30	31	30	28	28	27	27	26	29	25	24	27	25	25	25	26	28	27	24	26	23	30	21	52	56	38	62	55	43	38	33	35	25	24	26	26	31	35	27	17	30	27	51	95	27	29	32	29	30	40	43	34	31	29	37	31	31	31	30	33	31	30	31	29	54	107	37	32	29	29	29	31	30	32	29	32	29	32	30	30	28	34	29	16	67	135	79	150	143	154	155	160	166	160	170	165	160	172	148	158	156	167	177	168	134	122	124	114	146	163	150	146	119	58	38	37	33	32	30	29	27	27	32	39	38	31	26	20	17	20	15	13	13	14	14	13	14	15	15	14	14	15	16	16	16	17	21	19	16	16	16	27	29	33	17	18	30	18
62	94	98	48	51	64	67	63	51	51	51	53	56	57	49	45	42	44	44	60	70	53	41	44	43	43	45	59	42	43	41	43	44	59	58	71	81	108	92	138	69	119	110	44	52	109	108	38	27	77	86	40	26	74	89	45	33	85	72	35	23	68	79	62	49	75	35	47	39	48	35	32	29	26	26	26	27	26	30	32	31	22	26	24	53	88	37	19	32	30	22	35	34	34	31	31	31	29	29	31	30	31	31	31	30	28	48	113	41	28	28	29	30	29	30	32	31	33	32	31	30	31	29	37	25	15	70	131	79	140	121	144	146	162	163	158	158	160	150	156	136	164	165	178	174	152	123	116	111	117	146	158	152	143	118	61	39	37	32	33	30	30	28	28	35	26	32	28	22	16	13	13	16	13	15	16	14	15	16	15	14	15	16	17	17	22	20	18	21	18	19	20	21	16	19	28	19	18	27	22
59	71	79	111	50	45	43	49	55	56	49	47	44	43	41	40	59	42	43	42	43	43	41	48	40	41	41	42	42	41	50	45	43	42	43	42	43	55	47	45	51	48	42	69	84	56	53	78	75	78	52	69	80	74	45	73	75	61	35	68	51	53	36	38	39	40	42	38	37	35	32	33	29	24	24	28	27	25	28	32	33	26	20	34	43	87	33	32	29	30	27	36	36	33	33	32	32	31	29	31	30	32	33	33	31	29	46	115	52	28	29	28	29	31	30	31	31	31	31	32	29	30	30	35	20	16	81	122	81	130	113	133	137	147	156	166	158	156	133	153	141	155	169	174	162	130	114	96	102	121	144	148	149	149	120	56	40	35	33	33	31	29	31	32	36	29	35	28	18	14	15	15	15	14	16	18	18	18	16	16	18	19	17	30	25	22	21	21	26	25	27	23	29	37	35	28	28	19	31	21
64	63	48	111	80	51	31	37	41	40	41	41	45	44	44	43	41	40	41	42	42	42	41	42	41	40	40	40	40	40	42	41	42	41	41	41	41	42	42	40	42	42	44	42	44	42	42	43	42	40	40	40	40	41	40	41	42	42	40	40	37	37	39	38	40	41	43	39	34	33	32	32	32	27	27	27	26	28	29	32	32	30	23	36	46	92	27	38	31	29	29	38	36	32	31	32	33	31	31	31	30	32	32	32	30	29	46	118	50	28	27	28	29	29	28	29	30	27	32	31	29	30	29	34	21	15	78	124	88	126	106	115	133	141	143	164	161	152	129	125	125	151	166	166	143	122	96	86	96	128	155	148	151	149	119	58	44	36	34	32	31	31	35	40	40	34	24	21	17	14	15	15	15	15	17	19	18	21	18	16	16	19	18	17	21	19	21	18	15	19	26	33	35	30	19	28	33	23	24	25
56	54	46	41	33	93	38	29	35	39	40	62	53	61	42	41	40	41	41	47	47	42	40	44	44	44	54	59	48	38	40	40	40	46	47	40	41	42	41	53	66	59	40	41	41	40	40	40	56	39	41	39	41	41	51	68	71	40	41	38	37	37	34	56	39	38	38	37	37	40	41	38	26	23	27	27	26	30	30	29	33	28	28	29	46	94	22	28	37	31	35	35	42	32	31	32	33	32	34	29	30	31	31	32	30	29	41	121	47	28	29	28	29	29	29	28	30	30	28	30	28	30	24	27	18	19	75	115	91	125	110	120	120	134	130	152	162	146	138	113	144	151	167	148	129	107	93	101	120	145	150	141	140	144	114	55	46	38	34	33	30	30	40	36	39	33	27	17	17	16	13	15	18	18	14	18	20	22	17	20	19	24	16	18	19	15	16	22	18	16	21	30	33	27	22	24	27	21	24	26
41	50	42	39	36	77	40	34	35	37	39	41	48	41	40	39	39	41	39	39	40	41	40	41	41	41	46	52	40	37	38	39	39	40	40	41	41	39	37	44	54	49	41	41	40	40	40	40	39	39	39	41	38	38	40	54	48	41	39	36	36	37	36	41	35	35	33	35	34	37	41	33	20	26	25	27	27	27	30	30	30	31	29	26	40	89	20	21	33	40	38	28	43	33	30	32	34	31	34	31	32	31	30	33	30	31	44	123	36	30	29	29	29	29	30	28	29	28	27	28	28	30	25	25	16	20	72	112	81	119	121	119	120	134	134	138	143	150	137	127	142	163	141	121	109	103	107	121	129	170	154	140	142	139	113	56	48	35	34	33	34	28	35	36	34	33	24	13	12	19	17	15	18	15	15	17	24	22	18	19	16	30	16	17	16	14	16	16	21	23	31	26	30	30	26	33	30	25	28	26
42	41	36	40	30	27	24	35	35	35	40	39	41	41	40	41	44	38	41	38	39	38	38	49	39	39	39	38	40	39	45	40	37	38	41	40	38	45	38	40	39	39	40	40	49	40	39	38	38	37	38	43	38	37	38	38	38	38	37	45	34	35	36	35	33	34	40	31	34	34	34	35	20	24	28	32	34	32	33	30	28	32	29	29	36	97	25	20	28	28	36	28	37	30	29	31	33	29	33	32	31	31	30	30	29	31	52	127	38	29	31	31	32	31	28	29	30	30	24	25	25	30	28	28	21	15	66	106	80	119	122	120	123	128	131	134	147	149	143	134	142	141	119	103	99	112	116	125	152	169	155	138	139	136	110	65	53	37	35	31	32	36	33	33	21	24	16	12	13	16	15	18	18	16	15	17	16	21	21	19	21	24	22	16	15	15	15	16	18	19	17	19	32	25	33	34	33	26	31	21
38	35	31	36	32	27	23	33	34	26	40	38	35	38	38	39	38	38	41	42	45	39	38	38	40	39	37	37	38	39	39	38	37	43	42	35	36	35	37	36	39	38	38	38	42	43	39	44	43	39	36	35	36	35	35	35	34	35	34	34	36	36	42	45	32	34	33	33	34	34	37	27	23	24	27	29	32	32	33	32	32	32	29	29	27	99	29	21	25	23	30	20	37	31	29	34	35	31	31	30	33	29	31	30	29	30	44	128	40	30	28	33	31	27	30	30	29	30	27	24	24	28	26	26	24	11	69	110	82	126	123	122	116	127	126	130	137	142	149	131	124	124	113	102	117	123	125	134	175	167	157	130	129	147	101	68	56	41	35	29	33	34	31	27	17	19	12	13	14	16	16	16	18	16	22	20	16	18	20	22	28	25	20	16	20	16	19	15	18	15	19	18	23	25	35	36	36	30	29	24
50	34	30	31	30	25	23	26	39	20	41	38	44	36	35	36	38	38	43	59	54	41	39	40	38	37	41	48	37	37	38	36	48	57	55	36	36	34	36	37	39	44	37	39	45	41	37	48	63	44	37	35	40	35	36	42	41	33	33	34	35	37	47	46	40	32	31	32	33	41	37	26	26	25	24	28	29	30	30	34	32	33	29	29	24	93	36	23	23	24	25	20	39	32	31	28	32	33	31	32	33	28	27	29	31	29	36	127	51	29	32	30	31	28	28	30	36	32	32	26	25	28	27	19	27	14	61	114	79	124	122	120	118	118	123	125	127	139	131	109	114	113	116	123	131	124	123	161	172	167	143	122	129	148	96	71	56	41	33	30	37	28	27	19	16	16	12	12	16	17	18	15	16	17	17	19	22	21	23	17	23	26	20	17	19	20	21	20	17	20	19	17	33	26	31	32	34	31	34	27
41	31	28	29	28	29	25	22	19	19	31	39	35	37	36	38	41	39	40	37	38	40	32	49	36	37	38	37	35	36	46	36	34	35	37	38	37	39	38	36	36	37	38	40	46	37	35	36	37	37	36	37	39	34	32	32	33	32	31	37	31	34	32	31	30	30	42	29	31	35	32	26	29	25	27	29	31	35	35	33	30	32	33	27	23	73	57	25	20	17	17	20	42	34	31	32	31	32	33	32	31	29	29	29	31	30	35	129	55	30	29	30	33	28	27	30	30	30	29	29	24	27	26	19	30	14	47	108	83	126	116	119	118	121	128	126	130	131	128	114	124	129	133	129	125	120	157	169	168	157	131	124	122	155	109	67	54	39	29	36	35	29	19	17	15	20	15	18	18	18	18	16	15	13	13	15	14	14	15	16	17	17	16	18	17	17	18	20	21	17	22	19	21	28	37	35	26	33	33	29
42	28	27	26	26	25	22	21	13	23	25	37	34	35	36	36	36	38	39	38	36	38	40	34	37	38	37	34	35	34	36	34	37	37	37	37	39	45	36	36	36	37	39	34	33	33	34	34	37	35	36	39	39	33	32	30	28	30	31	37	34	31	31	30	29	29	30	31	31	32	31	23	29	26	26	27	31	33	33	38	34	30	32	29	26	42	91	31	28	20	19	25	47	32	31	31	31	32	32	30	29	29	28	32	31	33	33	128	58	31	31	31	33	32	28	30	30	32	31	36	20	24	22	18	27	16	37	108	100	121	118	112	111	124	128	124	133	132	134	138	149	144	128	113	112	164	169	165	158	144	130	121	120	152	120	66	49	31	24	34	29	25	17	18	15	16	15	15	16	15	15	15	14	13	13	16	15	16	14	17	20	19	14	19	19	17	21	19	19	19	27	17	28	21	26	35	23	31	31	31
40	29	27	25	23	24	19	15	16	18	24	44	53	53	35	38	37	36	36	52	35	37	38	40	36	40	50	59	47	33	36	34	34	45	39	37	37	37	35	51	53	48	37	34	34	33	33	33	46	34	37	35	35	32	40	50	37	32	30	29	30	31	37	38	29	29	30	31	36	46	29	24	29	31	28	27	29	32	30	31	32	32	29	29	26	24	86	59	23	25	32	25	41	32	32	30	31	32	32	31	30	28	30	31	30	31	30	139	63	29	32	35	34	30	33	30	30	29	29	30	21	18	19	15	23	19	39	125	89	122	116	117	106	114	128	125	132	128	134	132	145	131	119	121	156	168	161	154	148	136	127	125	123	154	106	66	46	27	22	32	31	22	14	17	14	14	14	15	16	15	15	14	16	15	15	15	16	16	16	18	21	19	18	16	16	18	19	19	17	27	25	21	19	22	20	23	27	33	32	32
39	28	26	21	25	23	20	18	21	15	17	31	40	41	36	36	37	35	35	37	36	35	34	37	36	34	39	41	34	33	34	33	34	35	37	37	37	37	37	39	44	40	33	34	33	31	30	35	33	35	33	35	32	31	33	39	39	30	30	30	29	32	31	30	30	31	33	31	32	43	20	24	28	30	32	28	31	30	28	28	30	27	27	27	27	26	32	109	45	25	33	33	45	31	32	29	31	31	31	32	31	30	31	31	31	34	27	143	66	35	33	33	32	33	32	30	30	29	27	29	32	19	17	15	29	15	41	166	71	118	110	118	116	106	117	127	132	126	134	134	136	127	138	167	165	156	153	149	142	127	125	124	124	167	110	63	37	25	34	29	21	18	15	16	15	13	16	21	17	16	15	15	16	14	15	15	15	16	17	17	20	18	15	19	16	18	20	31	18	20	22	22	27	21	25	18	30	35	30	31
49	31	25	21	22	20	21	20	16	16	20	26	36	35	37	37	46	33	37	36	38	41	38	46	35	37	37	35	36	35	42	41	36	36	37	37	36	50	37	37	36	36	33	34	43	34	34	31	38	33	34	39	32	32	30	31	31	29	30	40	30	31	31	31	30	31	39	32	33	22	25	25	28	33	30	29	30	30	26	23	23	25	28	27	28	27	24	48	99	42	33	33	37	30	31	32	31	31	33	32	32	30	32	31	31	34	25	140	85	38	32	31	32	33	33	32	32	29	28	28	30	18	16	16	36	22	117	130	91	112	112	112	115	119	115	117	129	127	124	130	144	155	166	158	150	148	143	139	128	121	125	124	124	155	109	60	27	30	25	21	17	17	16	15	15	16	17	15	17	16	16	17	17	16	17	17	20	18	18	18	20	18	16	16	21	17	20	22	19	19	25	23	24	19	29	19	19	31	24	32
53	30	27	19	20	18	19	20	15	15	20	23	35	36	36	37	39	36	44	44	44	42	37	37	38	34	37	35	35	34	38	36	39	49	48	40	39	39	38	38	37	36	33	33	35	34	32	40	40	32	32	37	35	33	32	35	33	31	31	28	32	32	37	33	29	33	32	29	25	24	24	26	26	33	32	29	29	28	19	20	20	19	22	27	27	24	26	24	48	90	63	38	35	32	30	31	31	33	33	32	33	30	31	32	31	31	29	120	119	46	32	31	32	33	34	29	29	29	28	27	28	27	20	21	45	120	121	74	107	117	120	124	122	121	124	126	122	129	133	136	134	149	153	144	146	144	133	127	126	123	121	116	133	163	98	54	28	27	22	23	21	17	18	17	19	18	17	17	17	16	16	16	16	19	15	17	18	19	16	16	18	17	18	18	17	17	18	18	19	21	20	23	19	19	22	20	23	31	18	33
53	30	29	20	17	19	19	19	15	19	17	17	44	37	36	37	40	42	45	56	53	42	35	37	39	35	39	43	34	37	38	40	52	60	51	41	38	39	38	36	36	46	37	37	36	35	37	48	45	43	31	31	31	31	33	38	40	30	29	31	31	39	46	46	30	30	28	27	18	27	25	24	27	30	32	31	28	19	21	17	22	23	20	19	22	22	22	24	20	28	69	92	54	33	33	30	30	30	29	33	32	32	32	30	30	30	33	74	168	68	28	29	30	32	33	30	29	29	28	26	26	28	37	94	111	61	48	88	96	119	113	125	127	134	127	129	127	130	119	112	127	126	135	133	123	130	131	135	142	143	144	146	130	109	91	37	34	32	21	18	17	20	16	16	18	17	17	16	15	18	18	17	16	19	18	20	19	17	17	18	16	15	18	16	15	16	23	19	18	19	20	20	21	19	19	19	23	23	24	23
48	31	32	23	18	18	18	21	19	28	23	13	24	35	38	39	38	39	38	35	39	40	37	37	38	36	34	36	34	36	36	37	36	36	37	39	38	38	38	36	35	34	39	38	36	37	35	33	34	34	31	34	32	32	33	31	31	29	30	30	30	31	29	27	32	29	36	20	21	25	24	27	27	30	32	31	27	26	19	17	19	17	18	19	21	21	24	20	23	27	32	33	61	94	90	81	58	39	29	30	30	31	30	31	33	31	31	67	174	105	43	30	29	29	29	28	33	43	61	74	75	83	83	40	33	26	39	95	104	111	112	124	125	123	127	123	122	122	154	130	103	114	123	128	138	152	147	127	108	104	96	96	101	98	82	32	47	21	19	18	18	22	21	18	16	18	17	17	20	19	17	17	16	17	16	18	20	19	17	17	17	18	17	17	17	18	17	17	18	18	20	19	23	17	17	20	21	20	22	19
55	31	26	26	21	22	19	21	19	26	20	25	22	29	35	50	36	36	39	37	37	38	46	35	35	36	38	40	33	35	43	40	40	38	39	38	39	49	38	37	39	35	35	37	40	32	32	33	33	32	32	41	36	35	37	35	33	31	30	38	33	30	28	27	29	30	23	22	23	25	26	26	28	28	30	32	28	25	29	21	16	18	19	22	24	19	18	17	17	19	17	31	29	27	26	32	46	74	78	73	79	76	74	77	81	80	84	133	183	142	102	69	80	80	84	80	77	67	47	30	26	31	18	13	33	17	37	81	93	96	103	113	119	125	133	133	124	126	146	138	95	108	110	104	96	102	89	84	87	110	116	117	112	95	78	38	43	16	21	20	19	18	23	19	19	17	15	16	19	18	20	16	16	16	17	18	19	15	18	16	17	15	20	17	19	18	17	17	18	20	19	18	21	23	17	23	23	27	23	19
49	26	25	25	24	21	18	19	18	22	12	17	31	31	37	34	34	37	37	48	32	34	35	36	38	47	51	45	36	36	36	36	36	46	38	36	38	38	36	43	52	43	38	34	33	33	32	33	32	33	31	32	33	38	41	54	46	32	31	32	32	28	32	36	31	28	20	24	27	26	27	27	30	25	28	34	32	24	20	22	17	20	16	24	26	20	17	19	19	17	19	31	31	29	28	29	29	29	29	26	28	25	27	27	25	29	32	106	149	94	64	45	24	30	31	31	30	31	31	32	32	31	28	16	26	19	39	80	88	92	103	107	114	118	113	103	98	100	136	113	81	97	94	96	99	111	107	106	106	111	112	115	108	96	71	36	29	16	17	19	18	19	19	18	17	17	19	18	18	19	21	17	19	18	16	20	19	16	17	20	18	16	18	18	18	19	17	18	18	17	16	19	17	17	17	24	25	29	35	23
47	26	24	24	26	27	21	18	17	15	25	30	21	25	28	34	34	37	36	39	37	37	33	39	38	39	48	43	36	35	36	37	36	40	37	38	40	38	37	45	42	44	40	35	32	31	32	31	45	34	32	34	35	38	40	43	44	32	35	32	31	30	29	31	27	19	23	23	24	25	27	30	30	29	28	30	31	28	21	21	19	17	16	16	23	19	19	18	18	16	20	32	35	32	29	28	30	29	30	30	31	32	31	31	31	31	29	59	97	84	62	38	33	33	33	33	33	31	30	32	35	32	29	23	21	17	41	75	91	90	95	106	116	114	118	113	106	107	135	115	90	94	101	103	102	110	106	105	109	113	112	112	111	97	65	42	14	15	17	20	19	18	20	21	16	15	16	16	19	18	22	19	17	18	19	19	16	16	18	16	17	16	21	20	19	20	17	17	17	17	18	18	20	19	19	20	21	18	34	22
46	28	23	26	27	27	17	15	14	19	24	27	28	14	24	44	36	34	38	37	37	36	41	36	40	38	38	34	37	37	46	36	34	33	38	39	39	43	36	38	36	36	38	36	42	29	31	31	32	32	35	38	39	34	35	36	33	32	31	41	30	30	30	25	19	25	26	27	28	23	25	26	24	27	30	30	28	27	24	23	21	21	17	18	15	19	17	19	17	17	23	34	34	32	28	27	28	27	26	29	36	30	29	31	31	31	27	66	114	94	73	52	43	35	35	32	31	31	30	30	34	32	31	22	29	15	41	75	89	86	93	101	109	115	110	107	105	119	118	113	96	99	105	115	114	112	102	101	103	112	118	121	115	98	70	43	15	13	16	18	16	19	19	24	19	18	18	16	17	17	18	26	19	17	19	19	23	16	17	15	15	17	17	17	17	18	17	15	17	17	17	18	19	17	16	16	21	16	23	20
46	27	26	24	23	22	21	19	16	14	22	22	33	17	19	28	34	34	38	38	38	36	41	41	36	37	36	34	34	33	40	36	36	35	36	37	38	41	35	38	36	35	37	35	36	33	30	30	32	35	34	37	37	35	33	33	33	32	34	32	29	28	33	23	22	23	21	21	19	18	19	22	22	21	21	20	21	22	22	24	21	28	17	24	18	17	17	16	19	17	24	29	33	30	30	28	28	28	30	28	32	33	33	32	29	29	25	70	115	96	72	50	47	32	34	32	32	30	29	32	33	32	32	20	33	14	28	79	85	88	88	98	104	111	108	104	102	124	111	107	103	108	110	114	107	107	100	96	98	112	121	125	117	101	73	39	11	19	16	17	16	19	17	17	17	17	16	17	17	18	17	16	15	17	20	15	16	18	18	16	16	19	18	19	17	20	20	19	17	17	18	17	16	19	17	18	19	15	20	20
40	28	28	24	22	21	20	16	16	15	13	21	35	25	8	21	32	36	49	53	46	37	37	37	37	39	47	38	34	37	38	36	50	61	48	38	38	39	34	38	40	41	37	37	36	35	34	44	55	46	35	36	36	35	35	41	36	31	32	31	31	28	26	31	22	28	25	24	25	23	21	22	23	23	23	22	21	19	20	19	20	20	19	18	17	20	16	17	17	18	27	38	29	30	28	31	27	28	29	30	28	27	29	29	29	29	26	70	106	93	74	50	46	42	34	32	34	31	31	33	33	32	33	26	30	18	26	81	82	88	90	99	100	106	107	103	106	126	123	110	114	110	114	119	111	108	100	91	97	113	120	122	113	103	76	30	16	15	15	16	18	19	17	17	17	17	18	16	17	19	16	15	15	17	16	16	16	17	18	17	17	18	18	16	17	17	21	18	17	17	19	18	17	21	25	23	18	18	15	18
45	21	23	25	23	24	20	17	16	12	12	8	27	42	17	17	25	37	48	43	41	37	39	39	38	39	38	38	37	38	38	40	37	43	39	37	36	36	36	35	35	35	37	38	37	38	37	43	40	40	36	36	36	33	35	33	31	31	31	31	33	23	32	23	28	25	22	25	21	25	25	27	28	29	29	30	30	31	27	24	25	22	19	19	20	21	18	19	17	21	23	30	29	28	29	30	28	31	28	29	30	28	29	27	29	31	26	71	97	88	73	51	43	43	36	32	35	33	31	32	33	36	34	23	26	12	15	79	75	81	88	100	91	93	103	104	100	127	129	116	115	126	119	117	112	102	92	83	91	106	119	119	112	102	81	27	19	15	15	16	20	17	16	16	16	17	15	16	17	17	15	14	16	17	18	17	17	17	18	17	16	16	16	18	18	17	20	16	18	15	16	18	16	16	24	22	18	18	15	15
50	20	22	20	22	22	19	21	17	15	9	4	15	32	27	19	25	34	38	39	37	38	45	42	40	41	38	37	37	40	48	39	36	36	36	35	34	45	36	36	37	37	37	37	48	35	36	37	37	36	37	38	48	34	34	32	32	32	29	32	33	18	28	21	21	24	24	28	31	26	23	20	21	20	23	31	28	23	24	23	22	24	23	20	20	21	22	20	23	21	24	26	31	30	28	29	30	30	28	28	33	32	29	30	29	29	27	60	103	81	74	57	41	40	31	33	31	30	32	31	32	32	32	23	26	13	17	78	81	84	93	93	83	95	103	101	88	115	114	113	108	119	117	122	102	95	90	81	92	113	118	115	107	105	83	35	18	22	15	20	17	17	17	19	16	18	15	16	18	15	13	13	14	18	18	16	17	16	18	16	16	16	17	17	15	16	18	16	18	16	15	18	17	19	19	22	16	15	17	29
48	23	20	14	18	21	22	21	18	19	7	2	8	16	31	16	24	35	39	36	37	38	39	40	39	43	42	44	39	39	38	37	35	34	34	35	35	35	36	35	40	42	37	37	36	35	35	36	35	37	37	34	36	36	35	39	37	31	32	33	30	25	21	26	26	26	22	23	20	19	20	21	23	27	31	25	22	21	21	19	19	19	19	19	20	18	21	21	20	22	24	24	28	27	28	29	26	31	30	28	32	29	31	29	30	29	28	53	108	74	76	58	39	43	26	32	31	34	33	32	33	35	33	19	22	13	19	81	83	88	95	87	79	91	104	96	84	121	120	117	107	114	108	108	92	88	80	70	93	113	117	108	105	102	84	37	25	22	15	15	17	19	16	18	18	17	13	17	16	15	16	14	16	15	15	15	15	19	16	15	16	16	16	17	17	16	16	16	17	18	19	19	19	18	19	20	24	16	14	28
51	26	21	14	13	26	19	18	20	18	10	7	5	25	15	18	20	36	43	43	37	39	37	39	41	47	52	51	36	36	38	37	33	47	37	35	36	36	37	45	47	46	40	37	36	35	34	36	49	37	37	35	36	35	43	47	40	35	31	30	30	35	22	25	29	20	15	21	24	24	29	30	28	30	29	28	29	29	29	29	23	20	22	20	19	18	18	19	19	22	21	22	30	30	28	29	30	29	31	28	29	31	31	32	30	29	27	56	104	72	73	60	39	44	25	32	31	31	30	30	32	32	35	16	21	11	25	80	87	88	90	90	83	97	100	95	87	112	109	109	110	114	101	92	88	86	75	76	100	115	114	107	101	94	78	30	27	16	16	15	17	17	17	17	18	17	15	13	15	13	14	14	15	16	15	14	13	18	16	15	17	16	18	17	16	17	16	15	20	17	20	16	17	17	18	16	31	15	24	21
36	30	23	18	13	14	20	17	15	14	20	7	4	11	29	21	19	34	38	41	37	38	37	41	38	37	37	39	37	35	37	37	35	35	35	35	36	40	37	38	37	37	36	36	36	35	34	34	35	35	36	35	37	37	36	32	33	31	31	33	29	30	24	22	13	20	21	25	27	30	30	32	29	28	26	27	29	30	26	24	23	20	18	20	20	21	22	20	21	21	24	22	25	29	31	31	28	32	30	28	28	30	29	29	30	28	27	53	107	77	69	59	43	40	32	32	32	32	31	31	32	33	34	20	22	12	25	78	87	85	91	100	96	98	100	95	83	113	112	107	111	108	97	97	89	80	82	88	106	114	109	106	100	87	69	32	25	18	16	18	19	20	15	16	15	13	14	11	13	13	14	14	14	14	14	13	12	16	16	18	19	15	15	17	19	15	17	16	17	20	19	16	16	24	21	19	23	18	22	18
39	25	24	23	15	14	13	12	13	13	8	7	2	12	31	29	23	35	38	39	39	39	51	39	38	37	36	38	36	42	39	36	36	35	38	35	41	41	37	36	37	35	34	35	38	42	34	36	34	36	38	36	46	35	33	34	32	30	32	36	30	29	21	22	20	24	23	25	32	32	27	27	26	25	27	26	27	22	25	22	24	23	22	20	21	23	21	23	24	24	23	26	24	25	31	29	28	28	29	27	26	29	29	28	29	30	29	57	106	84	65	61	44	37	37	30	30	30	29	31	32	34	34	22	20	11	32	70	74	90	88	90	90	93	96	92	82	115	101	102	104	103	98	92	85	82	88	100	109	108	105	101	92	83	67	32	19	15	14	10	10	15	15	14	13	13	11	12	16	15	16	13	13	13	14	14	13	14	16	17	19	18	15	15	16	16	17	15	17	14	15	16	16	15	15	16	15	14	13	14
47	32	23	29	23	31	13	14	12	11	10	9	7	9	18	28	22	42	51	51	41	39	40	39	39	39	43	38	36	35	36	36	38	45	45	37	35	36	36	37	36	34	36	36	35	33	35	44	43	43	34	35	35	35	34	35	34	32	31	33	28	32	31	19	29	22	25	30	34	28	26	28	28	28	29	24	19	22	23	26	24	23	25	28	29	27	27	27	27	29	29	26	22	21	25	30	31	32	30	29	27	28	28	27	30	29	27	58	105	91	62	64	52	41	51	30	30	32	31	33	31	32	28	23	32	14	39	67	66	82	87	89	88	94	104	100	95	108	114	102	110	92	96	92	87	73	83	100	100	103	101	96	91	77	66	32	20	15	14	14	15	12	12	12	12	13	13	13	14	14	15	15	11	13	13	14	12	16	17	16	20	22	17	14	15	16	16	17	15	14	17	17	17	16	13	17	15	15	14	15
47	31	24	23	15	11	19	20	14	8	9	5	9	19	26	27	21	33	38	48	41	36	38	38	39	39	48	36	35	37	35	35	41	59	51	37	36	35	33	34	38	38	36	35	34	34	34	42	52	46	33	35	35	36	33	38	40	31	30	29	32	32	40	26	28	24	25	31	35	25	26	27	32	30	28	26	26	26	29	28	29	28	29	27	26	27	28	27	28	27	29	29	27	22	20	29	30	30	30	29	28	29	27	29	29	27	25	54	103	85	57	61	46	42	48	30	30	31	33	33	32	31	27	26	12	8	48	63	61	69	71	80	82	93	97	100	85	112	113	96	101	80	79	85	79	67	83	97	93	96	98	89	77	73	68	35	16	16	14	14	10	12	11	15	12	12	13	15	17	15	16	15	15	12	14	16	15	13	14	17	19	20	16	15	15	16	16	14	14	15	16	14	16	17	14	17	16	15	15	18
51	26	23	21	15	15	9	32	9	6	7	6	7	26	19	27	31	36	37	39	37	41	39	40	39	39	41	37	37	36	36	37	36	38	37	37	34	39	38	34	34	35	32	33	33	34	34	36	36	35	35	33	42	32	32	33	32	32	31	30	30	29	26	27	25	24	25	32	27	27	28	29	29	28	28	26	27	32	30	28	28	27	26	28	27	28	30	30	29	29	30	28	30	28	26	22	25	29	29	27	28	27	26	27	30	28	24	55	97	80	55	57	44	40	49	29	30	33	30	30	31	32	24	27	10	9	45	65	73	76	79	82	88	97	97	96	96	108	111	81	84	82	88	88	83	74	84	100	103	98	104	98	94	88	76	48	15	16	14	15	15	15	14	15	12	14	11	14	16	16	16	12	13	13	15	16	13	12	13	15	17	18	18	18	18	17	18	16	19	15	15	14	16	16	17	18	16	17	17	20
47	27	25	20	15	13	6	9	8	4	9	17	16	11	27	27	34	32	32	36	39	39	37	42	38	38	39	38	37	36	43	36	35	36	35	37	36	38	35	35	35	38	35	36	36	41	31	32	36	35	35	34	28	31	32	30	33	31	29	34	38	26	25	26	22	24	24	27	26	24	24	24	25	25	25	25	25	27	26	25	26	28	26	28	28	27	27	28	28	28	28	28	33	30	28	27	26	26	31	38	33	31	27	29	28	31	27	57	99	78	55	52	44	38	46	30	29	31	32	31	31	30	21	26	8	23	82	95	100	96	97	103	110	107	111	110	118	124	124	100	97	99	99	105	101	87	94	97	98	98	95	101	87	85	76	56	23	16	15	15	15	15	15	13	16	16	14	14	15	15	15	17	15	17	15	14	14	14	13	15	18	17	19	18	17	17	17	15	16	12	16	13	17	17	17	23	17	18	17	17
47	25	28	20	30	15	10	4	6	4	7	8	7	18	36	27	41	40	42	47	39	39	40	41	41	42	55	52	33	35	35	35	33	39	32	36	37	31	32	35	41	44	35	36	36	34	34	34	48	34	33	35	33	30	33	37	36	32	28	29	27	26	28	37	25	23	27	25	25	25	24	27	26	27	24	24	25	26	25	26	27	29	30	27	27	26	28	27	28	30	29	26	31	29	27	28	29	29	73	103	117	123	126	122	110	100	88	77	93	84	55	48	43	37	67	72	52	41	34	32	29	32	27	23	6	41	92	90	99	101	103	105	106	106	105	104	101	102	106	85	78	84	81	91	90	75	86	91	97	96	90	92	85	78	74	58	35	14	16	15	14	13	14	14	14	15	15	14	15	19	14	15	14	15	13	15	15	17	11	14	16	17	14	13	13	11	18	19	15	16	15	13	18	18	18	22	21	15	16	18
42	28	28	22	27	16	7	9	10	9	10	6	6	27	28	27	36	40	40	39	41	40	38	39	39	39	42	48	34	34	36	35	35	30	33	33	36	34	32	32	34	37	35	36	33	33	35	36	33	34	34	32	31	32	33	38	36	31	28	27	31	37	28	28	27	23	25	25	26	25	25	26	26	24	25	27	26	25	27	27	26	27	27	27	27	29	29	29	29	27	27	26	28	28	26	29	27	93	142	154	150	147	140	129	122	119	116	117	114	109	91	80	60	45	53	76	117	130	136	129	118	91	54	38	21	68	85	88	93	99	98	97	103	99	100	94	86	99	102	74	68	72	69	78	78	64	80	80	91	84	90	95	77	76	68	58	49	18	15	16	17	17	17	16	15	16	15	14	13	15	17	16	13	13	16	15	17	14	15	13	13	16	15	13	13	12	10	13	16	15	14	19	16	18	18	18	20	16	12	16
44	25	29	34	22	17	10	13	27	14	11	9	6	24	24	31	38	39	42	41	40	38	42	38	40	40	37	39	37	34	47	38	32	33	32	32	33	33	34	32	33	33	33	33	39	32	35	36	35	34	32	32	40	33	34	34	31	29	28	35	24	26	25	25	24	23	24	25	26	25	24	28	26	25	24	26	26	27	25	26	26	27	26	27	31	30	30	28	29	29	27	28	27	28	29	29	41	123	128	133	121	124	120	109	104	108	111	115	113	114	117	116	119	121	106	113	113	130	123	122	113	117	115	104	94	85	69	80	92	89	97	100	86	98	91	84	73	108	101	75	79	71	68	82	75	82	83	87	84	83	95	87	80	81	71	65	45	27	14	16	17	17	14	15	14	16	15	13	16	17	18	13	14	14	15	14	17	17	17	14	13	16	13	10	12	13	12	15	13	12	16	15	14	17	22	15	18	16	12	5
45	27	35	28	32	14	11	11	14	14	11	10	11	18	19	26	35	39	41	40	37	36	34	36	29	33	36	38	36	32	26	30	31	31	30	28	28	38	37	37	31	31	31	29	30	33	33	33	37	33	29	29	29	30	32	29	28	30	26	25	26	29	28	27	24	25	24	24	27	26	26	25	25	25	25	24	25	26	27	25	27	29	32	30	28	28	26	27	26	26	25	27	27	27	28	31	60	109	107	111	112	112	111	99	97	103	109	113	111	111	117	128	135	133	131	108	90	70	70	94	95	97	93	81	69	50	51	59	72	67	78	85	65	75	71	70	73	105	86	59	80	76	79	84	75	87	77	78	84	86	85	76	79	82	77	67	55	56	18	15	13	15	15	16	16	16	16	14	14	17	20	14	14	17	15	16	15	16	18	16	17	13	9	10	11	11	12	16	14	15	12	16	17	17	16	15	14	21	10	13
40	24	42	21	28	21	18	16	14	11	7	3	5	12	18	23	28	34	48	42	48	35	33	33	28	31	43	33	33	32	28	28	38	39	49	33	32	29	36	32	34	30	31	30	31	31	31	38	37	40	30	29	28	29	28	35	30	26	26	25	25	27	41	42	37	26	32	24	27	26	25	25	26	27	26	25	24	28	29	26	30	31	26	25	26	26	26	26	26	25	25	26	27	24	42	82	108	120	118	120	124	124	131	124	115	103	94	87	86	84	93	95	105	110	105	95	84	86	74	47	38	35	36	29	33	32	32	55	65	66	62	62	64	65	69	71	74	102	88	45	72	69	72	69	73	86	80	83	83	86	82	79	86	82	81	77	55	46	25	17	16	22	16	17	17	17	19	16	16	15	17	12	12	15	14	13	15	16	17	15	18	15	12	15	17	16	14	15	16	14	16	17	16	15	14	14	17	21	11	14
48	27	28	23	22	18	18	18	22	12	8	3	6	7	15	19	21	25	33	42	38	32	32	31	29	26	29	31	32	29	27	29	30	32	28	29	35	30	29	30	28	30	30	28	26	28	31	30	32	29	28	28	27	26	30	26	25	25	25	25	25	24	26	30	25	26	28	33	24	25	24	26	26	28	27	29	30	31	31	28	27	26	26	25	24	25	30	26	25	25	27	26	24	60	100	103	136	138	128	126	123	122	122	126	126	134	135	126	120	112	103	94	87	85	64	54	68	69	71	60	53	38	20	14	16	15	19	32	47	47	50	43	34	38	50	61	55	55	55	53	56	56	40	42	49	54	61	63	64	69	70	70	72	73	68	64	56	57	37	18	17	24	13	12	13	15	16	14	14	17	17	17	16	15	13	14	15	16	16	15	17	19	20	22	18	16	16	15	16	14	13	15	14	14	17	17	18	14	14	16
36	29	23	20	18	13	15	14	14	9	8	5	6	4	16	18	17	18	20	24	22	22	27	39	36	34	39	40	35	33	40	27	25	27	27	31	31	36	32	33	34	36	41	43	42	46	44	36	31	27	26	25	32	27	24	24	24	23	25	32	34	24	23	23	22	25	30	36	28	23	25	25	25	25	25	24	26	26	24	26	26	26	26	28	25	26	28	27	26	27	26	28	76	106	95	85	99	92	87	96	99	104	109	113	121	120	123	123	120	117	117	117	116	114	119	106	77	57	52	45	39	41	11	11	13	16	26	29	29	37	60	58	46	62	67	69	69	63	61	56	63	67	50	66	77	77	76	72	82	73	82	73	62	63	55	53	52	43	41	29	18	18	18	12	12	14	14	12	13	12	13	14	14	14	12	13	17	18	20	18	17	19	18	16	15	15	13	16	16	17	14	15	17	16	15	13	16	17	19	17
41	25	23	17	19	15	13	14	12	9	5	4	5	13	24	22	21	21	22	20	21	23	23	26	30	33	38	34	31	28	26	27	23	24	24	25	27	29	35	38	41	41	38	34	33	31	32	32	32	24	23	21	23	22	24	27	24	23	18	20	18	21	20	19	18	17	20	20	30	30	22	25	25	23	22	24	25	26	25	23	28	27	27	26	28	25	25	26	27	24	22	83	98	93	84	91	88	83	83	92	103	104	108	113	115	114	117	121	115	115	111	105	112	113	116	106	81	62	55	48	43	31	3	10	11	19	28	28	19	21	29	48	46	66	69	66	64	67	64	55	58	63	47	66	68	67	78	76	79	78	71	70	59	51	51	51	39	42	39	39	20	16	14	14	12	13	14	14	13	18	13	14	14	14	12	11	13	14	15	17	17	14	15	16	17	17	15	14	14	13	14	13	18	15	16	14	17	19	15	18
39	26	22	19	19	21	16	16	13	10	8	6	13	9	29	22	24	29	29	36	29	29	33	35	34	37	39	39	31	27	27	29	27	38	27	29	26	27	30	34	41	37	26	25	25	28	27	26	37	30	28	28	27	27	25	30	32	28	24	25	27	24	30	28	23	22	21	20	25	33	26	24	26	25	25	24	24	25	25	25	26	23	25	24	26	25	25	26	21	29	75	99	94	92	89	99	108	125	119	117	111	114	120	122	112	85	81	86	95	100	103	97	110	104	104	86	54	50	59	49	50	20	6	7	13	16	15	25	22	18	31	30	39	61	68	65	58	58	57	51	56	66	49	58	64	67	69	66	64	73	66	71	59	51	43	49	41	44	32	36	31	16	15	13	11	13	15	12	9	10	9	11	11	10	10	12	13	14	16	15	15	14	14	16	14	17	16	14	16	16	15	15	16	15	12	15	21	14	17	27
44	20	19	22	25	25	20	18	14	12	15	10	9	10	24	27	30	28	35	31	30	31	31	32	34	32	35	33	33	31	36	36	37	34	31	29	29	26	31	31	36	32	31	31	33	42	43	43	35	32	30	30	30	35	27	26	27	26	27	25	24	24	23	25	23	22	25	20	20	19	22	24	22	23	24	24	25	25	23	25	26	26	25	25	25	25	25	21	23	66	90	93	97	93	86	106	107	118	122	123	121	112	111	119	114	108	115	106	100	93	91	85	69	58	53	44	48	50	53	47	28	14	6	11	12	17	14	19	14	17	31	27	31	61	69	56	54	52	55	48	52	64	42	57	60	53	66	59	53	59	49	55	51	47	54	52	41	42	40	41	28	19	16	12	14	12	14	13	10	12	15	13	14	12	13	10	12	14	14	13	14	14	14	14	14	15	18	16	15	16	16	16	17	19	14	24	16	14	12	17
38	20	20	21	22	19	18	14	15	14	17	12	7	23	24	28	26	31	33	30	31	33	35	33	32	42	36	33	33	34	36	36	26	26	31	33	30	36	32	35	34	36	38	39	42	43	40	38	31	28	30	31	37	31	28	26	25	24	22	25	24	22	23	23	23	22	24	22	22	21	19	23	26	18	22	22	21	21	22	22	24	25	25	25	23	24	18	14	21	72	87	90	95	91	79	84	96	85	79	78	90	98	99	96	98	103	105	107	107	113	115	111	108	105	102	95	90	67	56	41	20	7	5	8	10	10	13	15	16	18	20	22	26	48	50	45	42	41	44	36	42	65	38	34	49	53	44	54	51	53	57	70	59	57	50	47	47	45	47	45	34	18	15	18	15	15	15	11	12	11	16	14	13	10	13	11	13	15	15	16	15	13	13	14	15	16	18	18	18	20	17	17	17	19	16	24	18	16	12	19
38	22	20	23	23	23	25	17	13	13	15	9	14	32	27	24	26	32	38	38	34	28	29	33	34	31	41	32	30	29	27	32	31	37	32	30	31	32	32	30	36	27	27	30	35	33	34	37	44	38	30	28	27	26	26	30	29	27	26	26	23	22	29	25	20	20	22	21	20	20	20	20	20	18	19	23	23	24	27	24	23	23	22	22	21	23	13	10	14	35	77	81	76	74	75	74	92	91	86	79	85	87	83	84	83	84	87	91	91	91	88	92	90	86	88	85	75	57	43	39	16	5	1	3	6	5	6	8	14	17	15	13	18	41	44	44	32	28	23	24	31	46	39	29	33	48	41	38	51	47	47	56	59	48	50	46	32	38	27	29	41	20	19	15	18	17	16	15	14	14	14	14	15	14	14	14	18	18	16	16	14	17	15	16	15	15	15	15	17	19	18	18	18	14	14	18	17	18	15	18
41	30	28	28	30	28	24	20	19	15	17	13	20	30	27	25	26	29	33	29	30	30	29	30	32	33	34	33	31	30	29	31	29	31	31	28	31	32	32	30	29	28	29	29	29	29	30	34	31	31	31	30	28	28	26	28	27	27	28	28	25	25	27	26	22	22	22	23	23	24	25	20	20	26	25	23	29	23	26	24	25	23	23	23	21	10	15	19	14	17	42	71	79	76	66	66	82	89	90	89	90	96	102	91	79	71	69	69	64	52	59	60	62	60	66	65	56	37	22	17	4	0	1	1	1	6	8	10	7	7	6	13	8	29	32	21	15	14	15	19	23	19	19	21	25	24	27	31	29	37	40	41	49	46	32	29	28	29	35	31	35	21	13	11	10	11	10	10	11	24	8	9	15	12	10	9	11	12	11	15	15	14	14	17	14	13	13	14	13	16	15	17	25	20	17	15	14	12	16	17
66	63	44	41	43	43	32	33	34	30	30	24	35	45	35	39	33	41	40	43	49	42	43	43	49	46	52	53	45	38	46	47	39	38	47	44	44	39	49	47	37	42	44	49	48	48	56	49	45	44	45	43	38	41	32	34	34	33	30	33	27	27	26	21	23	26	26	28	27	33	72	26	27	24	30	34	27	17	21	21	17	17	16	29	16	18	12	17	13	16	13	23	69	72	64	57	76	81	78	77	73	76	79	94	95	88	109	110	111	116	73	46	47	45	55	58	26	12	6	11	26	19	14	9	13	9	15	18	19	23	16	26	38	41	33	31	22	14	14	20	20	16	12	12	12	9	12	8	7	7	8	6	7	7	12	12	12	14	14	14	14	14	9	11	7	6	6	9	11	12	9	13	16	18	11	18	14	12	13	15	19	16	20	22	10	18	12	11	12	9	16	22	20	20	22	22	23	26	35	27
