1	1	1	1	1	2	2	2	2	2	3	3	3	4	4	5	5	6	8	10	12	13	13	13	14	14	14	14	14	13	13	12	12	11	11	11	12	14	16	19	19	18	17	15	14	15	16	17	20	21	22	24	25	24	22	20	17	14	13	12	10	10	11	14	19	27	35	43	52	60	72	84	94	100	100	99	98	97	99	102	105	105	103	99	95	93	91	92	93	91	88	80	72	63	55	48	40	34	31	31	31	31	32	33	35	36	38	41	49	58	68	79	91	102	111	116	120	121	123	126	128	131	135	135	133	128	120	110	96	82	67	55	46	38	34	35	35	36	37	38	39	39	40	46	59	74	89	103	115	123	128	128	124	120	118	116	116	118	121	124	125	125	123	119	115	112	109	108	107	109	112	115	116	117	116	116	115	115	115	114	114	115	114	113	113	113	112	112	112	111	111	111	111	110	109	109	109	108	107	105	100	93	85	76	68	59	52	46	43	42	44	47	52	58	66	72	77	83	87	90	90	89	87	86	85	84	82	81	80	80	78	77	75	75	74	73	72	71	70	69	68	67	66	65	64	64	60	52	49	48	46	53	62	63	66	68	69	70	72	71	70	68	66	63	63	63	62	57	45	31	20	15	13	12	16	23	31	36	33	26	17	12	12	17	22	26	25	17	11	8	11	15	19	21	19	16	10	7	7	8
1	1	1	1	1	2	2	2	3	3	3	3	4	4	5	6	6	8	9	12	14	15	15	15	15	15	16	16	15	15	14	14	13	12	12	12	13	16	18	20	21	20	18	16	16	16	16	18	21	24	25	26	27	25	23	21	17	15	13	12	11	11	12	14	18	24	32	39	45	53	64	77	88	97	101	101	99	99	103	106	108	108	105	101	97	95	94	94	97	97	95	90	83	77	72	65	55	45	37	33	32	33	34	34	37	38	38	39	42	48	57	66	78	92	103	111	118	122	125	128	130	133	137	137	136	130	123	114	102	86	71	59	50	41	36	36	36	36	37	39	39	40	40	44	53	67	82	97	109	119	126	129	125	122	119	118	118	120	122	126	128	127	127	124	120	117	114	112	111	112	112	114	116	117	117	116	117	117	117	116	116	115	115	115	115	115	115	114	114	113	112	112	112	111	110	110	110	109	108	108	108	105	101	96	91	85	81	77	74	72	73	74	77	80	84	87	90	92	93	93	92	91	90	88	86	85	83	82	81	80	79	78	77	75	74	73	72	72	70	70	69	68	67	66	64	63	59	51	49	48	49	59	65	64	67	68	69	70	70	70	69	68	68	67	67	66	63	59	49	36	23	16	12	11	13	16	22	23	19	15	11	10	13	18	21	21	17	10	5	6	9	11	12	11	10	8	6	7	7	7
1	2	2	1	1	2	2	3	3	3	3	5	5	5	6	6	7	9	11	14	17	17	16	16	16	17	17	17	17	17	16	15	15	14	14	14	15	18	21	23	23	21	20	17	16	17	18	20	24	26	27	28	28	27	24	22	18	15	13	13	12	12	14	16	19	24	29	34	39	46	56	68	80	89	96	101	102	104	107	110	111	110	107	102	99	97	97	98	99	100	100	97	92	89	87	81	73	63	51	40	35	34	34	36	38	39	40	40	40	41	48	56	67	80	92	101	110	118	125	129	132	134	138	140	138	133	126	118	105	90	76	63	53	45	38	36	36	38	38	39	40	40	41	42	48	59	73	87	101	111	120	126	127	124	123	120	120	121	125	129	130	130	130	128	124	121	118	117	114	113	114	116	117	118	118	118	118	118	117	117	117	117	116	116	115	115	115	114	115	114	114	114	113	112	112	111	111	110	110	110	111	110	109	108	106	104	102	99	97	96	95	94	96	96	97	97	98	97	97	95	94	93	91	89	87	86	85	83	82	81	80	78	77	76	75	74	74	72	72	71	69	68	67	66	65	63	58	48	43	43	47	58	64	65	68	69	69	70	71	71	72	72	70	69	67	65	63	61	57	47	36	26	17	13	11	11	13	13	11	9	7	7	9	12	12	11	8	4	3	4	6	6	6	6	5	6	7	7	8	7
1	1	2	2	1	2	3	3	3	3	4	5	6	7	7	8	10	11	14	17	20	19	18	18	18	18	18	18	18	18	17	17	16	16	15	15	16	19	22	24	25	23	21	18	18	18	19	21	25	28	28	29	29	28	25	22	18	16	13	14	13	13	14	17	21	25	29	30	33	39	49	59	70	79	87	96	103	108	111	113	114	112	108	103	100	99	99	100	102	103	102	102	99	100	100	96	90	82	69	56	44	38	37	37	38	39	40	41	41	41	41	46	55	66	78	89	100	110	120	129	133	136	140	142	142	135	129	121	109	95	80	67	57	48	40	37	41	49	43	45	51	42	42	43	52	64	78	90	104	118	131	141	148	156	146	150	135	136	129	133	140	137	132	131	128	129	122	118	118	115	115	116	117	118	119	119	118	118	119	119	118	118	117	117	117	117	117	117	116	116	116	115	114	113	112	112	112	112	112	112	112	112	112	111	111	110	110	109	108	107	106	105	104	104	103	102	101	100	99	97	96	94	92	90	88	87	86	85	84	82	80	79	79	77	75	74	74	73	72	71	69	68	67	66	65	64	57	45	41	43	48	59	66	68	69	71	72	72	73	73	72	71	70	68	68	66	65	64	62	57	47	36	28	21	16	13	11	10	9	8	8	9	9	11	14	14	9	3	1	2	3	5	5	5	5	7	8	7	7	7
2	2	1	2	1	2	2	3	4	5	5	6	6	7	8	9	11	14	19	21	23	22	19	19	20	20	20	19	19	19	18	17	18	17	16	17	18	21	25	26	27	25	23	21	20	20	20	23	27	30	30	31	31	29	27	22	20	17	14	14	12	13	14	18	22	27	29	30	28	32	41	51	61	70	79	88	98	107	112	115	116	113	108	106	102	102	103	103	105	105	105	104	105	109	111	109	104	97	86	73	60	49	42	40	39	40	42	42	42	42	40	41	45	53	64	76	88	100	114	125	133	138	143	145	143	139	132	126	115	102	90	79	76	78	79	95	101	95	108	125	138	139	134	130	142	148	162	165	170	171	169	164	150	161	168	172	174	165	164	156	161	168	164	160	155	151	139	135	131	125	117	117	117	118	119	119	119	120	119	119	119	118	119	119	119	118	117	117	117	116	116	116	116	115	114	113	113	113	113	113	112	112	112	113	113	112	112	111	111	110	109	108	107	106	105	104	104	103	101	99	97	96	94	92	90	88	86	85	84	83	81	80	79	78	77	76	74	73	72	71	71	70	68	67	66	64	57	45	41	41	46	59	69	69	71	73	74	73	72	71	72	71	70	70	70	69	67	64	60	56	52	46	41	34	29	24	22	21	20	19	19	21	22	23	26	25	15	5	2	2	3	4	5	6	5	7	9	8	6	6
2	2	2	2	2	2	3	3	5	5	5	6	7	8	10	11	15	21	26	27	26	24	21	20	21	21	20	20	20	20	19	19	19	18	18	19	21	24	26	29	30	29	27	24	22	22	23	26	30	32	33	33	33	31	28	24	22	18	15	14	13	13	16	19	24	29	30	31	29	30	34	42	52	60	70	80	91	100	108	114	115	113	110	106	104	105	105	106	107	107	106	107	109	114	117	118	115	109	100	89	77	65	54	47	42	41	42	43	43	42	41	40	40	44	52	63	76	91	105	118	129	138	143	146	146	144	135	131	126	122	131	138	134	140	158	164	162	160	160	156	147	144	148	162	163	166	169	173	173	187	199	191	177	163	170	172	171	174	157	155	155	161	168	177	186	190	195	205	201	184	183	160	136	127	121	121	121	121	121	121	121	121	121	120	120	120	119	118	118	118	117	117	116	115	115	115	115	114	114	113	113	113	114	114	113	113	113	113	112	111	110	109	108	108	107	105	105	104	102	101	99	97	94	92	90	88	87	86	85	84	82	81	79	78	77	76	75	73	72	71	70	69	69	68	66	65	57	44	38	35	41	57	66	67	70	73	72	72	71	72	74	74	75	74	71	68	64	59	55	52	50	49	48	46	41	38	36	34	32	31	30	31	32	31	32	33	22	7	3	2	2	3	5	5	5	6	8	8	6	5
2	2	2	2	2	3	3	4	5	5	6	6	7	8	11	16	38	33	31	30	30	26	22	22	22	21	21	21	21	21	21	20	21	21	22	22	24	26	28	30	33	33	29	27	24	24	25	28	32	34	35	36	36	34	32	27	23	20	16	14	13	15	16	21	25	28	31	31	30	31	33	37	44	51	60	69	79	89	98	107	113	114	112	109	107	109	109	109	109	109	108	109	112	117	122	123	123	119	112	102	92	82	71	61	51	46	45	44	44	42	41	41	39	40	43	51	63	78	95	109	122	142	151	154	156	153	148	149	154	166	170	173	171	169	168	169	178	185	181	185	182	179	163	162	169	178	178	180	181	185	194	205	198	186	178	172	172	173	171	171	173	172	180	194	204	214	217	226	231	234	221	215	199	182	160	140	140	137	131	124	123	122	121	121	121	120	120	120	119	118	118	117	117	116	116	115	115	114	114	114	114	114	114	114	114	113	114	113	113	113	111	111	110	109	108	107	106	105	103	102	100	98	96	93	91	90	88	87	85	85	83	81	80	79	77	77	75	74	73	72	70	69	69	68	67	65	57	43	32	28	38	54	64	68	70	72	72	74	76	78	78	77	76	72	66	63	59	56	54	53	53	50	49	47	46	46	44	41	39	39	37	37	37	34	34	36	26	10	3	2	2	3	4	4	4	4	6	7	7	6
1	2	2	2	3	3	4	5	5	5	7	8	9	10	12	24	66	36	33	33	33	27	23	23	22	22	22	23	23	23	23	23	23	23	24	24	25	27	29	32	35	35	32	29	27	27	28	30	34	36	38	39	40	38	35	30	27	23	18	16	14	15	18	22	26	30	32	32	31	32	34	36	38	42	49	57	67	77	86	96	104	110	111	110	110	111	111	111	111	111	110	111	114	119	124	127	127	126	120	112	104	95	87	76	65	56	49	46	45	42	42	41	40	39	40	43	51	65	81	107	134	157	173	181	189	185	187	184	181	181	183	183	180	181	188	189	187	181	185	192	194	190	185	176	175	175	182	183	179	180	187	189	190	191	189	180	175	176	177	184	195	199	195	203	213	211	207	192	203	211	210	214	213	208	197	183	170	156	142	143	133	125	125	122	122	121	121	120	119	119	119	118	118	117	117	116	116	115	116	115	115	115	115	115	115	115	115	115	114	113	112	111	111	110	109	108	107	105	104	103	101	98	96	94	92	90	88	88	86	85	83	81	80	79	78	76	76	74	73	72	72	71	69	68	68	65	57	43	31	28	38	54	65	70	70	73	74	78	80	80	79	76	72	67	63	61	60	58	57	56	52	50	48	48	49	46	45	43	42	40	38	38	39	35	34	36	30	13	4	2	2	2	2	3	3	4	6	8	7	7
2	2	2	2	2	3	3	4	5	6	6	8	10	11	14	29	63	36	34	34	34	27	24	23	23	23	24	24	24	25	25	25	24	25	25	25	26	27	30	34	37	37	35	33	29	29	30	32	35	39	41	42	42	40	37	32	30	25	20	17	15	16	18	23	27	31	32	32	32	33	35	37	39	39	40	46	55	64	74	84	93	100	106	109	112	112	113	112	112	111	111	113	116	122	127	129	130	129	125	120	113	107	101	92	81	71	60	51	47	44	43	41	41	40	40	40	42	62	96	117	141	166	173	169	168	165	166	165	162	166	169	168	172	177	186	196	194	189	190	190	190	194	194	193	183	180	181	186	190	192	187	187	193	194	193	194	198	199	195	199	203	205	207	206	187	185	181	185	176	165	165	174	180	190	193	190	184	176	171	158	142	134	126	123	122	122	121	121	120	120	120	119	118	118	117	117	116	116	115	115	115	115	115	115	115	115	115	114	115	114	113	113	112	110	110	108	108	107	105	103	101	99	97	95	92	90	89	88	87	85	84	82	81	80	78	77	76	75	73	72	71	70	70	68	68	66	56	42	31	29	37	53	67	71	72	74	77	80	80	78	75	72	68	66	66	65	64	62	58	55	52	49	48	51	50	47	45	44	44	40	37	38	39	35	34	36	32	16	4	2	2	2	2	2	3	5	6	9	7	8
2	2	2	2	3	3	4	5	5	6	7	8	10	12	15	34	63	37	33	34	34	26	24	23	25	25	25	25	26	26	26	26	26	26	25	25	26	28	30	35	38	38	37	34	30	29	30	33	36	40	42	43	43	42	39	34	31	27	22	18	16	16	19	23	27	30	33	32	32	34	36	39	41	40	38	39	43	51	61	72	81	89	96	104	110	114	114	113	113	112	112	114	119	124	128	130	131	130	127	124	121	117	113	105	95	85	72	61	51	45	43	42	42	41	43	49	48	58	123	146	166	165	163	159	164	163	163	169	168	167	170	171	176	180	187	187	197	196	193	192	192	198	198	199	200	197	191	192	197	202	205	199	196	198	196	199	200	205	201	207	195	194	194	191	184	185	185	168	165	160	161	165	173	180	189	185	190	194	178	187	155	135	127	123	122	122	122	121	121	120	120	119	120	119	118	117	117	116	116	116	115	115	115	115	116	116	116	115	115	114	114	113	112	111	110	109	108	106	105	104	102	100	98	95	93	91	90	88	87	86	84	82	81	80	79	78	76	75	74	73	71	70	69	69	68	65	56	42	29	24	30	45	56	58	62	68	73	77	75	74	72	72	72	72	71	70	66	60	56	52	50	51	52	53	49	46	45	46	44	39	36	38	40	36	34	35	33	18	5	2	3	2	2	3	3	4	6	8	8	10
2	2	3	3	3	3	4	5	6	6	7	9	10	13	20	43	57	34	32	33	33	25	23	24	25	26	26	26	26	27	27	26	26	26	26	26	26	28	30	34	37	38	37	35	32	30	30	33	36	40	43	44	45	43	41	37	33	28	23	18	16	17	20	24	27	30	33	33	34	35	37	40	41	41	39	37	38	41	50	59	69	77	85	95	103	110	114	115	114	113	113	117	121	125	130	131	132	131	129	126	126	125	123	116	107	97	83	69	55	46	44	41	42	41	50	71	97	120	147	170	157	153	151	156	156	160	162	159	161	176	171	174	178	182	187	191	192	193	193	192	198	198	195	197	201	210	206	205	200	206	211	215	211	212	206	203	200	194	198	196	189	185	186	175	174	171	177	180	171	171	170	176	183	189	199	198	187	188	187	176	152	138	125	123	122	122	122	121	122	121	120	120	119	119	119	118	118	117	117	116	116	116	116	115	115	116	116	116	115	114	114	113	113	111	110	109	108	108	106	104	102	100	98	96	94	92	90	88	88	86	85	84	82	80	79	77	77	75	74	73	71	70	69	69	68	65	56	41	27	18	19	27	33	37	48	59	69	75	74	74	74	76	78	78	76	70	63	57	53	50	50	52	53	52	49	46	45	48	46	40	37	39	42	39	35	35	32	17	4	2	2	2	2	2	2	2	3	6	7	11
3	2	2	3	4	4	5	5	6	7	8	9	11	15	26	43	50	31	31	31	32	25	23	24	25	26	27	27	27	26	26	26	27	27	25	25	26	28	30	34	38	39	37	35	33	31	30	32	36	42	43	45	46	44	42	38	34	30	25	20	17	18	21	24	28	31	33	35	35	36	38	42	41	41	39	38	39	39	41	48	56	64	74	84	93	101	108	113	115	114	114	118	122	127	131	133	134	133	130	128	127	130	129	124	114	104	90	75	59	48	45	43	42	43	62	88	142	157	172	164	145	143	145	152	153	160	160	164	163	184	175	187	189	192	195	196	196	195	201	203	207	209	206	202	193	195	204	206	204	198	189	193	204	200	199	196	198	197	183	177	189	189	187	190	181	173	173	173	179	184	181	184	191	201	208	208	199	193	189	162	147	132	124	124	123	123	122	122	122	121	120	120	119	119	119	118	118	117	116	116	116	116	115	116	116	116	116	116	116	115	115	113	112	112	111	110	109	107	106	104	102	101	98	96	94	92	91	89	87	86	85	84	82	80	79	77	76	75	74	72	71	70	69	69	68	65	55	40	26	12	10	13	16	22	35	50	66	74	75	77	79	81	81	79	74	67	61	55	51	49	49	52	53	52	48	45	47	50	47	41	38	41	44	41	36	35	28	12	3	3	3	3	3	2	2	2	2	3	3	7
2	3	2	3	4	4	5	5	6	7	8	10	13	17	28	40	47	32	30	30	31	26	25	25	26	27	27	27	27	26	26	26	26	26	25	26	26	27	30	34	37	39	38	36	33	31	31	32	37	42	44	46	46	46	43	41	36	31	27	22	19	19	22	26	30	32	35	35	36	37	40	42	43	42	39	39	39	40	40	41	46	53	62	71	81	91	100	106	112	114	116	120	124	129	133	135	135	133	131	129	130	134	133	128	120	110	96	80	62	49	46	44	44	43	54	73	129	178	170	148	139	143	147	144	152	159	157	166	170	178	180	168	172	178	178	183	189	193	201	201	201	197	191	183	172	173	178	172	177	169	164	157	157	162	166	170	171	172	170	166	161	174	173	168	168	171	178	177	175	173	180	186	190	200	209	210	207	209	200	155	132	132	124	124	123	123	123	122	122	121	121	121	120	120	119	119	118	117	117	116	117	116	116	116	116	116	116	116	116	115	115	114	113	112	111	110	109	108	106	104	103	101	99	97	94	93	91	89	88	87	85	83	82	81	80	78	77	75	75	73	72	71	69	69	69	65	54	41	25	11	7	8	8	14	28	45	64	75	76	77	75	70	71	70	67	65	60	54	50	48	51	52	54	52	48	46	49	51	48	40	38	42	41	34	29	25	16	5	3	3	3	3	3	3	3	2	2	2	1	3
2	2	2	3	4	5	5	6	6	8	9	11	14	20	33	50	56	32	30	30	30	26	25	25	26	26	27	27	27	27	26	26	27	26	25	25	26	27	29	33	36	39	39	37	34	31	31	32	36	42	45	46	47	46	44	42	37	33	28	24	22	21	24	29	36	39	38	36	37	39	41	43	42	42	40	40	40	40	41	41	41	44	50	59	68	78	89	97	105	112	117	121	126	132	134	136	136	135	133	131	132	136	137	134	126	116	102	87	68	52	47	45	44	44	50	70	151	173	153	150	146	142	155	151	146	156	163	166	162	165	167	171	168	172	176	184	190	198	199	196	183	179	172	166	163	156	148	141	142	145	147	144	143	144	142	150	154	152	148	158	162	152	153	153	168	158	149	154	158	172	164	163	184	197	205	208	202	205	198	145	133	128	126	125	124	124	123	122	122	122	122	122	121	120	120	119	118	118	117	116	117	116	116	116	116	116	117	117	117	117	115	114	114	113	111	111	110	108	107	105	104	101	99	97	96	93	92	89	88	87	85	83	82	81	80	77	76	76	75	73	71	71	70	69	68	65	53	40	24	11	7	8	8	10	21	34	48	54	56	53	48	44	49	56	63	66	61	57	52	49	48	50	53	52	49	47	50	48	43	38	40	40	32	19	14	12	7	3	3	3	3	3	3	2	2	2	2	2	2	2
2	3	3	4	4	5	6	6	7	8	10	13	17	31	50	65	75	32	29	29	30	26	25	25	26	26	27	26	26	26	26	27	27	26	26	26	26	27	30	33	37	40	40	38	34	31	30	32	36	42	44	46	47	47	45	42	38	33	29	26	24	26	31	39	50	54	51	40	38	40	42	43	43	42	41	41	41	41	42	42	41	40	41	47	55	65	76	86	96	105	113	121	128	133	136	137	137	136	134	132	134	138	141	139	132	123	111	95	76	57	48	46	45	45	46	91	183	161	151	151	146	142	146	149	152	153	152	152	154	149	149	150	153	162	166	172	173	171	173	169	157	149	147	145	150	150	143	142	140	140	139	146	146	146	146	147	152	152	140	143	149	138	146	145	152	148	155	152	142	138	148	153	172	202	211	219	202	203	173	146	131	126	126	125	124	124	124	123	122	122	122	121	121	120	119	119	118	118	117	117	116	116	116	116	116	116	116	116	116	116	116	115	114	113	112	111	110	109	108	106	103	101	100	98	95	94	93	90	88	87	85	84	82	81	80	79	77	75	74	73	71	71	70	69	68	64	53	39	23	10	7	7	8	8	10	18	26	29	29	27	22	21	31	45	62	67	66	62	52	42	38	43	51	53	51	50	45	36	29	30	37	33	20	5	4	4	3	2	2	3	3	3	3	2	2	3	2	2	2	2
2	3	4	4	5	5	5	6	7	9	11	14	21	38	61	68	71	30	28	28	28	26	25	25	25	26	26	26	26	26	25	26	27	26	26	25	26	27	29	32	37	41	40	37	33	29	30	31	36	42	44	46	47	46	44	42	38	33	29	26	29	37	44	56	67	74	70	54	44	42	43	45	44	42	42	42	42	41	42	42	41	40	39	40	44	53	63	73	85	96	106	118	129	133	136	137	138	137	135	133	137	141	144	144	139	131	120	105	88	67	52	46	45	45	61	166	180	165	152	148	138	136	133	131	136	140	139	140	143	143	147	154	162	166	162	168	169	171	168	165	159	152	148	147	149	149	143	143	141	143	148	153	150	147	149	150	147	151	152	143	136	134	136	135	124	135	147	155	156	158	156	160	172	202	216	210	207	190	166	133	127	126	126	125	125	125	124	123	123	123	123	122	121	121	121	120	119	119	118	117	116	117	116	116	116	116	116	116	116	116	116	115	115	113	113	111	110	109	108	106	104	102	100	98	96	94	92	91	89	88	86	84	84	82	80	78	78	76	74	73	72	71	70	69	68	64	52	38	22	9	7	7	8	7	6	6	9	11	10	8	6	8	17	35	52	61	60	51	38	25	21	30	43	50	48	40	30	18	13	18	22	18	8	3	2	3	3	3	4	7	9	10	10	10	8	7	6	3	2	3
3	3	4	4	5	5	6	7	8	9	13	16	26	39	59	62	68	29	27	27	28	26	25	25	25	25	25	26	26	26	26	25	27	27	25	25	26	27	29	32	37	41	40	36	31	28	28	29	35	40	44	46	47	46	43	40	37	32	28	26	34	52	64	76	87	92	87	71	57	48	45	44	44	42	42	42	42	42	42	42	42	41	39	38	38	42	51	62	73	85	98	112	124	132	136	138	139	138	136	135	138	142	146	148	146	139	129	117	101	80	62	50	47	46	83	171	160	139	133	129	127	112	113	119	126	129	132	136	144	151	160	168	175	176	174	176	174	178	170	168	164	161	159	159	158	161	157	155	155	159	156	154	147	142	144	138	138	149	151	155	147	148	145	139	134	130	145	151	156	157	160	167	178	202	215	198	194	188	159	137	130	127	126	125	125	125	124	124	124	124	123	122	122	121	121	120	119	119	119	118	117	117	117	116	116	117	116	117	116	116	116	115	115	114	113	112	111	110	108	107	105	103	100	98	96	94	93	91	89	88	86	85	84	83	82	79	78	77	75	74	72	71	70	70	68	63	52	37	21	9	7	7	7	6	5	5	5	5	5	5	5	5	8	21	33	38	36	29	19	10	7	16	27	31	29	22	13	6	4	8	9	7	3	2	3	3	3	3	6	13	18	20	21	20	19	17	12	8	7	8
3	3	4	5	5	5	6	7	8	10	14	17	30	54	82	92	78	28	26	25	27	25	24	25	25	25	26	26	26	25	25	25	25	25	25	24	24	26	27	30	36	40	39	35	30	26	26	28	33	40	44	46	48	46	43	40	35	31	27	25	36	59	80	94	102	107	101	86	73	63	53	47	44	43	42	42	42	42	42	43	42	41	39	39	39	38	42	50	61	73	87	102	115	125	133	138	139	138	137	137	140	144	147	152	152	148	140	130	114	97	77	59	49	54	138	165	149	147	130	126	117	112	115	123	124	133	145	148	147	151	150	154	160	163	164	167	171	167	169	168	161	155	156	156	157	145	155	154	158	148	139	142	145	149	151	157	153	142	136	130	130	137	138	138	132	133	134	131	147	151	152	144	148	181	201	202	192	189	157	132	130	131	129	126	125	125	125	124	124	124	123	122	122	122	121	120	119	119	118	118	118	117	118	117	117	116	117	116	116	116	116	115	115	114	113	112	111	110	108	107	105	103	101	99	97	94	93	91	89	88	87	85	84	82	81	80	78	77	75	74	73	71	70	70	68	64	52	37	21	9	7	7	6	6	6	5	5	5	5	5	5	4	5	7	13	17	16	11	7	4	3	5	11	14	12	9	5	4	3	3	3	3	3	3	3	3	3	3	8	17	23	24	25	25	24	22	15	9	10	10
4	5	5	5	5	6	6	8	9	10	14	19	31	47	63	84	72	25	23	23	25	24	24	24	24	25	25	26	25	25	24	24	24	24	23	23	24	25	26	29	35	39	38	34	29	25	24	27	33	40	45	48	48	46	42	39	34	30	27	25	40	63	86	104	115	120	113	100	89	80	70	58	48	43	42	42	41	42	43	43	42	41	40	39	38	38	39	42	50	61	74	90	103	114	125	133	137	138	139	139	142	145	149	154	156	155	150	142	129	114	95	76	63	80	164	158	143	135	132	127	124	124	119	124	142	147	150	155	167	173	172	169	161	154	144	145	146	145	148	142	139	139	138	134	144	135	145	142	142	150	156	160	162	164	159	147	138	143	149	144	142	148	150	142	133	127	137	138	128	135	139	140	141	165	203	206	215	199	185	153	128	127	129	130	129	126	124	124	124	124	123	122	122	121	121	120	120	119	118	118	118	117	117	117	117	116	117	117	117	116	116	116	115	114	114	112	111	110	109	107	105	104	102	99	97	95	93	91	89	88	87	85	84	83	81	79	78	77	75	74	73	72	71	70	69	64	53	38	21	9	7	7	7	7	6	5	5	5	5	5	4	5	5	5	5	6	6	4	4	3	4	3	4	4	4	3	4	3	3	3	3	3	3	3	3	3	2	4	10	20	22	23	24	24	24	20	13	10	11	12
5	5	5	5	6	7	7	8	10	11	14	19	30	41	62	94	78	22	21	21	23	22	22	23	23	24	24	24	24	24	24	23	23	23	23	22	23	24	25	28	33	37	37	33	28	25	24	27	33	40	45	48	49	46	43	39	34	29	26	24	41	66	88	108	123	130	126	113	105	97	89	76	62	49	44	43	42	42	43	43	43	41	39	39	40	39	39	39	41	48	59	73	88	101	113	125	132	138	140	142	144	146	150	155	158	160	158	152	142	129	113	97	81	86	150	162	148	161	148	134	133	126	138	148	160	167	165	159	167	166	171	172	168	166	159	155	146	135	132	135	123	129	131	131	136	142	139	147	148	141	135	129	116	103	91	85	87	96	108	114	119	129	141	149	148	140	134	135	134	121	116	123	122	173	203	199	188	190	190	153	129	127	127	127	126	126	127	127	126	123	123	122	122	122	122	121	121	119	119	119	118	117	117	117	116	116	116	116	115	116	116	116	115	114	114	113	111	110	109	108	106	104	101	100	97	95	93	92	90	88	87	86	84	83	81	79	78	77	76	74	73	72	71	70	68	64	54	39	23	10	7	7	7	7	6	5	5	5	5	5	5	5	5	5	5	4	4	4	4	4	3	3	3	3	3	4	3	3	3	3	3	3	3	3	3	3	3	6	12	21	23	22	23	23	23	19	11	9	11	12
5	5	5	6	6	8	8	9	10	10	13	17	26	41	60	72	53	17	17	19	20	20	22	22	23	24	24	24	25	25	25	23	22	22	22	22	22	24	25	27	32	36	36	33	29	25	25	27	33	40	45	48	49	46	43	39	35	30	26	24	42	69	90	110	126	136	136	127	121	113	107	96	83	67	52	44	42	43	44	44	42	41	41	40	40	40	40	40	39	40	46	57	71	86	101	113	123	133	140	142	144	148	152	156	159	162	163	160	153	143	130	122	125	151	156	177	188	182	143	129	132	138	139	153	164	146	141	133	119	111	105	108	111	114	115	123	121	125	124	122	120	134	134	128	130	119	115	111	103	91	83	74	75	80	89	99	107	109	107	106	106	112	117	124	145	138	131	136	146	137	121	119	139	188	180	163	156	168	189	159	142	128	127	126	126	126	125	124	124	124	123	123	122	122	121	121	121	120	119	119	119	118	117	117	117	117	116	116	116	116	116	116	116	115	113	112	112	110	109	108	107	104	102	100	98	96	93	91	90	89	88	86	84	83	81	80	79	77	76	75	74	72	71	70	68	66	55	41	24	11	7	7	8	7	6	6	5	5	5	5	4	5	5	5	5	5	4	5	4	4	4	4	4	3	3	4	3	4	3	3	3	3	3	3	3	3	3	8	16	24	24	22	22	22	21	16	9	9	11	10
5	6	6	6	7	7	8	9	10	10	13	16	20	28	36	38	28	15	15	17	18	19	20	22	23	24	24	24	24	25	24	23	22	22	21	21	22	24	25	26	31	35	36	33	29	25	25	27	32	40	45	47	49	47	44	40	35	30	27	24	44	69	93	112	128	139	140	138	135	131	124	114	103	88	71	56	47	44	44	45	43	42	41	40	40	39	40	40	39	39	39	44	55	70	85	99	112	124	133	140	145	149	153	157	159	162	164	164	160	154	144	144	139	171	178	186	199	177	147	134	132	143	145	156	149	136	126	122	123	123	123	120	118	116	109	100	98	100	104	106	121	130	133	133	127	113	98	83	75	73	84	97	105	96	98	104	109	109	105	105	101	93	94	100	130	132	128	134	148	148	125	118	167	190	145	138	121	132	144	198	178	133	127	126	126	125	125	125	125	123	123	123	122	122	122	122	121	121	120	119	118	118	118	117	116	117	117	117	116	116	117	116	115	115	114	113	112	110	110	108	106	104	102	101	98	95	93	92	90	89	88	87	85	83	82	80	79	78	76	75	73	73	71	70	69	66	57	44	30	16	10	8	7	7	6	6	6	5	5	5	5	5	5	5	5	4	4	4	4	4	4	3	3	3	3	4	3	3	3	3	3	3	3	3	3	3	3	9	17	23	22	20	20	21	20	16	11	8	6	4
5	6	6	7	8	8	9	10	10	11	11	13	14	14	15	15	14	13	14	15	17	19	20	21	22	23	23	23	23	23	24	23	22	21	20	20	23	24	24	25	30	34	36	34	31	27	25	27	32	38	45	48	49	48	45	41	36	31	27	26	46	71	95	114	130	141	142	142	144	144	140	132	121	107	91	75	61	49	45	44	43	41	41	41	41	40	40	40	39	38	38	39	43	52	67	83	98	111	121	132	140	148	154	157	160	162	165	165	165	161	153	147	158	185	190	186	187	162	128	125	128	143	149	147	129	120	121	121	116	118	113	110	112	115	108	101	99	94	86	91	120	136	154	175	178	156	123	91	73	75	81	77	75	76	82	98	92	46	21	32	53	79	91	91	104	125	131	132	145	160	145	116	175	163	131	121	131	134	123	150	171	173	129	127	126	125	125	125	125	125	124	123	123	123	122	122	121	120	120	119	119	118	118	118	117	117	117	117	116	117	117	116	116	115	114	113	112	111	110	108	106	105	102	101	98	96	94	92	91	89	88	87	85	83	82	81	79	78	77	75	73	72	71	70	68	66	60	53	40	26	18	11	7	7	6	6	6	6	5	5	5	5	5	5	4	4	4	5	4	4	3	3	3	3	3	3	3	3	3	3	3	3	3	3	3	3	3	6	13	17	19	18	19	20	21	19	9	4	3	2
5	5	7	7	8	8	9	10	11	11	11	12	12	12	12	12	12	13	14	15	16	17	19	20	22	22	23	23	23	23	23	22	22	21	20	21	22	23	23	25	29	35	37	36	32	27	25	26	31	38	46	49	50	49	45	42	37	32	29	28	48	74	96	115	132	141	144	145	148	150	150	145	136	123	109	95	80	65	52	46	43	41	41	41	41	40	40	40	40	39	39	39	39	43	51	64	80	95	107	119	131	143	151	157	160	163	165	165	165	163	160	154	149	166	185	180	167	131	125	120	125	140	147	144	119	106	114	112	107	93	90	91	89	47	42	34	54	71	80	74	109	153	171	191	194	174	142	108	77	82	90	88	89	102	122	137	132	92	74	92	117	126	118	114	112	124	136	139	134	155	163	121	173	145	126	106	112	102	114	126	157	198	173	131	126	126	125	125	125	125	124	124	124	123	122	122	121	121	120	119	119	119	118	117	117	117	117	117	116	117	117	116	116	115	114	113	112	111	110	108	106	105	103	101	98	96	95	93	91	89	88	87	85	83	82	80	79	77	76	76	74	72	71	69	68	67	66	63	54	39	30	17	10	9	7	5	6	6	5	5	5	5	5	5	4	4	4	4	4	4	3	3	3	3	3	3	3	3	3	3	3	3	3	3	3	3	3	4	6	11	15	17	19	21	18	11	4	2	2	2
6	6	7	8	9	8	10	10	11	11	12	12	12	12	12	11	12	13	13	15	15	16	18	19	21	22	22	22	22	22	22	22	21	20	19	19	20	22	22	25	30	36	39	37	32	28	25	26	31	40	46	50	51	48	45	41	38	32	29	29	50	76	98	116	132	143	144	147	150	152	155	153	148	137	124	112	99	83	68	56	46	42	42	41	41	41	41	41	40	40	38	39	40	39	42	49	61	75	90	105	118	131	144	153	160	164	165	166	166	164	162	160	160	157	170	188	151	121	109	118	134	147	149	145	126	114	115	103	89	104	123	129	125	100	90	95	91	98	123	129	144	164	176	195	197	170	143	130	120	125	124	121	124	128	134	134	133	129	125	127	136	148	151	138	146	147	152	151	149	159	181	152	177	162	130	108	113	103	108	124	152	173	200	172	127	126	125	125	126	126	125	124	123	123	122	122	121	121	121	120	120	119	117	117	117	117	116	117	117	117	117	117	117	116	115	113	113	112	110	109	106	105	103	101	98	96	94	93	91	90	88	86	86	84	82	80	79	78	76	75	74	73	72	70	68	68	68	69	64	56	45	30	20	13	9	6	5	5	6	5	5	5	5	5	4	4	4	5	4	4	3	3	2	3	3	3	3	3	3	3	3	3	3	3	3	3	3	3	3	7	10	14	17	13	8	4	2	2	2	2
7	7	7	9	9	10	10	10	11	11	12	12	12	12	12	11	12	12	13	14	14	15	17	18	20	22	22	22	22	22	21	21	21	21	20	19	19	21	22	24	30	37	40	38	33	27	23	25	31	40	46	51	51	48	44	40	38	34	30	31	53	77	99	118	132	142	145	147	150	153	155	156	154	147	137	126	114	101	88	75	60	48	43	42	41	41	41	41	39	40	39	39	40	40	41	44	48	58	71	88	103	119	133	146	155	161	166	167	166	165	164	166	163	175	186	176	151	129	128	142	155	162	155	152	138	132	134	151	151	149	144	136	138	139	140	147	141	140	147	152	157	155	170	188	192	161	139	136	138	134	136	136	128	125	132	138	141	139	134	132	131	133	137	153	163	164	170	177	172	160	169	157	169	175	146	134	122	125	122	140	166	188	202	171	135	127	127	126	125	125	124	124	124	123	122	123	121	121	120	120	120	119	118	117	118	117	117	117	116	116	116	116	116	115	115	114	113	112	111	108	106	105	103	101	99	97	94	92	92	90	88	87	85	83	83	81	79	78	77	75	74	72	71	70	68	67	68	70	71	68	54	36	24	14	10	8	7	5	5	5	5	5	5	5	4	4	4	4	4	4	4	3	3	3	3	3	3	3	3	4	3	3	3	3	3	3	2	3	2	3	7	10	9	4	3	2	2	2	2	2
8	8	8	9	10	10	10	11	11	11	12	12	12	12	11	11	11	11	13	13	13	14	16	18	19	20	21	21	22	22	21	20	20	20	20	18	18	20	21	24	30	37	40	38	33	27	23	24	31	40	47	51	51	48	44	40	39	34	31	32	54	79	100	118	132	142	144	147	151	154	156	157	155	151	145	138	128	117	106	95	81	65	51	44	42	42	41	40	40	39	39	39	40	41	42	43	45	48	55	68	85	104	120	135	147	157	163	167	166	165	163	162	161	160	165	184	152	153	157	160	166	176	166	164	157	156	141	138	142	144	145	146	148	143	135	121	129	145	149	149	143	150	181	203	202	175	151	129	126	127	126	128	135	126	119	122	127	134	140	143	153	164	170	170	169	168	179	197	195	187	164	146	167	179	161	149	136	132	147	138	125	163	184	186	136	126	125	125	126	125	124	124	124	124	123	122	121	121	121	120	120	119	118	118	118	117	116	116	115	116	117	117	116	115	114	114	113	111	111	109	108	106	104	102	99	96	94	93	91	90	89	86	85	83	82	80	79	78	77	75	74	73	71	70	68	67	67	71	74	71	60	42	25	15	13	13	11	6	5	5	5	4	4	5	4	4	4	4	4	4	3	3	3	3	3	3	3	3	3	3	3	3	3	3	3	3	3	3	3	3	4	6	4	2	2	2	2	2	2	2
8	8	9	9	10	11	11	11	11	12	12	12	12	11	11	11	12	12	13	12	13	14	15	17	18	20	20	20	21	21	19	19	21	21	20	18	19	20	22	24	31	38	40	38	33	28	24	24	32	40	47	50	50	48	44	41	38	34	30	33	57	81	102	119	133	143	144	147	151	154	157	157	155	151	148	145	140	132	123	114	101	84	68	56	46	42	42	41	40	40	39	40	40	40	42	44	45	46	46	53	67	86	105	123	138	150	159	165	166	165	162	160	160	158	160	160	103	130	154	173	161	181	174	172	174	172	164	150	138	136	135	131	129	125	124	136	143	138	144	144	148	168	185	195	196	187	171	152	125	120	124	127	135	143	146	150	153	157	159	156	158	159	156	155	154	151	176	197	205	205	179	170	182	198	182	172	136	121	132	174	130	156	162	138	128	127	126	125	125	125	125	125	124	124	123	123	122	122	121	121	120	119	117	117	117	117	117	116	116	117	116	116	117	115	115	115	114	112	110	110	108	106	104	101	100	96	95	93	92	90	89	88	85	84	82	81	79	78	77	75	74	73	72	70	68	67	67	69	71	66	54	39	23	20	22	22	19	13	11	10	8	6	5	5	4	4	4	5	4	4	4	3	3	3	3	3	3	3	3	3	3	3	3	3	3	3	3	3	2	3	2	3	2	3	2	2	2	2	2	2
8	8	8	9	10	11	11	11	11	12	12	12	12	11	12	12	13	13	12	12	13	14	14	16	18	20	20	20	20	20	19	19	20	21	20	20	20	21	22	25	31	38	40	38	33	27	24	25	32	40	46	50	50	49	45	41	38	34	29	33	58	82	102	119	132	142	143	147	151	155	158	158	155	152	150	149	147	144	139	130	119	103	88	73	58	47	42	41	39	39	39	39	40	41	42	44	46	46	46	47	53	69	89	109	127	142	154	162	165	164	162	160	160	160	158	160	129	113	162	175	144	176	171	177	176	173	171	168	163	154	146	140	139	132	135	141	150	146	134	116	167	190	202	205	208	205	192	163	131	97	101	119	134	143	148	152	153	146	144	139	136	132	131	131	130	135	154	173	199	203	197	203	205	210	195	174	129	124	124	161	173	160	142	128	127	127	125	126	126	125	124	124	124	124	123	122	122	122	121	120	120	119	118	118	117	116	117	116	116	116	116	116	116	116	115	114	113	112	111	110	108	106	104	102	99	97	95	93	91	90	89	88	85	84	83	81	79	78	77	75	74	72	71	70	68	68	66	64	64	58	42	30	22	30	37	38	33	28	23	16	10	6	5	5	6	6	5	4	4	4	3	3	3	3	3	3	3	3	3	3	3	3	3	3	3	3	3	3	2	2	2	2	2	2	2	2	2	2	2	2
8	8	9	10	10	11	11	12	12	12	12	12	11	11	12	12	13	13	12	13	13	14	15	17	17	19	19	20	20	20	19	20	20	20	21	21	21	23	23	26	31	38	40	38	34	28	25	26	31	39	46	51	51	49	45	41	37	32	29	33	58	81	102	118	131	141	144	147	153	157	159	159	156	153	152	151	150	150	148	143	133	118	106	92	75	61	50	42	40	40	40	40	40	41	42	44	46	46	46	46	48	56	76	97	118	134	149	158	164	164	163	161	160	159	157	160	152	136	165	156	138	175	176	177	163	148	152	148	141	136	132	127	127	136	142	151	149	148	124	119	162	166	164	159	158	155	143	133	129	142	104	106	130	141	146	148	148	145	141	136	126	119	115	109	108	120	140	145	191	206	199	204	215	212	186	167	108	124	128	134	180	171	130	127	128	126	126	125	126	126	125	125	124	124	124	122	122	121	120	120	119	119	117	117	117	116	116	116	116	116	115	115	115	115	115	115	113	112	111	110	107	106	104	101	99	97	95	93	91	91	89	88	86	84	83	81	80	78	77	75	75	73	72	70	69	67	65	57	52	43	32	25	25	35	48	52	45	33	25	14	8	6	5	10	13	14	9	5	4	4	3	3	3	2	3	3	3	3	3	3	3	3	3	3	3	3	3	3	3	2	2	2	2	2	2	2	2	2	2	2
8	9	9	10	11	11	11	12	12	12	12	12	12	11	12	13	12	12	12	13	14	15	16	17	18	19	20	20	20	20	19	20	19	19	20	21	21	24	24	27	32	37	39	38	35	29	25	25	31	38	45	50	52	49	45	41	37	31	28	33	57	80	101	118	130	141	145	149	154	158	160	159	157	154	153	152	152	152	153	150	143	132	120	107	93	79	65	53	44	40	40	40	40	41	43	44	46	47	47	47	48	51	66	88	110	128	144	156	162	165	163	161	161	159	157	156	161	148	155	129	110	179	182	179	169	131	123	126	127	132	135	138	142	148	144	144	146	137	118	128	101	103	104	94	95	88	76	46	70	94	114	110	115	127	140	144	144	139	139	135	126	117	110	103	104	111	127	146	178	208	209	215	218	212	158	116	115	120	135	142	174	145	126	127	127	127	127	126	126	125	125	125	124	123	123	122	122	121	121	120	120	119	118	118	117	117	116	116	116	116	116	115	116	115	114	114	113	113	111	110	108	107	105	102	100	97	95	93	92	90	89	87	86	85	83	81	80	78	77	75	73	72	71	70	69	67	65	56	42	31	22	19	24	40	54	59	51	38	25	12	6	5	9	20	29	32	22	12	7	8	9	9	5	3	3	3	3	2	3	3	3	3	3	3	2	2	3	2	3	2	2	2	2	2	2	2	2	2	2	2
9	10	10	11	11	12	12	12	12	12	12	12	12	12	12	13	13	12	12	13	15	16	16	17	18	19	19	20	19	20	20	19	20	20	20	20	21	24	24	27	31	37	39	39	36	30	25	25	30	38	46	50	52	50	45	41	36	30	27	32	56	77	96	113	128	140	146	151	155	159	161	160	158	155	154	153	153	154	154	152	148	140	131	121	109	98	85	72	57	46	41	41	41	41	42	44	46	47	46	47	48	50	60	81	104	124	142	154	161	165	163	162	162	160	158	156	156	160	160	136	128	172	191	183	179	131	115	112	119	128	133	140	145	146	143	139	133	122	113	109	86	54	57	81	73	65	61	63	59	65	82	125	140	124	127	135	141	145	147	137	128	122	116	115	113	118	126	142	164	193	206	212	222	210	143	132	157	177	138	153	161	124	125	126	127	127	127	127	126	125	125	124	124	124	123	122	122	121	121	120	120	119	119	117	116	117	116	115	115	115	116	115	115	116	115	114	113	113	111	110	108	107	104	101	99	97	95	93	91	90	89	87	86	85	83	81	80	79	77	75	74	73	72	70	69	68	66	57	43	27	13	11	24	44	53	56	44	31	20	10	7	8	16	36	51	52	40	32	28	27	23	13	6	2	3	4	3	3	2	3	3	3	3	2	3	2	3	3	3	2	2	2	2	2	2	2	2	2	2	2
9	10	11	11	12	12	11	12	12	12	12	12	12	13	13	13	13	13	13	15	17	18	17	18	18	19	20	20	20	20	20	19	19	19	19	20	22	23	24	26	31	36	39	40	36	31	25	25	30	38	45	50	51	49	45	41	36	30	26	30	48	70	90	106	122	136	146	152	157	160	162	161	157	155	155	154	154	154	154	152	148	143	139	133	125	114	104	91	76	60	47	42	40	41	43	44	46	47	47	48	48	50	57	76	100	122	139	151	160	164	164	162	162	160	158	156	156	159	170	150	132	146	183	191	182	143	127	120	117	125	136	142	146	146	137	125	119	130	162	149	110	102	118	124	113	104	114	111	109	117	124	152	166	158	141	133	136	144	146	139	135	133	130	128	130	130	132	135	166	183	196	206	220	205	116	126	130	148	189	165	131	119	124	127	127	127	127	126	126	126	125	124	124	124	124	122	121	121	121	120	120	119	118	117	116	116	116	116	115	114	115	115	115	116	116	114	113	112	112	110	109	107	104	102	100	97	96	94	92	91	89	88	86	85	83	82	80	79	77	75	73	72	71	70	69	67	65	58	44	27	13	11	23	32	39	42	33	22	15	12	16	24	36	52	68	69	59	50	43	33	21	10	4	3	5	7	6	3	3	3	2	3	3	3	3	3	3	3	3	2	2	2	2	2	2	2	2	2	2	2
11	11	11	11	12	12	12	12	11	12	13	12	12	13	13	12	13	13	14	18	20	18	18	19	19	20	20	20	19	19	19	19	18	18	19	20	21	23	24	26	31	36	40	40	36	30	25	24	29	38	45	50	51	49	44	40	35	29	25	26	38	58	78	96	112	127	141	151	158	161	163	161	157	156	155	155	155	155	154	152	147	144	143	142	137	129	119	108	94	76	59	48	42	41	43	44	47	47	47	48	48	50	56	73	96	118	136	150	159	163	164	163	162	161	159	157	156	156	162	155	170	156	172	191	180	147	131	129	130	133	138	141	143	143	132	129	138	166	176	169	146	130	131	135	131	127	129	133	138	148	149	156	163	169	167	153	135	132	132	135	140	141	139	141	139	139	139	139	153	176	190	208	209	188	114	128	127	126	162	148	109	116	122	125	127	127	126	126	125	126	125	125	124	123	123	123	122	121	121	120	120	119	119	117	116	116	115	115	115	115	115	114	115	115	115	114	114	113	112	110	109	107	104	102	100	97	95	94	92	90	89	87	85	84	82	82	80	78	77	75	74	72	71	70	69	67	66	59	46	30	15	12	17	23	25	20	18	16	12	13	21	29	39	55	70	75	70	61	49	35	18	8	3	5	10	13	10	6	4	5	5	5	3	3	2	3	3	3	2	2	2	2	2	2	2	2	2	2	2	2
11	11	11	12	12	12	12	12	12	12	13	13	13	13	13	13	13	14	17	21	22	19	19	19	20	21	21	20	20	19	19	19	19	18	19	19	20	22	24	25	30	36	40	40	36	29	25	24	30	38	45	51	52	49	44	39	34	28	24	24	29	42	60	79	99	116	130	143	153	160	162	159	157	156	156	155	155	155	154	151	146	144	143	144	143	138	130	119	107	90	73	60	51	43	43	45	47	48	47	48	48	50	54	69	90	112	131	145	156	161	163	163	163	162	159	158	157	155	155	157	169	145	146	186	177	154	132	137	141	139	139	136	134	130	128	144	169	174	178	172	163	156	149	153	150	147	145	145	146	147	158	161	162	172	171	169	162	150	136	137	138	140	146	149	147	141	138	150	153	162	189	199	205	159	97	109	122	156	149	105	110	114	120	124	126	126	126	127	126	125	125	125	125	123	123	123	122	122	121	120	120	119	119	118	117	116	115	114	114	115	114	114	114	115	115	114	114	113	111	110	108	107	105	103	100	97	95	93	92	90	89	87	86	83	82	81	80	78	77	75	74	72	71	70	69	68	66	60	48	32	17	11	11	14	13	7	7	9	9	10	17	25	38	54	66	64	57	49	41	28	15	7	3	8	17	21	19	15	14	14	10	6	3	3	3	3	4	4	3	2	2	2	2	2	2	2	2	2	2	2
11	11	12	13	13	13	12	12	12	13	13	13	14	13	13	13	14	18	21	25	26	21	20	20	21	22	21	20	20	19	19	18	18	18	18	18	20	22	22	25	31	36	40	40	36	30	25	25	30	38	45	51	53	50	45	39	34	28	24	24	27	33	44	60	79	99	116	129	144	153	157	158	156	156	155	154	154	154	152	149	146	143	143	145	146	143	137	128	117	102	86	73	62	53	46	45	47	47	46	47	47	49	52	62	81	103	123	138	150	157	161	164	163	162	160	158	158	157	154	155	155	140	143	173	180	147	129	135	140	145	141	137	129	125	139	160	158	162	155	157	150	139	125	114	111	113	105	90	84	89	95	103	110	117	123	132	140	146	150	144	141	143	144	147	154	157	151	156	145	165	178	192	192	166	166	166	172	172	132	88	99	110	118	123	125	126	126	126	126	125	124	125	124	124	123	122	121	121	121	120	119	119	118	118	116	116	115	114	114	114	115	114	115	114	115	114	113	112	112	110	109	107	105	102	100	97	95	93	92	90	89	87	85	84	83	81	80	78	77	75	73	72	71	69	68	68	66	62	51	36	21	11	8	7	6	5	5	6	6	6	8	13	29	42	47	41	33	31	29	20	12	6	5	12	23	31	29	27	23	16	8	4	2	3	3	6	10	9	4	2	3	3	4	4	2	2	2	2	2	2
12	12	13	13	13	13	13	13	14	14	13	13	14	14	14	16	22	22	26	30	29	22	22	22	23	22	21	21	20	19	18	18	18	18	18	18	20	22	22	26	32	38	41	41	38	31	26	25	30	38	46	51	53	50	45	40	34	28	25	25	29	32	37	45	59	78	97	114	129	141	150	153	155	156	155	154	153	153	151	148	146	144	144	146	147	144	139	135	125	112	99	87	77	66	56	49	46	46	46	47	48	49	51	56	71	91	112	129	142	150	157	161	163	162	160	158	158	158	155	152	152	145	128	138	180	145	133	136	139	141	141	140	131	129	137	137	131	121	109	96	95	101	113	116	115	123	121	123	126	125	120	114	102	98	96	89	84	94	115	137	147	145	144	140	144	156	161	162	155	162	168	180	181	166	182	176	174	148	130	92	93	104	113	120	124	126	126	126	125	125	125	124	124	123	123	123	121	121	121	120	120	118	118	117	117	116	115	114	114	114	114	115	114	114	114	114	114	112	111	110	109	107	105	102	100	98	95	93	92	90	89	87	85	83	83	81	80	78	77	75	73	72	71	69	68	67	67	63	55	41	25	13	8	7	6	5	5	5	6	6	5	7	16	25	26	16	11	13	16	14	8	6	8	13	24	32	34	32	27	16	8	4	3	3	4	11	17	16	11	7	8	11	8	3	2	3	3	2	3	4
13	13	13	12	13	13	14	14	14	14	14	14	14	14	16	27	32	28	31	34	30	24	23	24	22	22	22	21	21	20	19	18	18	18	18	19	21	22	23	28	34	38	41	41	38	32	26	26	30	38	46	51	53	50	46	41	34	29	25	25	29	33	36	41	47	59	76	95	112	127	138	145	151	155	154	154	152	151	149	147	145	143	145	147	147	144	139	135	130	120	110	100	92	82	71	60	51	47	46	47	48	49	52	55	61	78	98	116	131	141	149	157	162	163	161	159	159	159	155	153	151	153	158	163	173	147	136	141	145	143	144	144	142	143	131	113	95	87	112	125	120	113	104	92	85	80	77	71	71	71	73	78	84	94	105	110	111	108	110	122	133	138	134	131	140	151	154	166	145	161	161	173	169	178	188	165	158	98	104	95	91	100	110	118	124	125	126	125	124	125	125	124	124	124	123	122	122	121	120	120	119	118	117	117	117	116	115	114	114	114	114	113	114	114	113	114	113	112	111	110	109	107	105	102	99	97	95	93	91	90	89	86	86	84	82	80	79	78	76	75	73	72	71	70	68	67	65	64	57	45	30	16	9	7	6	5	5	5	6	6	5	6	10	13	10	5	4	4	5	6	5	4	7	13	22	29	29	26	22	14	9	5	3	3	4	14	26	25	18	15	16	14	6	2	3	5	5	6	8	4
12	12	13	13	13	14	14	15	15	15	15	15	14	18	29	43	40	34	37	38	32	25	24	24	24	24	23	22	21	20	19	18	18	18	18	19	21	23	25	29	35	40	42	42	39	33	27	26	30	39	46	52	53	51	46	41	35	29	26	25	30	34	37	42	45	49	58	75	93	110	123	133	142	150	153	153	150	150	148	146	144	144	146	147	147	143	138	134	131	127	120	113	106	98	88	76	63	54	47	47	47	49	51	54	57	65	83	100	118	129	139	149	157	161	161	160	159	158	156	154	152	155	158	160	165	159	142	148	148	141	141	141	146	140	125	108	111	125	123	111	103	96	91	92	95	97	98	107	106	103	100	97	93	91	92	92	92	100	108	109	111	115	118	122	124	137	151	165	152	146	151	160	156	182	183	133	112	58	60	80	86	97	106	115	121	124	126	125	124	124	125	124	124	123	123	123	122	121	120	119	119	119	118	117	116	116	115	113	114	114	114	113	113	113	113	113	114	113	111	110	109	106	104	102	100	97	95	93	91	90	89	87	85	83	82	81	78	77	77	75	74	72	71	70	69	67	65	64	60	50	35	21	11	6	6	5	5	5	5	6	5	5	6	6	5	5	5	4	4	4	4	3	4	11	19	20	16	16	16	12	8	4	3	5	9	18	29	30	24	23	21	12	4	2	2	6	9	11	7	2
13	13	14	14	14	15	15	15	15	16	15	16	19	29	40	47	43	41	43	42	34	27	26	26	25	25	24	23	22	21	19	19	18	18	20	21	22	24	26	31	37	41	43	43	39	35	28	27	31	39	46	53	55	52	47	41	36	30	26	26	30	34	38	42	46	48	50	58	73	90	105	118	130	140	147	150	150	148	146	145	145	145	147	148	147	143	137	132	130	129	126	122	118	112	104	92	79	68	58	50	49	49	51	53	56	59	68	85	100	115	126	138	149	156	160	161	160	160	157	154	153	154	157	159	162	160	138	147	153	142	131	130	130	126	116	120	122	111	103	102	112	118	127	135	138	138	142	142	137	136	134	139	141	140	139	136	128	126	121	113	106	102	103	103	106	115	134	152	143	140	137	142	151	181	155	64	44	43	38	30	35	56	82	105	119	123	125	126	125	123	124	124	124	124	123	122	122	121	120	119	119	118	118	117	116	115	115	114	113	113	113	113	113	113	114	113	112	113	112	110	108	106	104	102	99	97	95	93	91	90	88	87	85	83	82	80	79	77	76	74	73	72	71	69	68	67	65	64	62	54	41	26	15	8	6	5	5	5	5	6	6	5	5	5	5	4	5	4	4	4	4	3	3	8	12	10	6	7	9	9	6	4	4	7	10	14	23	28	29	25	19	13	8	4	2	5	10	9	5	2
14	14	14	15	16	16	16	16	16	17	18	22	29	38	45	50	52	49	49	46	35	29	27	27	26	26	25	23	22	21	20	19	19	19	20	21	23	24	28	33	37	42	44	44	41	36	30	29	32	40	47	54	56	54	48	42	37	30	27	27	30	34	37	42	45	49	50	51	56	69	84	100	114	126	135	142	146	147	145	144	145	146	147	148	147	142	136	132	130	128	127	128	128	124	117	106	95	85	73	62	53	50	52	54	56	59	62	69	83	97	111	125	138	148	154	159	161	159	157	155	153	148	127	93	60	36	24	80	139	136	117	116	118	117	113	120	125	128	131	139	144	146	136	131	137	138	140	140	139	132	133	144	146	149	155	163	159	147	139	127	115	107	102	97	92	104	119	139	134	125	149	114	163	169	89	76	24	29	36	39	32	18	20	38	65	95	117	124	125	124	123	123	123	123	123	121	121	121	120	119	119	118	118	117	116	115	114	114	113	113	113	112	112	112	114	113	113	113	111	109	108	107	104	102	100	97	95	92	91	89	88	86	85	84	82	80	78	77	75	74	73	72	70	69	67	66	65	64	62	58	47	32	19	10	6	5	5	5	5	5	5	6	5	5	5	4	4	4	4	4	4	3	3	5	8	5	2	3	3	4	4	3	3	5	6	10	17	27	26	16	13	12	9	4	2	5	9	10	6	3
15	15	16	16	16	17	17	18	19	21	25	32	41	60	84	99	72	58	55	50	39	31	29	28	27	26	25	24	23	22	21	21	21	20	21	22	23	26	28	34	38	42	45	45	42	37	31	30	34	41	48	54	57	54	48	42	38	32	28	27	30	33	37	41	45	48	50	50	51	55	65	79	95	109	120	130	136	141	144	144	146	147	147	147	146	141	136	132	130	128	128	129	131	131	126	119	110	100	89	77	67	58	54	54	56	60	62	62	68	78	93	109	124	135	144	152	158	159	148	119	79	41	18	11	12	16	15	12	73	117	112	105	104	112	120	129	136	141	148	155	155	150	146	134	132	134	133	125	120	130	124	124	124	124	137	138	135	123	101	89	86	89	86	82	85	90	110	127	125	143	113	122	161	83	28	82	76	24	30	37	38	38	25	13	19	35	53	77	102	118	123	123	123	122	123	122	120	120	119	119	118	117	117	116	115	114	114	113	113	112	112	112	112	112	113	113	112	112	111	109	108	107	104	101	99	98	96	92	91	90	87	86	85	83	81	80	78	77	75	74	73	72	71	69	67	66	65	64	61	59	51	37	23	13	7	5	5	5	5	5	6	5	5	4	4	4	4	4	4	3	4	3	3	3	4	3	3	3	3	3	2	2	2	3	3	5	14	21	13	6	6	7	6	3	2	4	8	9	6	3
16	17	17	17	17	19	21	23	27	43	73	109	149	176	180	159	97	66	61	54	41	32	29	28	27	26	25	24	23	23	22	22	21	20	22	23	24	26	29	33	38	43	46	47	44	38	32	30	35	42	49	54	56	54	49	43	39	33	28	27	30	34	37	41	45	49	50	50	51	52	53	61	74	89	102	114	123	131	139	144	148	147	148	148	146	141	136	132	129	129	129	130	132	133	132	128	121	114	106	96	85	74	65	57	58	60	61	61	62	65	75	90	106	120	129	125	105	71	40	23	14	8	7	13	18	14	8	5	28	122	108	102	105	105	106	107	104	106	120	132	135	129	131	127	124	119	115	115	120	105	102	98	100	100	101	100	90	79	67	60	59	60	63	68	71	84	113	123	133	131	90	140	168	32	20	60	72	35	23	29	37	31	35	32	14	14	24	36	46	55	71	92	113	121	122	122	121	120	119	118	118	117	116	116	115	114	113	113	113	112	112	112	112	112	112	111	111	111	110	109	108	106	105	102	99	97	95	92	91	90	88	85	84	82	81	79	78	77	75	74	73	71	70	69	67	65	65	63	61	59	53	42	27	16	8	5	5	5	5	6	6	6	5	4	4	4	4	4	4	4	4	3	3	3	3	3	3	3	3	3	3	2	2	2	2	3	9	10	4	2	2	2	2	2	2	3	6	4	3	3
17	18	20	27	43	63	85	108	141	181	204	219	225	222	214	188	112	73	66	58	43	33	31	29	28	27	26	25	25	24	23	22	22	22	23	24	24	25	28	33	38	44	47	48	44	39	33	31	35	42	49	55	58	55	49	43	38	33	29	27	29	33	37	40	44	48	50	50	51	51	52	52	57	68	81	95	107	118	128	137	144	147	148	148	144	140	135	131	130	128	129	130	131	133	133	132	131	126	120	112	103	93	82	71	62	61	62	62	61	60	62	73	83	81	65	49	37	24	18	11	6	8	15	20	11	6	9	17	23	39	109	108	100	92	83	73	71	76	83	90	98	102	99	98	97	91	88	85	77	73	70	71	72	72	66	60	60	62	62	62	57	55	54	52	62	96	108	114	129	95	108	172	150	20	19	44	41	25	21	20	27	29	22	33	32	18	16	23	29	36	44	51	58	74	98	116	120	120	119	118	117	117	116	116	116	114	113	113	112	111	110	111	111	111	111	111	111	110	110	109	107	105	104	102	99	97	95	92	90	89	87	86	84	82	80	79	77	76	75	74	73	71	70	68	67	65	64	63	61	58	53	45	33	22	13	7	6	5	5	6	6	6	5	5	4	4	4	4	4	4	4	3	3	3	3	3	3	3	3	3	2	2	2	2	3	2	5	4	2	2	2	1	2	2	2	2	4	2	2	2
19	21	34	62	99	139	175	203	225	237	239	238	238	237	229	207	126	80	72	62	44	34	31	29	28	27	27	26	25	24	23	22	22	23	24	24	24	25	28	33	39	44	47	48	45	39	33	32	36	43	49	55	57	54	48	43	38	33	29	27	28	32	36	40	43	48	49	50	51	52	52	52	51	54	61	73	87	101	114	125	135	142	147	146	143	140	135	131	129	129	130	131	132	134	134	134	135	134	131	126	118	110	99	87	76	68	63	64	66	65	65	62	56	53	47	36	28	18	13	7	8	13	18	11	8	13	18	21	21	17	29	129	109	99	85	78	79	83	88	88	84	80	78	71	66	60	57	57	56	56	54	52	50	50	52	55	56	57	57	58	57	55	52	57	84	96	112	105	107	100	161	178	79	16	19	27	22	19	17	18	19	20	29	36	38	33	23	23	24	28	36	42	50	52	55	61	76	92	107	116	118	117	115	115	114	114	112	112	112	111	110	110	110	111	109	109	110	109	108	108	107	105	103	101	99	96	94	91	90	88	87	86	84	82	80	79	77	76	75	73	73	71	69	68	67	65	63	62	61	57	53	48	38	27	20	12	9	7	6	6	6	5	5	4	4	4	4	4	4	4	4	3	3	3	2	3	3	3	3	3	3	2	2	2	2	2	2	2	1	2	2	2	2	2	2	2	2	2	2	1
22	38	69	109	149	183	208	227	241	247	248	247	248	246	240	220	140	86	77	65	46	35	31	30	29	28	27	25	24	24	23	23	23	23	23	23	24	24	28	34	41	45	49	49	45	39	33	32	36	43	49	54	56	54	49	43	38	32	28	26	27	32	36	39	44	48	49	50	50	51	52	51	50	51	50	54	65	80	96	110	122	131	139	142	141	139	135	132	130	129	131	131	132	134	134	134	135	136	138	136	131	124	114	104	96	91	84	76	69	66	64	59	51	47	43	35	25	16	10	8	11	16	15	15	15	17	18	19	19	17	16	144	179	139	104	95	92	88	89	91	91	89	86	80	72	66	62	59	57	54	49	47	49	54	55	56	56	58	56	55	54	52	58	68	76	98	97	98	122	168	170	128	30	16	17	20	18	16	16	16	17	21	33	34	33	32	23	23	25	28	32	39	44	48	51	56	57	58	59	69	80	93	102	108	113	114	113	112	111	110	109	109	109	110	109	109	109	109	108	107	106	105	103	101	98	96	94	91	89	88	87	85	84	82	80	79	77	76	74	73	72	70	69	68	66	65	63	62	60	55	49	44	38	32	25	20	15	11	7	6	6	6	5	4	4	4	4	4	4	4	4	3	3	3	2	3	3	3	2	3	3	2	2	2	2	2	2	2	2	2	2	2	2	2	2	2	2	1	2	2
38	72	113	154	188	212	229	241	248	251	252	252	252	250	246	228	152	93	80	67	47	37	33	31	30	28	27	25	25	24	24	23	23	22	23	23	23	25	29	36	41	45	49	50	45	40	34	33	37	43	48	54	56	55	49	43	38	32	29	26	27	32	37	41	45	49	50	50	51	51	51	51	51	49	47	46	49	59	74	90	105	117	127	133	137	138	135	132	131	130	132	132	133	134	134	131	127	121	117	112	104	98	94	90	87	78	69	67	67	66	62	53	47	42	37	29	22	16	10	13	15	18	19	20	17	18	18	19	19	18	16	89	191	198	187	143	108	100	93	92	93	95	90	83	74	62	58	54	51	47	45	52	60	63	65	61	63	61	57	55	58	64	68	71	81	85	103	149	168	160	143	69	16	16	17	16	16	15	16	17	18	19	28	34	34	33	28	22	20	25	31	36	41	45	50	53	56	58	59	58	56	55	58	62	68	75	84	92	99	105	108	108	109	108	108	108	108	108	107	106	106	104	102	100	98	95	93	90	89	87	86	84	83	82	80	79	77	75	74	73	71	70	68	67	66	65	63	62	59	52	46	40	38	35	31	27	23	18	13	8	6	5	5	4	4	4	4	4	4	4	4	3	3	3	2	2	2	3	3	2	3	2	2	2	2	2	2	2	2	1	2	1	1	2	2	2	2	1	2	1
68	112	155	189	213	229	241	248	252	253	254	254	253	253	249	235	166	99	84	70	49	38	35	33	32	30	28	26	25	24	23	22	22	22	23	23	24	27	31	37	42	47	49	49	45	40	34	33	37	42	49	53	55	54	49	44	37	32	29	26	28	34	40	45	49	52	52	51	51	51	51	51	50	48	46	44	44	46	55	69	85	100	112	119	126	132	134	132	130	130	127	118	107	95	84	76	72	70	70	71	70	70	68	66	66	67	66	67	64	63	58	49	44	39	31	25	21	16	12	15	18	24	26	23	19	19	19	19	19	18	16	35	171	201	206	208	194	156	118	104	103	107	100	87	76	69	62	61	58	57	58	68	72	72	70	68	66	68	57	67	73	70	68	69	91	132	163	164	162	153	94	20	15	15	15	14	14	16	17	19	19	21	22	29	35	33	27	22	19	21	30	37	40	44	46	50	55	59	59	58	57	57	56	56	55	55	54	56	58	63	68	76	86	95	103	106	108	107	106	106	105	103	102	100	97	94	93	91	88	87	85	83	82	82	79	78	77	75	74	72	71	70	68	67	66	65	64	62	58	51	43	38	35	32	34	33	30	26	22	16	10	7	5	4	4	4	4	4	4	4	4	3	3	3	2	2	2	3	3	3	3	2	2	2	2	2	2	2	2	2	2	2	2	2	1	2	2	2	2	1
106	151	187	210	227	240	248	252	254	254	254	254	254	254	251	240	178	104	88	73	50	40	37	35	33	31	28	26	26	25	23	22	22	22	23	24	25	28	32	38	43	47	50	49	46	41	36	33	37	42	48	53	56	54	49	43	38	33	29	27	30	40	47	54	58	60	60	52	51	51	51	51	49	47	44	44	43	43	45	53	65	78	92	104	115	119	114	104	90	79	70	64	62	61	61	63	64	63	64	65	66	67	67	67	67	67	64	62	60	59	55	46	39	32	26	23	20	16	14	16	25	30	28	26	24	21	20	19	19	19	18	17	98	195	206	210	211	211	204	175	137	120	111	95	81	67	65	64	67	62	60	75	75	73	71	67	68	68	67	67	69	70	93	135	166	171	170	167	160	113	23	15	15	14	14	15	16	18	19	20	20	20	21	24	35	36	28	22	20	20	28	37	39	42	45	48	52	53	58	58	59	57	56	57	55	54	53	52	51	51	50	50	50	52	58	66	76	86	96	101	104	103	101	99	97	94	92	90	88	86	85	83	82	81	79	77	76	74	74	72	71	69	68	67	65	65	63	61	58	53	45	39	35	33	34	37	38	35	31	25	19	12	7	5	4	4	4	4	4	4	4	3	3	2	3	3	3	3	3	3	3	2	2	2	2	2	2	2	2	2	2	2	2	1	2	2	2	2	2	2
142	179	205	223	236	246	250	253	253	254	254	254	254	254	252	243	186	108	92	75	53	42	38	35	32	30	28	27	26	25	24	22	23	23	24	24	26	29	32	38	43	47	50	50	46	42	35	33	36	41	47	52	56	54	49	44	38	33	29	27	32	47	57	64	70	72	72	63	53	51	51	49	48	45	44	43	43	43	46	51	62	80	86	81	72	65	62	61	61	61	60	60	61	61	62	63	64	63	64	66	67	67	66	67	66	65	63	60	58	56	53	44	34	27	25	22	20	17	18	27	32	32	29	28	27	23	21	20	20	20	18	16	27	160	203	209	212	212	211	210	207	184	146	113	91	72	69	71	71	62	65	79	76	77	70	70	73	69	69	90	124	159	176	177	175	173	168	162	120	28	15	15	15	14	15	16	16	18	18	19	19	19	20	21	27	36	31	24	20	21	27	35	39	42	44	46	48	50	52	56	57	57	56	56	54	54	53	52	52	51	51	48	48	48	48	48	48	46	48	52	60	72	86	93	95	93	92	89	87	85	84	83	81	79	78	77	76	74	73	71	71	69	67	66	65	64	61	59	58	54	49	42	36	35	36	37	40	42	41	37	30	22	14	9	6	4	4	4	4	4	4	4	3	2	3	3	3	3	3	3	3	2	2	2	2	2	2	2	2	2	2	2	2	1	2	2	2	2	2	2
167	196	216	230	242	248	252	254	254	254	254	254	254	254	253	245	189	112	95	77	54	43	38	35	33	31	29	28	26	25	24	23	24	24	25	26	27	30	33	38	43	47	50	51	46	41	35	33	36	41	47	52	55	54	48	43	38	34	30	28	34	52	67	76	83	86	86	76	64	54	50	49	47	44	44	50	59	56	60	70	69	62	60	59	60	61	61	60	60	61	61	62	62	63	64	65	65	66	65	66	67	67	66	64	62	60	58	59	56	54	49	38	30	23	20	20	21	27	34	35	33	31	29	31	31	28	24	22	21	19	18	17	17	73	192	207	211	212	211	211	210	209	206	183	141	102	86	74	69	61	69	78	76	78	75	74	96	134	171	186	186	183	181	177	173	170	163	123	27	15	15	15	15	14	15	16	16	17	18	18	18	19	20	21	26	34	32	26	20	21	28	34	38	42	44	45	47	48	51	53	54	55	54	55	55	53	52	51	53	51	51	50	48	48	48	46	46	46	45	44	45	44	47	57	67	76	84	84	86	85	83	82	81	79	77	77	75	74	73	71	70	68	67	66	65	62	60	59	56	53	51	46	42	40	38	37	39	43	46	45	39	31	24	17	12	8	5	4	4	3	4	3	3	3	3	3	3	3	3	3	3	2	2	2	2	2	2	2	2	2	2	2	2	2	2	2	2	2	1	1
183	207	224	236	246	250	253	254	254	254	254	254	254	254	253	248	192	114	97	77	55	44	39	36	34	32	31	29	27	26	24	23	25	25	26	26	27	30	33	38	44	47	50	51	46	41	35	32	34	40	46	51	55	54	49	43	38	34	30	28	35	51	70	85	93	97	95	86	76	63	53	48	46	47	85	91	72	63	55	53	56	58	58	59	61	61	60	60	60	60	61	63	63	63	65	66	66	66	64	67	66	66	65	61	60	59	58	57	54	51	47	33	24	19	20	31	48	52	41	35	32	30	33	35	32	30	28	23	22	21	20	19	17	19	123	200	209	211	211	210	209	209	208	205	199	186	157	120	92	102	111	120	127	135	152	177	192	193	192	190	188	185	180	175	169	164	128	29	15	15	16	16	16	16	15	16	17	18	18	19	20	20	21	26	30	31	32	27	22	23	29	33	37	41	42	45	47	49	51	53	53	54	55	54	56	55	53	52	52	51	51	51	48	48	47	47	46	45	43	43	44	45	46	47	47	52	54	55	60	71	80	84	81	79	78	77	75	74	72	71	69	67	67	65	63	62	60	58	56	52	50	46	44	42	40	37	37	39	43	47	46	41	34	28	21	15	10	7	4	4	4	3	3	3	2	2	3	3	3	3	3	2	2	2	2	2	2	2	2	2	2	2	1	1	1	1	2	2	2	2
194	214	229	241	248	252	253	254	254	254	254	254	254	254	253	249	194	115	99	78	54	44	41	37	35	33	31	31	29	26	25	25	25	26	27	27	28	30	33	38	44	47	51	51	47	41	34	32	33	39	44	50	53	53	49	44	39	35	31	29	36	51	67	86	100	105	105	96	86	76	61	49	51	98	82	55	50	56	58	55	52	55	57	58	60	59	59	60	61	62	62	62	63	63	66	65	65	64	64	67	65	66	64	63	59	56	53	53	51	49	41	29	21	20	46	60	58	55	50	36	30	34	36	35	32	31	31	29	25	23	21	19	19	17	30	159	204	210	211	211	210	209	207	205	185	138	87	62	85	112	139	156	175	200	200	198	196	194	192	189	184	179	174	167	161	128	34	15	15	16	16	16	16	17	17	17	18	19	21	22	22	23	26	31	32	32	30	28	23	24	28	31	37	40	43	44	47	47	49	51	51	54	55	56	56	55	54	51	53	51	50	50	48	47	46	45	44	43	42	41	41	41	41	42	44	50	52	53	54	63	76	87	91	80	77	76	74	73	71	71	69	67	64	64	62	61	59	57	55	52	49	46	44	42	39	38	35	36	40	44	46	45	43	38	31	26	19	12	7	5	4	3	3	3	2	2	3	3	3	3	3	2	2	2	2	2	2	2	2	1	2	2	1	1	1	1	1	1	1	1
200	219	232	244	249	252	253	254	254	254	254	254	254	254	253	250	195	117	99	78	54	45	42	39	36	35	33	32	30	28	27	27	27	28	28	28	29	31	34	38	44	48	51	51	47	42	34	31	33	39	44	50	54	53	50	45	40	36	31	29	35	50	67	81	98	108	111	104	95	86	75	59	79	98	53	44	40	45	51	56	52	45	53	56	57	57	60	59	60	62	62	63	62	63	64	64	65	63	64	65	65	65	63	61	56	54	52	51	49	45	35	26	19	20	24	43	56	54	49	36	33	37	37	35	33	34	34	32	30	25	22	20	19	18	17	49	180	205	210	212	212	203	149	94	75	80	79	73	67	61	62	62	60	89	153	196	196	193	190	185	179	173	166	157	129	38	15	14	15	16	16	16	16	17	18	19	19	20	23	23	25	26	29	32	32	31	28	25	22	23	26	29	35	40	43	44	47	48	51	52	51	52	55	57	56	55	54	53	52	51	50	51	48	47	46	45	44	43	41	39	39	38	38	41	39	36	35	46	61	64	69	77	89	89	77	75	74	72	71	70	68	66	64	63	62	60	59	57	55	52	49	46	44	41	40	38	36	36	38	42	44	44	45	45	41	34	26	19	13	9	5	4	3	3	3	2	3	3	2	2	3	2	2	2	2	2	2	2	2	2	2	2	1	2	2	2	2	1	1	1
206	222	235	246	250	253	253	254	254	254	254	254	254	254	253	251	195	117	100	78	56	47	43	40	38	37	35	33	31	29	29	28	29	28	29	29	31	31	35	39	45	48	52	52	49	44	36	32	34	38	44	50	54	54	51	45	41	37	31	29	33	48	65	80	94	107	114	110	103	96	86	77	98	73	49	38	33	35	42	48	54	49	51	56	58	58	59	60	60	62	62	62	63	63	63	64	66	66	65	64	66	63	61	59	56	53	51	49	46	41	30	23	21	25	19	6	12	29	34	36	38	37	35	35	33	33	33	32	30	28	25	22	20	20	18	17	77	192	208	207	133	55	63	81	85	80	73	68	63	61	61	57	52	50	44	64	145	189	184	178	172	166	158	134	44	15	14	14	15	16	16	17	17	17	17	19	21	23	25	27	28	27	27	24	19	13	11	22	26	26	26	29	36	40	44	46	47	47	50	50	52	52	54	55	55	55	54	54	51	50	49	47	46	46	45	45	44	42	41	39	37	39	40	37	34	33	33	31	52	69	66	70	80	86	77	75	73	71	71	70	67	66	64	63	62	60	58	57	55	52	50	47	44	42	41	39	38	38	41	42	41	43	45	45	42	39	34	26	20	14	9	6	3	2	3	3	3	3	3	3	2	2	2	2	2	2	2	1	2	1	1	1	2	2	1	2	1	1	2	1
208	225	237	247	250	253	254	254	254	254	254	254	254	254	254	251	193	118	99	78	56	48	44	42	38	37	35	34	32	32	31	30	29	29	30	30	31	33	36	40	45	49	52	53	51	46	39	35	35	38	44	50	54	54	51	46	41	37	31	29	31	43	59	74	89	102	113	114	110	104	96	91	73	62	49	32	29	29	33	40	47	52	48	49	54	57	58	59	59	61	62	62	63	63	62	65	64	64	64	64	63	61	59	57	54	51	49	46	42	36	28	23	25	30	34	24	10	14	25	37	40	41	40	36	33	33	31	30	30	30	30	27	22	20	20	18	17	114	194	99	38	34	48	55	62	67	76	75	63	60	57	49	45	41	39	34	26	87	171	171	167	160	142	52	15	15	15	15	16	17	17	17	18	18	19	20	23	24	26	29	29	17	8	8	13	22	30	31	29	25	25	30	35	40	44	44	47	49	51	52	52	52	54	56	55	55	54	53	51	50	49	47	46	45	45	44	43	41	39	39	41	40	35	30	25	24	37	40	40	58	64	64	69	77	75	74	73	71	69	68	67	65	63	62	61	60	58	57	55	54	51	47	44	43	42	42	42	42	44	41	39	41	41	40	37	36	34	31	27	21	15	10	6	3	3	2	3	2	3	3	2	2	1	2	2	2	2	1	2	1	2	2	1	2	2	1	1	2	2	1
210	225	237	246	249	252	254	254	254	254	254	254	254	254	253	251	191	117	99	78	57	49	45	43	40	38	37	35	34	33	32	31	31	31	31	31	33	35	37	40	45	49	51	52	51	46	41	37	37	39	46	51	55	55	51	46	41	36	30	28	28	37	50	66	81	95	105	112	115	111	105	97	44	29	44	31	26	26	27	30	35	40	48	46	48	53	56	56	58	59	61	62	61	63	63	63	65	65	63	62	60	60	56	56	52	49	48	44	39	32	27	27	32	38	45	48	50	51	48	43	42	41	40	37	34	32	30	30	31	30	31	30	27	21	20	19	18	26	137	56	81	71	44	44	39	43	64	80	68	61	52	38	34	34	33	31	29	43	89	160	165	152	62	16	15	15	15	16	17	17	18	18	18	18	19	21	23	26	28	31	32	32	33	33	33	35	34	34	32	26	27	31	35	41	44	45	47	47	48	49	51	53	53	53	54	54	53	53	51	50	49	47	45	45	45	45	43	40	38	39	37	32	26	21	16	13	16	28	37	43	54	53	56	59	75	73	72	71	70	68	66	64	62	62	61	58	57	56	54	53	51	48	45	43	41	42	42	42	41	38	38	39	39	35	33	33	33	32	30	26	21	15	10	6	3	3	3	3	3	3	2	2	2	2	2	2	2	2	2	1	1	2	1	1	2	1	1	1	1	1
210	225	236	244	248	252	254	254	254	254	254	254	254	254	253	251	188	118	99	77	56	49	45	43	41	40	39	37	36	34	33	32	31	31	31	32	33	36	39	43	47	50	53	53	52	47	41	38	39	42	47	52	56	56	52	47	42	37	32	29	27	29	40	55	71	84	96	104	112	114	110	106	80	42	24	22	23	20	20	21	25	31	35	41	39	32	38	45	51	54	58	60	60	62	62	63	62	62	60	58	58	56	56	55	52	49	46	43	38	32	28	50	57	56	52	49	45	43	41	43	44	44	43	40	37	33	31	30	30	30	31	30	29	25	22	20	19	17	42	115	118	107	133	138	124	45	73	80	76	57	40	34	35	44	64	98	120	130	133	130	154	88	17	16	16	16	16	17	18	18	18	18	18	18	20	22	25	88	34	31	32	34	36	37	37	38	37	38	36	29	27	32	36	41	45	47	46	47	47	50	51	52	52	53	52	54	53	51	50	49	49	47	46	44	42	42	40	38	37	33	28	22	19	16	16	14	17	20	25	34	43	45	44	50	78	75	72	70	68	67	65	64	62	61	59	58	56	55	54	52	50	48	46	44	42	39	39	39	37	34	34	37	35	32	31	31	30	29	28	28	25	20	14	10	7	4	3	3	3	3	2	2	2	1	2	2	2	1	1	1	2	1	1	1	2	1	1	1	1	1
205	223	234	243	249	252	254	254	254	254	254	254	254	254	253	251	188	115	96	76	57	48	45	43	41	40	39	37	35	34	33	32	32	32	32	33	34	38	41	45	49	53	55	55	53	48	42	40	40	43	48	52	56	56	52	47	43	39	34	31	28	27	30	40	55	71	85	96	104	110	111	110	98	63	44	24	17	16	15	15	15	16	19	25	34	34	22	27	35	42	49	53	54	59	60	62	63	62	60	58	57	55	54	53	50	49	45	41	37	34	34	41	46	45	42	41	39	39	42	45	45	45	46	43	40	38	33	31	31	30	31	31	30	28	23	21	22	19	16	78	156	135	114	144	142	48	75	82	76	48	38	46	70	118	135	136	139	144	160	158	107	22	17	17	17	17	17	18	19	19	19	19	19	20	20	23	101	169	132	106	66	41	35	35	37	39	39	38	36	29	26	32	38	42	45	45	45	46	48	49	50	52	52	52	52	52	51	51	50	50	48	45	42	39	36	34	38	35	26	22	18	14	13	13	18	18	24	28	32	42	48	54	61	68	80	61	68	80	70	66	64	63	62	61	59	58	56	55	53	52	50	48	45	42	40	37	35	33	30	29	31	33	32	31	29	27	27	27	27	25	23	23	19	15	11	8	6	3	2	2	2	2	2	1	2	1	2	2	1	2	2	2	2	1	1	1	1	2	2	1
187	217	234	245	250	253	253	254	254	254	254	254	254	254	253	251	186	113	95	75	55	48	45	43	43	41	40	38	36	34	33	34	34	34	35	36	37	39	43	47	51	55	57	56	53	49	44	41	41	44	49	53	56	57	53	49	44	41	36	34	31	29	27	30	40	55	71	85	96	104	107	110	85	59	57	44	29	21	17	14	12	13	13	14	16	20	27	16	14	19	28	36	44	50	53	59	61	59	58	57	56	54	52	51	48	47	45	41	38	35	37	32	45	47	45	44	43	44	47	48	47	47	47	44	45	42	38	35	32	31	30	31	31	31	27	22	21	21	18	18	117	165	139	112	86	66	75	80	68	50	68	105	158	174	166	147	140	142	155	152	42	16	17	17	18	18	18	19	19	20	20	20	21	22	21	68	190	179	172	175	189	161	80	33	33	34	35	36	32	32	31	35	39	41	43	46	47	47	48	49	50	51	51	52	52	51	50	50	48	46	43	38	33	30	26	34	30	21	16	14	12	10	9	10	13	15	19	24	32	40	50	56	58	57	40	36	95	112	73	66	64	62	61	60	58	57	56	55	53	51	49	47	44	42	38	34	32	29	26	25	27	29	29	29	27	25	25	23	23	22	21	21	20	18	14	11	8	6	3	3	2	2	2	2	2	2	1	1	2	2	1	2	1	2	1	1	1	1	1	1
156	205	232	244	249	252	253	254	254	254	254	254	254	254	253	251	182	112	92	73	56	49	46	43	43	41	41	38	36	35	35	34	34	35	36	37	38	40	44	47	51	55	57	57	55	51	45	43	43	45	49	53	58	58	56	51	46	42	39	36	33	31	28	27	31	42	57	72	85	94	102	106	82	61	52	44	36	30	27	23	20	17	13	11	11	12	17	23	15	8	11	18	27	36	43	49	53	56	56	55	57	54	52	49	47	47	45	42	38	38	39	40	27	50	52	52	52	52	50	50	49	48	48	45	44	43	41	40	34	31	31	31	30	29	29	25	22	20	19	18	27	151	140	97	80	67	86	87	53	37	35	134	185	189	186	171	149	145	164	88	17	17	18	18	18	18	19	19	19	19	20	20	21	25	35	101	45	101	168	185	184	147	30	32	32	31	32	31	36	35	35	39	40	41	43	45	46	47	49	50	50	51	49	49	51	49	48	48	42	36	30	23	17	15	26	20	15	11	10	8	8	8	8	8	10	15	22	30	38	46	54	58	55	38	26	34	108	117	69	65	64	62	61	59	58	57	55	53	52	50	48	46	44	41	38	35	33	29	26	21	21	23	24	26	25	22	20	20	21	21	19	17	17	17	17	14	11	8	5	3	2	1	1	2	2	2	2	2	2	1	1	1	1	1	1	1	1	1	1	1
136	185	222	241	248	252	254	254	254	254	254	254	254	254	253	249	177	108	90	72	56	49	46	44	43	42	40	39	38	36	35	35	35	36	36	37	39	41	44	47	51	54	56	57	55	51	47	45	45	47	50	54	58	59	56	52	49	44	41	38	35	32	31	29	29	34	45	58	71	83	94	101	104	81	45	43	43	42	39	35	30	27	26	21	17	14	11	11	11	11	9	8	13	21	30	38	45	49	52	54	54	51	51	50	47	45	42	42	41	41	41	44	40	31	53	55	55	55	51	49	47	47	46	46	46	44	40	39	37	32	30	30	31	31	30	29	24	22	20	18	15	84	110	90	74	78	89	93	59	37	30	87	181	190	190	178	159	156	138	22	18	17	18	18	18	19	20	21	21	20	20	21	24	27	27	28	28	30	33	54	115	61	37	37	37	33	27	32	36	38	39	42	41	42	43	46	47	48	49	51	51	51	50	50	50	46	42	35	27	19	12	8	10	17	11	9	8	7	6	7	8	10	12	15	19	24	28	31	37	45	60	76	33	27	24	39	106	106	67	64	63	61	60	58	57	55	54	52	51	49	47	45	43	40	38	35	34	31	26	22	18	18	20	22	23	22	21	21	21	19	17	16	16	16	16	14	12	10	8	5	3	2	2	1	2	2	2	2	2	2	1	2	2	2	1	1	1	1	1	1
118	151	200	233	246	250	253	254	254	254	254	254	254	254	253	247	173	105	88	70	55	49	46	44	43	41	40	39	38	38	37	37	38	38	39	39	40	43	45	49	51	53	56	57	56	53	49	46	45	47	50	53	58	60	57	53	50	47	44	41	37	35	34	33	31	32	37	46	58	71	83	93	101	90	52	36	30	32	40	47	48	45	40	35	33	32	30	26	22	15	11	9	8	10	18	27	36	41	47	50	51	49	49	48	46	45	44	43	41	42	42	45	47	35	44	53	52	53	50	48	47	47	47	47	47	47	45	39	37	32	30	30	30	29	28	28	27	23	21	18	15	54	97	74	73	96	97	93	69	41	32	115	173	189	191	178	163	164	50	18	19	18	18	18	19	20	21	21	21	21	21	21	27	28	31	32	33	33	33	37	38	39	39	37	36	33	32	37	40	41	42	41	42	42	45	46	47	48	48	50	49	48	49	47	42	35	27	19	11	6	5	7	10	9	7	6	9	14	18	21	22	21	18	15	14	18	27	36	47	59	72	84	35	24	23	44	106	100	66	64	62	61	59	57	56	55	53	52	50	49	47	45	42	40	38	36	34	31	28	23	19	15	16	18	20	21	22	23	22	19	16	17	17	15	14	12	12	13	11	8	6	4	2	2	2	1	2	2	1	1	2	1	1	1	1	1	1	1	1	2
103	122	168	214	241	249	253	254	254	254	254	254	254	254	253	244	165	101	85	67	54	48	46	44	43	41	40	40	39	38	38	38	38	40	41	42	43	45	46	49	51	55	56	56	56	54	50	47	46	48	51	54	58	60	58	55	51	48	45	41	40	38	37	36	35	35	36	39	46	56	69	80	92	83	61	53	50	46	42	36	36	37	43	51	52	50	47	45	43	36	27	17	10	8	10	17	24	31	40	45	46	48	48	48	46	45	44	44	43	42	43	46	48	47	30	50	50	51	52	51	49	48	48	46	46	46	45	44	37	33	30	30	29	28	28	27	27	26	22	19	24	97	78	66	75	105	100	95	75	48	36	107	184	193	189	180	167	105	17	18	18	18	18	19	20	20	20	21	21	21	21	23	27	27	30	29	31	31	32	36	38	37	37	36	32	34	39	42	43	41	41	41	43	43	44	47	47	47	47	47	48	46	44	37	30	23	15	8	5	5	8	9	11	19	25	27	27	22	16	16	19	23	26	30	34	39	44	50	55	62	71	82	33	21	22	48	112	102	67	63	62	60	59	58	56	54	52	51	50	48	46	45	43	41	39	37	35	33	29	24	19	15	14	15	18	19	20	22	22	19	17	17	15	13	12	11	11	12	11	10	8	6	4	2	1	1	1	1	1	1	1	1	1	1	1	1	1	1	1	1
88	102	131	187	227	246	251	253	254	254	254	254	254	254	253	240	154	96	79	64	53	49	46	44	43	42	41	41	40	40	39	39	39	40	40	42	44	46	48	50	52	55	56	56	56	55	51	48	48	50	52	56	58	60	59	56	53	50	46	43	40	39	38	38	38	39	39	39	41	46	56	67	83	77	58	52	50	49	53	54	55	54	48	38	36	36	46	51	49	47	45	35	24	16	11	11	18	26	34	38	43	45	46	47	47	45	45	42	41	40	42	45	48	50	44	34	54	53	52	50	48	46	46	46	46	47	47	46	43	33	31	30	28	27	27	26	25	26	25	19	76	88	69	68	77	103	98	96	81	52	34	63	185	194	189	184	151	26	18	18	18	17	18	19	20	20	21	21	21	21	22	27	29	29	31	30	30	31	32	33	34	35	36	32	32	40	43	44	45	44	42	43	43	44	47	47	47	48	47	45	44	39	33	26	18	11	6	4	5	7	13	22	26	19	12	12	19	27	32	35	36	35	33	32	33	37	42	51	57	64	70	81	32	20	21	51	116	102	65	62	61	59	58	56	55	53	52	50	49	47	45	44	42	40	39	37	35	34	30	25	19	15	14	13	14	16	17	18	18	17	17	16	12	11	12	12	12	12	11	10	10	8	7	4	3	2	2	2	1	2	2	1	1	1	1	1	1	1	1	1
78	93	110	154	207	237	249	252	254	254	254	254	254	254	252	234	144	91	75	61	51	48	46	46	44	43	42	42	42	41	41	41	41	41	41	42	44	45	48	52	53	56	57	57	57	56	53	51	51	52	54	57	60	62	61	59	56	53	49	46	43	42	41	42	42	42	42	42	42	45	48	56	83	72	60	56	52	53	55	56	55	55	56	55	56	55	46	40	40	39	36	32	30	24	19	15	14	22	29	34	38	43	46	47	49	47	45	43	41	41	42	45	48	50	50	35	46	51	49	48	48	46	47	47	47	48	48	47	48	41	32	29	28	27	26	25	25	25	24	55	106	77	71	78	83	98	97	95	83	54	34	35	125	191	192	188	67	17	18	17	18	18	20	20	20	21	21	21	21	22	26	30	32	32	32	32	32	33	35	34	34	35	31	32	40	42	43	44	43	42	42	42	43	45	46	47	47	46	44	40	37	30	22	15	9	5	4	6	12	20	18	11	13	24	33	37	33	31	32	33	33	32	31	31	32	34	40	46	53	61	66	78	34	19	21	48	114	100	64	61	59	58	57	55	54	52	51	50	48	46	45	44	42	40	39	37	36	34	31	25	19	15	14	13	13	12	13	14	14	14	16	14	11	12	13	12	12	11	10	10	10	10	9	7	6	4	3	1	1	1	2	2	1	1	1	1	1	1	1	1
73	88	102	125	178	222	243	250	253	253	254	254	254	254	250	225	131	86	72	59	50	48	47	46	45	45	44	44	44	43	43	43	43	43	43	44	45	47	50	52	55	57	59	59	59	58	54	52	52	54	56	58	62	63	62	60	58	55	52	48	46	45	43	43	44	44	45	45	46	48	49	56	86	72	63	60	56	53	50	50	53	53	55	56	56	55	54	54	51	44	40	36	25	24	22	19	17	19	25	30	35	40	43	46	48	49	47	44	43	42	43	46	49	51	54	51	29	52	54	52	51	49	49	49	50	49	49	48	47	45	38	32	29	27	26	25	24	23	23	105	94	79	78	88	90	90	95	94	83	56	35	29	45	178	195	148	16	17	17	17	18	19	20	20	20	21	21	21	22	26	29	31	32	33	34	33	33	35	36	37	37	34	32	40	41	43	45	44	43	42	42	41	43	46	45	45	45	43	39	33	26	20	14	9	5	4	7	9	9	14	23	27	23	16	13	18	24	30	32	29	28	28	28	29	30	35	40	47	55	60	65	74	35	18	21	50	116	102	64	61	58	57	56	54	53	52	50	49	47	45	44	43	41	40	39	38	36	34	30	25	19	16	14	14	13	12	11	11	11	12	13	12	11	13	13	12	12	12	10	9	9	10	10	9	7	6	5	3	2	2	1	1	1	1	1	1	1	1	1	1
61	74	84	99	142	198	232	246	250	253	254	254	254	253	247	213	117	81	68	56	49	47	47	47	46	46	45	45	45	44	44	45	45	45	46	45	46	48	50	52	55	57	59	60	60	58	56	53	52	54	56	59	62	64	63	62	59	57	54	51	49	47	45	46	46	46	48	48	49	51	52	65	81	63	57	57	58	59	60	58	53	49	49	51	53	54	55	54	54	52	49	45	44	36	30	24	21	19	23	29	35	38	41	44	46	47	48	47	45	44	44	47	50	53	54	56	47	36	58	56	52	52	52	51	50	49	47	47	46	45	41	34	30	26	25	24	24	21	55	109	91	89	89	92	88	83	96	92	78	57	38	26	25	102	192	55	15	16	16	16	18	20	20	20	20	20	21	20	25	27	28	29	30	32	32	33	36	36	37	36	33	29	40	41	43	43	44	43	43	42	43	42	44	44	44	43	40	37	31	26	20	14	8	5	5	8	13	21	23	16	10	16	24	30	33	31	28	25	24	25	27	26	26	26	28	31	39	45	53	60	66	75	33	17	21	51	120	102	62	59	57	56	55	55	53	51	49	47	46	45	44	42	41	40	38	36	35	33	30	25	19	16	15	14	13	12	11	10	10	9	9	10	12	13	12	12	13	12	9	9	9	9	9	8	8	8	7	5	3	2	2	2	1	1	1	1	1	1	1	1
51	62	73	84	107	167	214	237	247	250	253	253	253	250	241	197	102	75	64	54	48	46	47	47	46	45	46	45	45	46	46	46	46	46	46	47	48	49	51	53	54	56	58	59	59	59	57	54	54	55	57	60	62	65	65	63	61	59	56	53	51	49	48	47	48	48	49	50	51	53	55	75	73	55	47	41	40	39	40	41	43	46	46	48	51	54	54	53	53	54	55	54	51	46	39	33	27	24	22	28	33	36	41	45	49	49	49	50	47	46	46	49	52	54	56	58	59	39	47	59	58	56	56	53	50	48	46	45	44	42	42	38	34	30	26	25	24	20	99	105	99	101	100	97	90	82	98	92	75	56	38	24	21	32	121	14	15	16	17	18	19	19	20	20	20	19	19	22	26	27	28	29	29	29	30	33	34	35	36	34	28	37	42	44	46	46	45	44	42	44	44	43	43	43	42	41	36	30	24	20	14	9	5	5	10	13	12	8	16	28	37	37	36	36	36	35	34	32	30	29	28	27	26	25	26	30	35	41	50	56	61	71	45	16	20	51	122	106	63	59	57	57	55	53	52	50	49	47	46	44	43	41	40	39	37	36	34	33	30	25	20	16	15	15	13	12	11	10	8	7	8	9	10	10	10	11	12	11	9	9	9	7	7	7	7	7	7	7	5	3	2	2	2	1	1	1	1	1	1	1
43	50	61	73	86	126	188	222	240	247	250	251	250	247	232	176	87	71	61	51	48	47	46	46	46	46	47	46	46	47	46	46	47	48	48	49	50	51	52	53	56	58	59	59	60	59	57	55	55	56	57	60	63	65	66	64	62	61	59	56	54	52	51	51	50	51	52	52	53	56	58	82	71	61	58	54	52	52	52	51	50	50	49	48	46	45	46	48	51	54	55	57	54	52	50	44	35	30	27	28	34	38	41	46	49	49	51	51	49	49	48	52	54	56	59	60	61	57	36	57	61	57	55	52	49	47	47	46	44	44	43	41	38	36	31	28	26	36	118	107	106	108	107	116	105	96	108	94	76	55	40	23	17	16	17	15	16	17	17	19	19	19	19	18	19	18	20	24	26	27	28	29	29	29	30	32	34	37	37	29	40	42	45	44	45	45	45	43	43	43	42	43	42	41	40	36	30	24	19	15	10	6	4	7	7	6	17	33	37	35	36	37	39	37	36	35	32	31	29	28	26	25	24	24	25	28	33	38	46	51	55	62	27	15	19	48	123	108	61	57	57	55	55	52	51	49	48	47	46	44	43	41	39	38	37	36	34	33	30	26	20	16	15	14	13	12	11	10	9	8	8	8	8	9	10	10	10	10	10	10	8	6	6	6	6	6	6	5	5	4	4	3	2	1	1	1	1	1	1	1
36	41	47	57	70	91	154	202	226	239	246	247	246	239	216	147	75	64	56	50	46	46	46	46	46	46	46	46	46	46	46	47	47	48	50	51	51	52	53	55	57	58	59	60	60	60	59	58	57	59	59	61	64	66	66	65	64	62	60	58	57	56	55	53	53	53	54	55	56	58	78	85	69	60	55	54	54	54	56	58	59	62	63	64	65	65	65	63	60	58	56	55	57	59	57	53	47	39	32	30	34	38	42	45	48	51	53	53	52	51	51	53	58	60	62	63	63	62	52	40	59	58	55	54	51	49	49	49	47	48	46	45	43	40	36	32	28	73	112	107	109	107	109	127	128	120	120	98	76	55	40	24	17	14	15	16	17	20	20	20	20	20	20	20	19	20	24	26	28	29	29	30	31	33	37	38	38	38	29	41	43	44	45	45	46	45	44	43	43	43	42	41	40	37	33	29	24	19	15	10	6	4	5	5	9	25	34	34	35	35	35	35	36	37	35	33	31	28	27	26	24	24	22	22	24	28	35	40	46	48	51	63	40	23	19	42	119	110	62	57	56	54	52	51	50	48	47	46	44	43	42	41	39	37	37	36	34	32	30	26	20	16	15	14	13	11	11	9	9	9	8	8	8	8	9	9	9	9	10	9	7	6	7	5	6	6	5	4	4	4	4	3	2	1	1	1	1	1	1	1
30	33	39	46	54	63	104	167	203	224	234	236	234	225	195	113	66	58	52	46	46	45	46	46	47	46	46	47	47	48	47	48	48	50	51	52	53	54	54	55	57	59	60	62	62	62	61	59	59	60	60	62	65	67	66	66	65	63	62	61	59	58	57	57	57	56	57	57	59	60	74	72	69	66	66	66	64	64	65	65	65	66	67	67	66	67	67	66	67	67	68	66	65	63	60	60	57	52	43	36	34	40	43	46	48	51	53	54	55	55	54	55	57	61	63	64	65	64	61	46	50	61	60	58	57	56	55	55	54	54	55	52	49	45	41	36	32	103	112	107	106	107	115	132	136	132	119	98	74	53	41	25	18	16	19	20	21	23	23	23	24	23	23	22	23	27	30	31	32	32	32	32	34	37	39	39	39	27	40	43	44	45	46	46	47	44	43	43	42	42	41	39	36	33	28	23	18	14	11	8	4	3	5	13	30	37	40	40	39	38	32	27	22	22	22	24	26	26	27	27	26	26	27	28	30	33	44	45	51	57	57	49	43	43	20	37	109	110	62	56	55	53	52	50	49	47	47	45	44	42	41	40	38	37	36	35	34	32	30	25	21	16	15	13	11	11	11	11	11	10	9	8	8	8	8	8	8	8	9	8	7	8	7	5	6	5	4	4	4	3	3	2	2	2	2	1	1	1	1	1
26	28	31	35	41	46	55	72	92	112	128	137	142	139	125	77	59	53	49	45	44	45	46	46	47	47	48	48	48	48	49	49	50	51	52	53	53	54	55	56	58	60	61	62	63	63	62	61	60	61	62	64	65	67	68	66	65	65	64	63	62	62	61	60	60	60	59	60	63	75	77	69	60	56	55	54	53	53	54	55	56	57	60	62	63	65	66	66	67	67	67	67	67	68	66	65	62	59	53	44	39	41	45	48	50	52	54	54	56	57	58	58	61	63	65	65	66	67	67	62	43	59	64	62	62	61	59	59	60	60	59	58	54	48	44	39	33	125	114	110	109	109	119	132	139	135	111	95	70	54	42	27	20	20	23	23	25	26	26	27	27	27	27	29	31	34	35	36	35	36	37	39	42	40	42	40	29	42	44	47	48	47	46	45	46	45	43	44	42	40	39	35	31	27	22	19	15	10	8	5	3	5	11	26	35	37	36	33	32	31	32	31	32	33	33	33	30	26	26	28	29	30	30	29	26	28	41	40	29	29	37	53	69	27	19	35	101	110	63	56	54	52	51	50	49	47	46	44	44	42	40	39	38	37	36	34	33	32	30	26	21	16	14	13	12	12	11	11	11	9	8	8	8	8	7	7	7	7	8	8	8	9	6	7	6	4	4	4	4	2	1	2	2	2	2	1	1	1	1	1
25	25	27	28	30	32	36	39	43	47	51	54	58	60	58	53	51	49	46	44	44	44	45	46	47	47	48	48	48	49	49	50	50	51	51	53	54	55	56	57	59	60	61	62	63	63	62	61	61	62	64	65	67	68	68	68	66	66	65	65	65	64	64	63	64	63	63	64	65	75	66	61	59	59	60	61	62	62	63	65	66	64	64	64	64	65	67	68	67	68	69	70	69	70	69	68	66	65	63	56	47	42	48	50	52	54	56	58	58	59	59	60	63	65	67	68	68	68	68	67	61	45	66	68	65	64	64	60	61	60	59	56	52	49	44	41	39	137	119	115	115	117	123	129	132	119	105	89	66	53	44	29	23	24	26	27	29	30	30	30	32	34	37	37	39	39	39	40	41	42	44	45	45	47	42	32	46	48	48	48	47	47	46	46	45	43	42	40	38	36	31	29	25	21	18	16	12	9	6	4	4	7	24	31	30	32	32	32	33	33	34	34	35	34	33	34	34	34	32	32	33	31	30	29	27	27	38	49	56	56	52	51	56	71	21	34	97	112	65	54	53	51	51	49	48	46	45	44	42	41	39	39	37	36	35	33	32	31	30	26	20	17	14	12	12	12	11	11	11	10	9	8	7	7	7	7	6	6	7	6	7	7	7	7	5	4	4	4	2	2	2	2	2	3	2	1	1	1	1	1
26	26	26	26	27	28	29	31	33	36	38	42	44	46	46	45	46	44	42	42	43	44	44	45	46	47	48	48	49	49	50	51	51	52	52	53	54	54	56	58	59	60	61	62	63	63	62	61	61	62	64	66	67	68	68	68	68	68	67	67	66	66	65	65	66	66	65	66	74	85	73	70	69	68	67	67	66	66	65	64	64	65	66	67	67	68	69	69	69	69	69	69	69	69	68	66	64	64	64	61	56	48	48	52	54	55	58	60	61	60	61	63	63	66	67	69	70	70	69	68	67	59	47	67	70	66	65	62	60	58	55	53	51	49	46	43	51	135	121	120	121	122	128	128	119	107	98	78	63	55	46	32	26	28	30	31	32	34	34	38	41	41	41	42	42	44	45	46	47	48	47	49	50	41	29	45	49	48	48	47	46	45	44	43	42	40	39	37	34	30	28	25	22	18	16	13	10	7	5	3	4	10	23	29	32	33	34	34	34	34	34	33	32	31	28	25	22	21	23	21	17	14	15	16	21	29	32	35	41	53	65	71	75	82	30	33	91	112	66	53	52	51	50	48	47	46	45	43	42	40	39	38	37	35	34	33	32	30	29	26	20	16	14	12	12	11	11	11	10	9	8	7	8	7	6	7	6	6	6	5	4	5	5	5	4	4	4	3	2	2	2	2	2	3	2	1	1	1	0	1
24	25	25	26	27	28	29	30	31	32	35	37	39	40	39	40	41	41	41	41	42	42	43	44	45	46	47	47	48	49	50	50	51	52	52	53	54	54	56	57	59	60	61	62	62	63	63	63	62	63	64	66	68	69	69	69	69	68	68	67	67	66	66	66	67	67	68	70	80	80	78	76	73	73	72	71	72	72	72	72	72	72	73	72	72	72	72	72	72	73	72	73	72	71	69	68	68	67	67	66	63	56	51	54	56	57	58	61	62	64	64	64	67	68	69	70	71	71	70	71	70	69	57	51	69	67	64	62	60	58	56	55	54	53	51	48	59	121	116	119	119	116	117	115	110	103	87	73	63	57	46	35	31	33	35	36	37	37	39	42	43	43	43	44	46	47	47	49	49	48	51	53	40	25	42	44	45	45	45	45	44	43	41	40	39	37	34	32	29	26	25	22	19	17	15	12	9	7	5	3	6	18	25	27	29	30	30	26	24	24	27	26	22	17	14	12	9	9	9	11	14	18	22	24	25	20	15	13	13	16	28	44	63	79	66	33	85	111	68	52	52	50	48	47	46	44	43	42	41	39	38	37	36	35	34	33	32	30	28	25	20	16	14	12	11	11	11	10	10	9	8	8	8	7	6	6	6	6	6	5	4	4	3	4	4	3	3	2	2	2	1	1	1	2	2	1	2	1	1	1
24	25	26	26	26	28	29	30	30	30	32	32	33	33	34	36	38	39	40	41	42	43	43	44	45	46	47	48	48	49	49	50	51	51	53	53	54	56	56	57	58	59	61	61	62	62	63	62	62	64	65	66	68	69	70	70	69	69	68	68	67	67	67	67	67	67	68	72	81	80	77	74	73	72	72	71	71	72	73	73	73	72	73	73	74	74	74	74	73	73	72	71	70	71	71	71	71	70	69	68	66	63	57	55	58	59	61	62	64	65	66	68	68	70	71	71	71	71	70	71	72	71	70	57	56	68	66	65	64	62	60	59	58	58	56	53	56	105	113	116	115	115	113	110	104	96	83	72	64	56	48	38	35	37	38	40	40	40	44	44	44	44	44	46	48	47	49	51	51	52	54	40	24	36	42	43	42	43	42	42	41	40	37	35	33	31	29	28	27	26	24	22	20	18	16	13	11	9	7	5	12	21	24	26	24	24	25	25	26	23	22	23	25	26	28	29	27	26	25	25	25	24	21	17	15	16	19	25	29	39	49	55	60	57	66	45	82	110	69	52	50	49	48	46	46	44	42	41	40	39	38	37	35	35	33	32	31	30	28	26	21	16	13	12	12	11	11	10	9	9	8	8	7	6	8	8	7	6	6	5	5	5	4	2	2	3	2	1	2	2	2	2	1	2	2	2	1	1	1	0
25	25	26	26	27	28	29	30	30	31	32	32	33	34	35	36	37	37	39	39	40	42	42	43	44	45	46	47	47	49	50	50	51	52	53	53	55	55	56	57	58	59	60	61	61	62	62	62	63	63	64	65	68	69	69	68	69	68	68	68	68	68	68	68	68	68	69	79	79	78	79	78	76	74	74	74	75	74	75	76	75	74	74	73	73	74	73	73	73	74	74	74	74	74	74	73	73	72	71	70	68	66	62	58	59	61	62	63	65	66	67	68	69	70	70	71	72	72	72	73	73	73	73	69	57	62	69	68	67	66	65	64	62	60	57	55	53	71	101	112	111	110	111	107	99	89	80	72	65	58	50	41	40	42	42	43	44	45	46	46	46	46	46	47	47	47	49	50	52	54	43	28	32	39	41	42	41	40	39	39	37	36	35	34	33	33	32	31	29	28	26	23	21	19	17	15	12	11	9	9	15	21	24	28	33	35	34	32	31	31	31	30	29	28	27	28	26	27	25	22	19	18	18	16	16	15	15	15	15	20	28	42	51	60	63	47	80	109	70	51	49	48	47	46	45	43	42	40	39	38	37	36	35	34	32	31	30	29	28	26	21	16	13	13	11	11	10	9	9	8	8	8	7	7	7	7	6	6	6	5	5	4	3	2	2	2	1	1	1	2	1	1	1	1	1	2	1	1	1	1
25	26	26	27	27	27	28	30	30	31	32	33	33	33	35	35	37	37	37	39	40	41	42	42	44	45	46	47	47	48	49	50	51	52	53	53	54	55	56	57	58	59	60	60	60	62	62	62	63	63	64	65	66	67	68	68	68	69	69	69	69	69	69	68	70	69	74	81	79	73	72	73	74	74	74	74	74	73	73	73	73	74	75	75	75	75	76	76	76	77	76	76	76	76	75	74	74	73	73	72	71	68	66	62	61	63	64	65	66	65	67	68	68	69	70	72	72	73	74	75	74	73	72	71	67	57	63	64	64	65	65	65	64	62	61	60	59	54	72	104	109	107	109	104	94	86	79	72	65	59	50	45	44	45	46	47	48	49	51	51	50	50	50	51	51	53	53	56	57	47	31	33	36	39	39	39	39	38	38	38	39	39	38	37	37	36	34	32	31	29	28	25	23	21	19	17	14	13	10	11	20	30	32	34	33	32	33	33	34	33	33	33	32	32	31	32	32	31	28	26	23	23	23	21	18	16	13	12	14	24	37	44	55	61	66	43	78	108	71	50	48	47	46	45	44	42	41	40	38	37	37	36	34	32	31	30	29	29	28	25	20	16	14	13	12	11	10	9	9	8	8	8	8	8	7	7	6	6	6	5	5	4	4	3	3	1	1	2	1	2	2	1	2	2	2	2	2	1	1	1
26	26	27	27	27	28	29	29	30	31	32	33	33	34	34	35	37	37	38	39	39	41	41	42	42	43	44	46	47	48	48	49	50	50	51	52	54	54	55	56	57	58	59	59	60	61	61	63	63	63	64	65	66	67	68	68	69	69	69	69	69	69	69	69	70	71	76	80	79	78	75	74	72	72	73	73	74	74	75	75	75	75	75	75	75	76	75	75	76	76	77	76	77	76	75	75	75	74	73	73	72	72	69	66	62	63	66	67	67	68	68	68	69	70	71	71	72	72	72	72	70	68	67	66	64	61	60	62	64	64	63	63	64	65	65	64	63	61	57	78	105	105	106	100	91	83	78	72	67	60	53	48	48	50	53	54	54	54	54	55	55	56	58	58	58	61	62	62	51	35	36	37	39	41	41	41	41	42	42	41	42	41	40	38	37	36	35	32	30	28	26	24	24	23	20	19	17	15	13	23	30	32	32	33	33	33	33	34	34	34	33	32	31	30	30	31	31	30	29	29	27	27	27	26	26	27	27	26	23	19	24	36	52	58	65	51	80	110	70	49	48	46	45	44	42	41	40	39	38	37	35	35	33	32	31	30	28	28	27	25	20	16	14	12	11	10	10	9	8	8	8	8	8	8	8	7	6	5	5	5	4	4	4	3	3	2	2	1	2	2	2	2	2	2	2	1	1	1	1	0
25	25	26	27	28	28	29	30	30	31	32	32	32	33	34	35	36	37	36	38	39	40	41	41	41	42	44	44	45	46	46	47	48	49	50	52	52	54	55	56	56	57	58	58	60	60	61	62	63	63	63	65	66	66	67	67	68	69	69	69	69	70	70	70	70	71	74	77	77	76	75	75	75	75	74	74	75	75	75	75	76	76	77	76	76	76	77	77	76	77	77	77	77	77	76	76	75	75	74	74	74	72	72	70	67	67	68	69	69	70	70	70	71	71	70	70	69	68	67	66	65	64	63	62	62	61	62	63	63	63	63	63	63	64	64	64	65	64	62	59	95	105	104	97	87	81	77	72	66	62	56	51	51	54	56	57	59	61	60	61	63	64	65	66	67	68	69	51	38	40	41	42	45	47	47	47	47	45	44	44	42	42	41	39	37	35	33	32	30	29	27	26	24	23	22	21	19	17	18	28	31	33	35	35	37	38	37	35	33	32	30	30	31	31	32	32	32	32	31	30	26	25	24	25	25	26	26	27	28	26	28	37	45	54	62	68	78	108	71	48	46	45	44	43	42	41	39	38	38	36	35	34	32	31	29	29	28	27	26	25	20	16	13	11	11	10	10	9	8	8	7	7	7	8	7	7	6	5	5	4	4	4	4	3	2	2	2	2	2	2	2	2	2	2	1	1	1	1	1	1
26	26	26	27	28	28	29	30	31	31	31	32	33	33	34	34	35	36	36	37	38	39	40	40	41	42	42	43	43	44	46	46	47	48	49	50	51	52	52	54	54	56	56	57	59	59	60	61	61	62	62	63	65	65	66	67	67	68	69	69	69	69	70	71	71	72	73	74	74	73	73	73	73	74	74	73	74	74	74	74	76	76	76	77	77	78	77	76	77	77	76	76	77	77	77	77	76	77	76	75	76	74	73	72	70	69	69	70	71	71	71	71	70	70	70	69	68	67	67	66	67	66	65	65	64	64	65	66	65	65	65	65	65	64	64	64	65	65	64	63	76	103	103	97	87	81	76	73	68	64	59	54	55	57	59	60	63	65	66	67	69	70	70	71	70	68	51	43	43	44	44	46	48	48	48	47	47	45	44	42	41	41	41	40	39	37	36	34	32	32	30	28	27	25	24	22	20	18	22	31	34	36	37	37	35	35	34	37	37	36	35	34	35	35	35	35	34	31	29	27	25	25	25	24	24	24	23	27	34	36	29	32	36	47	57	66	72	106	72	47	46	44	43	42	41	39	39	38	36	36	35	33	31	30	29	28	28	27	26	24	19	14	12	11	10	9	9	9	8	8	7	7	6	6	6	6	6	5	4	4	4	4	3	3	2	3	2	1	2	1	2	1	2	2	1	1	1	1	0	0
26	26	27	27	28	29	29	30	30	31	31	32	33	33	33	34	35	36	37	37	37	38	39	40	40	40	41	42	43	43	44	45	45	46	47	49	50	51	51	52	52	53	55	56	57	58	59	60	61	61	62	62	63	64	65	66	66	67	68	69	69	69	71	70	71	72	75	73	73	73	74	75	75	75	76	75	76	76	76	76	76	76	76	76	77	77	77	77	78	77	77	77	77	77	77	76	77	77	76	76	76	76	75	74	73	71	71	71	72	71	71	72	71	71	71	71	70	70	69	68	69	68	68	68	68	67	67	68	68	68	68	68	67	67	67	66	65	65	65	65	64	100	100	96	86	81	77	74	70	67	63	58	59	61	61	62	64	66	69	71	71	71	70	69	68	53	47	47	47	48	48	48	49	49	48	48	47	47	45	44	44	43	42	41	40	39	38	37	35	33	31	29	28	27	26	24	23	21	25	33	35	34	36	37	37	38	38	37	36	37	36	35	34	34	33	33	32	32	30	30	28	26	26	25	25	25	23	22	25	32	39	45	45	46	48	57	62	100	71	46	44	43	42	41	40	39	37	36	36	35	33	32	30	29	28	27	27	26	25	23	19	14	12	11	11	10	10	9	8	7	7	7	6	6	6	6	6	5	5	4	4	4	4	3	2	2	2	1	2	2	1	1	2	2	1	1	1	0	0	0
26	26	26	26	28	29	29	30	30	30	30	32	32	33	33	33	33	35	35	36	37	37	38	38	39	39	40	41	41	43	43	44	45	45	47	47	48	49	49	50	51	52	54	54	55	55	57	58	59	59	60	61	62	63	64	65	66	66	67	67	68	68	69	69	70	70	72	72	73	73	73	74	75	75	76	77	77	76	77	77	78	78	78	78	78	79	79	79	79	78	78	78	78	79	79	79	77	78	78	78	78	77	76	75	75	73	73	73	73	73	73	73	73	73	73	72	71	71	71	71	71	71	70	70	70	70	71	70	70	70	70	70	70	70	69	70	69	69	67	67	66	96	102	94	84	80	77	74	72	69	64	61	61	62	63	64	65	68	70	70	69	67	66	64	59	50	51	51	50	50	50	50	51	50	50	49	50	49	48	48	47	46	45	43	42	41	39	37	36	34	33	32	30	29	28	27	25	23	29	36	35	36	36	34	32	32	31	32	31	30	30	30	28	27	26	25	23	22	21	22	25	26	28	28	25	24	29	30	26	26	24	29	38	43	41	54	57	93	70	46	44	43	41	40	39	38	37	36	35	34	32	32	31	29	28	27	26	25	25	23	19	14	12	10	10	10	10	9	8	8	7	6	7	6	6	6	6	5	4	4	4	4	3	2	2	1	1	1	1	1	1	1	1	1	1	1	1	0	0	0
26	26	26	26	27	28	29	30	30	29	30	31	32	32	32	33	34	35	35	35	35	35	36	37	38	39	39	40	40	41	42	43	43	44	44	45	46	48	49	50	50	52	51	52	53	54	55	56	56	58	58	60	60	61	62	63	64	64	65	65	66	67	67	67	68	70	71	71	72	72	73	73	74	75	75	76	76	75	76	76	77	78	78	78	78	78	78	78	79	79	78	79	79	79	79	79	78	78	78	78	78	78	78	77	76	74	75	75	75	75	75	75	74	73	72	73	73	73	73	73	72	73	73	72	73	73	73	72	72	75	115	149	151	132	117	94	75	75	74	73	71	95	99	89	81	80	78	77	74	72	67	63	63	64	65	67	66	67	67	66	65	64	62	61	56	53	54	54	53	53	52	53	54	53	52	52	52	51	50	49	48	47	45	44	43	42	40	39	37	36	36	42	43	47	49	48	47	44	42	41	37	34	33	34	40	39	35	34	35	36	37	35	34	34	33	31	30	30	28	24	19	16	14	16	23	31	31	33	38	34	35	33	36	41	40	48	54	92	72	45	43	43	40	39	38	38	36	35	33	32	31	30	29	28	27	26	25	24	24	23	19	14	11	10	10	9	10	9	8	7	7	6	6	6	6	6	5	4	4	4	4	4	3	2	2	2	1	1	1	1	1	1	1	1	1	1	0	0	0	0
26	26	27	27	27	28	28	29	29	30	30	30	31	31	32	32	33	33	33	34	35	35	35	36	36	37	38	38	39	40	41	42	42	43	44	44	45	47	47	47	48	49	50	51	51	53	54	54	55	56	57	57	58	59	60	61	60	61	62	63	64	64	65	65	67	68	68	69	69	69	71	72	71	72	73	74	74	74	75	75	76	76	77	77	77	77	77	77	78	79	79	78	79	79	79	79	79	78	78	78	77	77	77	77	76	76	75	76	76	76	76	75	74	75	75	75	75	75	75	77	78	82	83	89	93	97	101	94	122	201	211	212	212	209	139	86	82	83	83	83	83	83	83	84	83	83	82	81	80	79	77	74	73	73	72	71	71	70	70	68	67	65	63	62	59	57	56	57	56	57	59	61	61	62	61	61	60	59	59	59	59	57	53	48	48	48	49	50	51	51	50	42	50	53	52	52	51	49	46	46	45	40	34	38	43	42	40	39	37	36	35	34	34	33	32	31	29	28	28	27	24	23	22	18	12	7	14	29	46	42	34	31	36	40	40	42	50	90	72	45	43	41	40	39	38	37	36	34	33	32	31	29	29	28	27	27	25	24	23	21	18	14	11	10	10	9	9	9	7	7	7	6	7	6	5	5	5	4	4	4	4	3	3	2	2	2	1	1	1	1	1	1	1	1	1	1	0	0	0	0
26	26	26	27	27	27	28	28	29	29	30	30	30	31	31	31	32	32	33	33	34	34	36	36	36	37	37	38	38	38	39	40	41	42	43	43	44	45	46	46	48	48	49	50	51	52	52	53	54	54	54	56	57	57	57	57	59	60	61	61	62	62	62	63	64	65	66	66	66	67	68	68	69	70	70	72	72	73	72	73	74	75	75	75	75	75	76	76	77	77	77	77	78	78	78	78	78	79	78	78	78	78	78	77	77	76	76	76	77	77	76	75	76	76	76	81	91	101	113	123	128	133	135	136	141	144	124	146	194	185	187	200	202	119	82	82	83	83	82	83	83	83	82	82	83	82	83	81	82	82	81	82	81	81	80	79	79	78	76	75	72	70	69	70	70	71	71	70	70	70	71	72	71	71	71	71	71	70	69	67	65	63	63	63	61	57	53	48	47	52	50	48	52	52	52	51	50	49	47	45	44	41	38	42	41	36	35	37	37	35	35	35	32	30	31	29	29	28	26	24	23	22	21	20	18	15	8	5	8	29	53	45	39	39	39	38	43	84	70	45	42	41	40	39	38	36	35	34	33	31	30	29	28	27	26	25	25	24	22	21	18	14	11	10	9	9	8	8	7	7	6	6	7	6	5	5	4	4	4	3	3	3	3	2	2	1	1	1	1	1	1	1	0	0	0	1	0	0	0	0
25	25	25	26	26	27	27	28	28	28	28	29	29	30	30	31	30	31	32	32	33	34	34	35	35	36	36	36	37	38	38	39	40	40	41	41	42	44	44	45	46	46	47	48	48	50	50	51	51	51	53	53	54	54	55	56	57	58	58	59	59	59	61	62	62	62	63	64	64	65	65	65	66	67	68	69	69	70	70	70	71	72	73	72	73	73	74	74	75	75	76	75	76	76	77	77	77	77	77	77	78	78	78	78	78	78	77	77	77	77	77	78	85	94	105	112	115	119	120	121	122	123	129	131	126	112	150	174	154	140	143	180	135	81	81	82	81	81	81	81	81	82	81	81	81	81	80	80	81	81	81	80	80	80	78	77	76	74	73	71	70	71	72	73	74	73	70	68	68	70	71	72	72	72	71	71	70	69	68	67	65	63	61	58	58	61	60	58	52	49	52	49	48	49	49	49	48	47	45	43	42	41	41	41	37	31	34	33	31	33	32	32	28	27	28	28	27	25	24	23	22	20	19	18	18	17	14	9	6	6	11	45	41	38	40	31	46	83	70	45	42	41	40	39	37	36	35	34	32	31	29	28	27	26	26	25	24	22	22	20	18	14	11	10	9	9	8	7	7	7	7	6	6	6	5	5	4	4	4	4	3	3	2	2	2	2	1	1	1	1	1	1	1	1	0	0	0	0	0	0
24	24	25	25	26	26	26	26	27	27	27	29	29	29	29	30	30	30	31	31	32	32	32	33	34	34	34	35	35	37	38	38	38	39	40	40	40	41	42	43	44	45	45	45	46	47	47	48	49	50	51	51	52	53	53	54	54	55	55	56	57	57	58	59	59	60	60	61	61	62	62	63	64	65	65	65	65	66	66	67	67	68	68	69	70	70	71	71	71	72	73	73	73	73	74	75	74	75	76	75	75	75	76	77	77	77	77	76	77	81	87	93	96	96	98	101	103	105	105	108	109	112	116	109	122	138	147	151	149	150	150	149	80	80	79	80	80	80	80	80	81	81	81	80	80	80	79	80	80	79	79	79	79	79	78	77	75	74	73	74	75	75	75	73	69	67	67	69	70	70	70	70	70	70	69	69	68	67	66	65	64	64	62	60	56	55	55	57	57	54	53	49	48	46	45	45	45	44	42	41	41	39	38	37	35	33	34	33	29	26	30	26	28	26	26	26	25	24	24	23	21	21	20	18	16	13	14	14	12	9	8	11	38	37	41	21	45	82	69	44	41	40	39	38	37	35	34	33	31	30	28	27	26	26	25	23	23	22	20	19	17	14	11	10	9	8	7	7	7	7	7	6	6	6	5	5	4	4	4	4	3	2	2	2	1	1	1	1	1	1	1	1	1	1	0	0	0	0	0	0
24	24	24	24	25	24	25	25	26	26	27	27	27	28	28	29	29	29	29	30	31	31	32	33	33	33	34	34	35	35	36	36	36	37	38	38	39	40	40	41	42	42	43	43	44	45	46	46	47	47	48	48	49	50	50	51	51	52	53	54	54	54	55	56	56	57	57	58	58	59	59	59	60	61	62	62	63	63	64	64	65	66	65	66	67	67	68	68	69	69	70	70	71	71	71	71	71	72	72	73	73	74	74	75	74	75	75	76	80	83	83	83	84	87	88	89	89	90	90	92	93	95	97	92	85	94	117	119	123	126	128	94	78	79	79	78	79	79	79	78	78	79	79	78	78	78	78	77	77	77	77	77	76	75	76	77	76	75	75	75	74	73	70	68	67	69	70	70	70	70	69	69	68	68	67	66	66	66	65	64	63	62	61	60	58	54	52	50	52	52	50	49	47	47	46	44	43	42	41	39	39	37	37	36	34	33	33	33	32	28	25	27	27	25	24	23	24	22	22	21	20	19	18	17	15	13	11	10	11	13	14	13	32	35	34	18	43	79	69	43	41	40	38	37	36	35	34	33	31	29	28	27	26	25	24	24	22	21	20	19	17	14	11	10	9	7	7	7	7	6	6	6	6	5	5	5	4	4	4	4	2	2	2	1	1	1	1	1	1	1	1	1	1	1	0	0	0	0	0	0
23	24	24	24	24	24	24	25	25	26	26	25	26	26	27	28	27	28	29	30	30	30	31	31	32	32	33	33	33	33	34	35	35	35	36	36	37	37	38	39	40	40	41	42	42	42	43	43	44	44	45	46	45	46	47	48	48	49	50	50	51	51	52	53	53	54	54	54	56	56	56	57	58	58	59	59	60	60	61	62	62	62	63	63	63	63	64	65	65	65	65	66	66	67	68	68	68	69	68	69	69	71	71	71	71	71	71	73	73	74	75	75	75	76	76	76	77	78	78	79	80	81	81	81	79	84	87	89	90	92	92	78	77	77	77	77	77	76	76	76	76	77	76	77	77	76	77	76	76	76	76	75	74	74	74	73	73	72	72	72	71	70	68	69	70	70	70	69	69	69	68	67	66	65	65	64	64	63	62	61	60	60	59	56	57	55	54	52	51	49	48	48	47	45	45	44	42	41	40	39	38	37	36	35	34	32	32	31	30	29	26	24	24	22	24	22	21	22	20	20	19	18	18	16	14	13	12	9	8	8	8	21	30	34	28	17	41	79	69	41	40	38	37	36	35	35	34	32	30	29	27	27	25	25	24	22	21	20	19	18	16	14	11	10	9	7	7	7	6	5	6	6	5	5	4	5	4	4	4	3	2	2	2	2	1	1	1	1	1	1	1	1	0	0	0	0	0	0	0	0
22	22	23	23	23	24	24	24	25	25	25	25	26	26	26	26	27	28	28	28	28	28	29	30	30	30	31	32	32	32	33	33	34	34	34	35	35	35	36	36	37	38	38	39	40	40	41	41	42	43	43	44	44	44	45	45	45	46	47	48	48	48	49	50	50	50	50	51	52	52	53	54	54	55	55	55	57	57	57	58	58	58	59	60	60	61	61	62	62	62	62	62	63	64	64	64	64	65	65	66	66	66	67	68	68	68	69	68	69	70	70	70	70	70	70	70	71	72	71	71	72	73	73	74	74	74	74	74	75	75	75	74	74	75	74	75	74	74	74	74	74	74	75	75	75	75	74	74	75	74	73	73	73	73	73	72	72	70	70	70	70	69	68	68	69	68	69	69	67	67	66	65	64	63	62	61	60	60	60	59	59	57	56	56	55	54	53	50	50	49	48	46	45	45	44	43	42	41	39	39	38	37	35	35	34	32	31	30	28	28	26	24	24	22	21	21	19	20	20	18	17	18	17	15	14	12	13	11	9	8	12	24	30	32	15	16	36	76	68	40	39	37	36	36	35	34	33	32	30	28	27	26	25	23	22	21	20	19	18	17	17	13	10	8	7	7	7	6	6	6	6	5	5	4	4	4	4	3	3	2	2	2	2	2	1	1	1	1	1	1	0	0	0	0	0	0	0	0	0	0
22	22	21	22	23	23	23	23	23	24	25	25	25	25	26	26	26	27	27	27	28	28	28	29	29	30	30	31	31	32	32	32	32	32	33	34	33	35	35	36	35	35	36	36	37	38	38	38	38	39	40	40	41	42	42	43	43	43	44	45	45	45	46	46	47	48	48	48	48	49	50	50	51	51	51	53	53	53	54	55	55	55	56	56	57	56	57	57	58	58	58	59	59	60	60	60	61	62	62	62	62	62	63	64	63	64	64	65	65	64	65	65	66	66	66	67	67	67	67	68	67	68	68	68	69	69	69	69	69	69	69	69	70	71	70	70	70	71	71	71	70	71	71	71	71	71	72	71	71	72	72	72	71	71	71	71	70	69	69	69	68	68	67	68	68	67	66	65	65	64	64	62	62	62	61	60	59	58	57	56	56	56	56	54	53	52	50	50	48	48	47	46	44	43	43	42	41	41	39	37	37	36	35	34	33	33	31	29	29	29	27	25	24	22	20	21	21	19	19	18	16	15	16	15	14	12	12	11	10	9	18	24	29	21	11	15	32	71	67	39	37	37	36	35	34	33	31	30	29	28	26	25	24	23	22	21	19	18	18	17	16	13	9	7	7	7	7	6	6	6	5	5	5	4	4	4	4	2	2	2	2	2	2	1	1	1	1	1	1	1	1	0	0	0	0	0	0	0	0	0
21	21	21	21	21	22	23	23	23	23	24	24	25	24	25	25	25	25	25	26	27	27	28	28	27	28	28	29	30	30	30	31	31	31	32	32	32	33	33	33	34	34	35	34	35	35	36	36	36	37	37	38	39	39	40	40	40	41	41	41	42	43	44	44	44	45	45	45	46	47	47	47	47	48	49	49	50	49	50	51	52	52	52	53	53	53	54	54	54	55	55	56	56	56	56	57	57	58	58	59	59	58	59	59	59	60	60	61	61	61	61	61	62	62	62	62	63	63	63	64	63	63	64	64	64	65	65	65	65	65	66	66	66	66	66	66	66	66	66	66	66	66	67	67	67	67	67	67	67	67	67	67	68	67	67	66	67	67	66	66	65	65	65	65	64	64	64	63	63	62	62	60	60	60	59	58	57	57	56	55	54	54	53	52	52	51	50	48	48	47	46	45	43	42	41	40	40	39	39	38	36	35	34	33	32	31	30	29	28	28	26	24	23	22	21	21	20	18	18	17	17	15	15	16	14	12	11	11	9	13	20	25	23	12	10	14	29	65	65	38	36	35	34	33	33	31	30	29	28	27	26	25	23	21	20	19	18	18	17	16	15	12	8	6	7	7	6	6	6	5	5	5	5	4	4	4	3	2	2	2	2	2	2	2	1	1	1	1	1	0	1	0	0	0	0	0	0	0	0	0
20	20	20	21	21	21	22	22	22	23	23	23	24	24	24	25	25	25	26	25	26	26	26	27	27	27	27	27	28	28	28	29	29	30	30	30	31	31	31	32	32	32	32	33	33	33	33	34	35	35	35	35	36	37	37	37	37	38	38	39	40	40	40	41	41	42	42	43	43	43	43	44	43	44	45	46	46	47	47	47	48	48	49	49	49	49	50	50	50	51	51	52	52	52	52	52	53	53	54	54	55	55	55	55	55	56	56	57	57	57	57	57	57	57	57	57	58	58	58	59	59	59	60	60	60	60	60	61	60	60	60	61	61	61	62	62	62	62	62	62	62	62	62	62	62	62	63	62	62	63	64	63	63	63	63	63	63	63	63	63	62	62	62	61	61	61	61	61	59	59	58	57	57	56	56	56	55	54	53	52	51	51	50	49	49	49	48	48	46	46	45	44	42	41	41	40	39	39	37	37	36	35	33	33	32	31	30	29	28	27	26	25	24	23	21	20	20	19	18	17	16	16	15	15	14	11	11	10	11	18	19	23	16	10	10	12	25	60	65	37	34	33	33	31	31	29	28	27	26	26	25	23	21	20	19	18	17	16	16	15	14	11	8	7	6	6	6	6	6	5	5	5	4	4	4	3	2	3	2	2	2	1	1	1	1	2	1	1	1	1	0	0	0	0	0	0	0	0	0	0
20	20	20	20	20	20	21	21	21	22	22	22	22	22	22	24	24	24	24	25	26	26	25	26	26	26	25	26	27	27	27	27	28	28	29	29	30	30	30	30	30	30	31	31	32	31	32	33	33	33	33	33	34	34	35	35	35	35	36	36	37	36	37	38	38	38	39	39	40	40	40	41	41	41	41	42	42	43	43	43	45	45	45	46	46	46	46	46	47	47	47	47	47	48	48	49	49	49	49	49	50	50	51	51	51	51	51	52	53	53	52	52	53	53	53	53	54	54	54	54	54	55	56	56	55	55	56	56	55	56	56	55	56	56	56	56	56	56	57	57	57	57	57	57	57	58	58	58	59	59	59	58	58	58	58	58	58	57	58	57	57	57	57	57	56	56	56	55	55	54	54	53	53	52	52	52	52	51	50	49	49	48	47	46	47	47	45	45	44	44	42	41	41	39	38	38	37	37	36	35	35	33	32	32	31	29	29	28	27	27	25	24	23	22	21	20	20	19	18	16	15	14	15	14	14	10	10	11	14	18	19	19	11	10	10	12	22	52	62	34	31	30	29	28	28	27	26	25	24	23	22	20	19	17	17	16	15	14	14	13	12	10	7	7	6	6	6	6	5	5	5	4	4	4	3	3	3	2	2	2	1	1	2	1	1	1	1	0	0	0	0	0	0	0	0	0	0	0	0	0
19	20	20	20	20	20	21	20	20	21	22	22	22	22	22	22	22	23	23	24	24	25	24	24	25	25	25	26	26	26	27	27	27	27	28	28	28	28	29	28	29	29	29	29	30	30	31	31	31	31	31	31	31	32	32	33	32	33	33	33	33	34	34	35	35	35	35	36	37	37	37	37	37	38	38	39	39	39	39	40	40	41	41	41	41	42	42	42	43	43	43	44	44	44	45	45	44	45	46	46	46	46	46	46	46	46	47	48	48	48	48	49	49	49	49	49	50	49	50	50	50	50	51	51	51	51	51	51	51	51	51	51	51	52	52	52	52	52	52	52	53	53	53	52	53	53	53	53	54	53	54	53	54	53	53	53	53	53	53	53	53	53	52	51	51	52	51	50	50	50	50	50	49	48	48	48	48	47	46	45	45	45	45	44	43	43	43	42	42	41	40	39	38	37	36	35	35	35	34	33	32	32	31	31	29	29	28	27	26	25	25	24	23	21	20	19	19	19	17	15	14	13	13	12	13	11	11	13	16	17	19	13	9	9	9	10	19	48	60	33	27	27	26	25	24	23	23	22	22	21	20	18	16	15	14	14	13	12	11	10	10	9	7	6	6	6	5	5	5	5	5	4	4	3	3	2	2	2	2	1	1	2	2	1	1	1	1	0	0	0	0	0	0	0	0	0	0	0	0	0
18	19	19	19	19	20	20	19	20	20	21	21	21	21	22	22	22	22	22	23	23	24	23	23	24	24	24	24	25	25	26	25	25	26	26	26	27	26	27	27	28	28	28	28	29	29	29	29	29	29	30	30	29	30	30	30	30	31	31	31	32	32	32	33	33	33	33	34	34	34	34	34	35	35	35	36	36	36	36	36	37	37	37	37	38	38	38	39	39	40	40	40	40	40	41	41	41	41	42	41	42	42	42	42	42	43	43	44	44	44	44	44	43	44	45	45	45	45	45	45	45	45	46	46	46	46	46	46	46	46	46	46	46	48	47	47	47	47	47	47	47	48	47	48	48	48	48	48	48	49	48	49	49	49	48	48	48	48	47	47	48	47	47	47	46	46	46	46	47	46	45	45	44	44	44	43	44	43	43	42	41	41	41	40	40	39	39	39	39	38	37	36	35	35	35	34	33	32	32	31	30	30	29	29	28	27	26	25	25	25	24	23	22	20	19	18	18	17	16	14	13	13	12	11	11	11	12	14	16	19	16	9	9	9	9	10	16	42	58	31	24	23	23	22	22	21	21	21	20	19	17	15	14	13	13	12	11	11	9	9	9	8	6	6	6	5	5	5	5	4	4	4	3	3	2	3	3	2	1	1	1	1	2	1	1	1	0	0	0	0	0	0	0	0	0	0	0	0	0	0
18	18	19	19	19	18	19	20	19	20	20	20	21	21	21	21	21	21	21	21	22	22	22	23	23	23	23	24	23	24	24	25	24	25	25	25	26	25	26	26	26	27	27	27	27	27	26	27	28	27	28	28	28	28	29	29	29	29	29	30	30	30	30	30	30	31	31	31	32	31	32	32	33	33	33	34	34	34	34	34	35	34	34	35	35	35	36	36	36	36	36	36	37	38	38	38	38	38	38	38	38	39	38	39	39	40	40	41	40	40	41	41	41	41	41	41	42	41	42	41	42	43	42	43	42	42	42	42	42	43	43	43	43	44	44	43	43	43	43	43	44	44	44	44	44	44	44	44	44	44	44	44	44	44	44	44	44	44	43	43	43	43	43	43	43	43	43	42	42	41	41	41	40	40	40	40	39	39	39	38	38	37	37	37	37	37	37	36	36	35	34	34	34	33	33	32	32	30	30	29	29	28	27	26	26	25	25	24	24	23	22	21	20	19	18	17	17	16	15	14	13	12	12	11	10	11	13	15	17	19	11	9	8	9	8	9	15	38	55	29	23	22	21	20	20	21	19	19	19	18	16	14	13	12	12	11	10	9	8	9	8	8	7	6	6	5	5	5	4	4	4	4	3	3	3	3	2	2	2	1	1	1	1	1	1	0	0	0	0	0	0	0	0	0	0	0	0	0	0	0
