255	255	255	255	255	255	255	255	255	255	255	255	255	255	255	255	255	255	255	255	255	255	255	255	255	255	255	255	255	255	255	255	255	255	255	255	255	255	255	255	255	255	255	255	255	255	255	255	255	255	255	255	255	255	255	255	255	255	255	255	255	255	255	255	255	255	255	255	255	255	255	255	255	255	255	255	255	255	255	255	255	255	255	255	255	255	255	255	255	255	255	255	255	255	255	255	255	255	255	255	255	255	255	255	255	255	255	255	255	255	255	255	255	255	255	255	255	255	255	255	255	255	255	255	255	255	255	255	255	255	255	255	255	255	255	255	255	255	255	255	255	255	255	255	255	255	255	255	255	255	255	255	255	255	255	255	255	255	255	255	255	255	255	255
255	255	255	255	254	255	255	255	254	254	254	254	254	254	254	254	254	254	254	254	254	254	254	254	254	254	254	254	254	254	254	254	254	254	254	254	254	254	254	254	254	254	254	254	254	254	254	254	254	254	254	254	254	254	254	254	254	254	254	254	254	254	254	254	254	254	254	254	254	254	254	254	254	254	254	254	254	254	254	254	254	254	254	254	254	254	254	254	254	254	254	254	254	254	254	254	254	254	254	254	254	254	254	254	254	254	254	254	254	254	254	254	254	254	254	254	254	254	254	254	254	254	254	254	254	254	254	254	254	254	254	254	254	254	254	254	254	254	254	254	254	254	254	254	254	254	254	254	254	254	254	254	254	254	254	254	255	254	255	254	255	255	255	255
255	255	255	254	254	254	254	254	253	253	253	253	253	253	253	253	253	253	253	253	253	253	253	253	253	253	253	253	253	253	253	253	253	253	253	253	253	253	253	253	253	253	253	253	253	253	253	253	253	253	253	253	253	253	253	253	253	253	253	253	253	253	253	253	253	253	253	253	253	253	253	253	253	253	253	253	253	253	253	253	253	253	253	253	253	253	253	253	253	253	253	253	253	253	253	253	253	253	253	253	253	253	253	253	253	253	253	253	253	253	253	253	253	253	253	253	253	253	253	253	253	253	253	253	253	253	253	253	253	253	253	253	253	253	253	253	253	253	253	253	253	253	253	253	253	253	253	253	253	253	253	253	253	253	253	253	254	254	254	254	254	255	255	255
255	255	255	255	254	253	186	196	194	195	195	195	195	195	195	195	195	195	195	195	195	195	195	195	195	195	195	195	195	195	195	195	194	194	194	194	194	194	195	195	195	195	195	195	195	195	195	195	195	194	194	194	194	194	194	194	194	194	194	193	194	194	194	193	194	193	194	193	193	193	195	196	195	194	194	194	194	194	194	194	195	194	194	194	193	193	194	194	193	193	194	193	193	194	194	194	194	194	193	194	195	195	195	195	195	195	195	195	195	195	195	195	195	195	195	195	195	195	195	195	195	195	195	195	195	195	195	195	195	195	195	195	195	195	195	195	195	195	195	195	195	195	195	195	194	194	194	194	194	194	195	195	194	195	197	196	180	250	253	253	254	255	255	255
255	255	255	254	254	253	197	192	191	191	191	191	191	191	191	191	191	191	191	191	191	191	191	191	191	191	191	191	191	191	191	191	191	190	191	191	191	191	191	191	191	191	191	191	191	191	191	191	191	191	191	191	191	191	191	191	191	191	191	191	191	191	191	191	191	190	177	140	141	131	124	136	168	185	183	182	177	192	196	193	192	189	183	190	191	191	188	192	192	193	192	192	192	192	192	192	192	192	191	191	191	192	191	191	191	191	191	191	191	191	191	191	191	191	191	191	191	191	191	191	191	191	191	191	191	191	191	191	191	191	191	191	191	191	191	191	191	191	191	191	191	191	191	191	191	191	191	191	190	190	191	191	191	191	191	191	181	253	254	254	255	255	255	255
255	255	255	254	254	253	196	191	191	191	191	191	191	191	191	191	191	191	191	191	191	191	191	191	191	191	191	191	191	191	191	191	191	191	191	191	191	191	191	191	191	191	191	191	191	191	191	191	191	191	191	191	191	191	191	191	191	191	188	168	174	139	128	148	128	128	179	150	126	149	189	190	190	190	185	189	189	189	190	191	190	186	186	175	166	160	183	184	124	53	130	133	131	149	144	193	192	191	191	191	191	191	192	192	192	191	191	191	191	191	191	191	191	191	191	191	191	191	191	191	191	191	191	191	191	191	191	191	191	191	191	191	191	191	191	191	191	191	191	191	191	191	191	191	191	191	191	191	190	190	191	191	191	191	191	191	180	252	254	254	255	255	255	255
255	255	255	254	254	253	197	192	191	191	191	191	191	191	191	191	191	191	191	191	191	191	191	191	191	191	191	191	191	191	191	191	191	191	191	191	191	191	191	191	191	191	191	191	191	191	191	191	191	191	191	191	184	162	154	163	144	97	94	31	12	39	56	145	179	166	103	135	189	186	190	190	145	123	186	189	158	169	182	179	191	189	179	190	190	190	190	180	184	186	184	190	169	164	140	95	169	184	187	193	191	180	182	182	190	192	192	191	191	191	191	191	191	191	191	191	191	191	191	191	191	191	191	191	191	191	191	191	191	191	191	191	191	191	191	191	191	191	191	191	191	191	191	191	191	191	191	191	190	190	191	191	191	191	191	191	179	252	254	254	255	255	255	255
255	255	255	254	254	253	197	192	191	191	191	191	191	191	191	191	191	191	191	191	191	191	191	191	191	191	191	191	191	191	191	191	191	191	191	191	191	191	191	191	191	191	191	191	191	191	190	183	167	159	161	95	121	125	8	33	4	46	145	92	80	67	18	108	141	149	171	182	190	173	79	29	4	27	156	139	109	45	15	10	136	189	190	191	190	189	103	100	185	169	90	70	134	182	186	178	153	171	183	190	188	190	190	187	184	174	189	192	192	191	191	191	191	191	191	191	191	191	191	191	191	191	191	191	191	191	191	191	191	191	191	191	191	191	191	191	191	191	191	191	191	191	191	191	191	191	191	191	190	190	191	191	191	191	191	191	179	252	254	254	255	255	255	255
255	255	255	254	254	253	197	192	191	191	191	191	191	191	191	191	191	191	191	191	191	191	191	191	191	191	191	191	191	191	191	191	191	191	191	191	191	191	191	191	191	191	192	190	149	84	46	43	44	61	2	56	63	23	113	135	152	65	49	1	1	2	13	10	6	58	122	188	161	106	120	9	0	0	37	85	38	2	1	25	167	189	184	189	190	189	59	27	17	31	35	1	2	35	161	189	190	190	191	167	155	157	164	185	184	190	171	165	189	192	191	191	191	191	191	191	191	191	191	191	191	191	191	191	191	191	191	191	191	191	191	191	191	191	191	191	190	191	191	191	191	191	191	191	191	191	191	191	190	191	191	191	191	191	191	191	179	252	254	254	255	255	255	255
255	255	255	254	254	253	197	192	191	191	191	191	191	191	191	191	191	191	191	191	191	191	191	191	191	191	191	191	191	191	191	191	191	191	191	191	191	191	191	191	191	190	161	44	6	1	2	67	90	65	1	24	42	62	184	165	82	2	0	0	2	18	0	0	63	162	112	142	167	188	175	114	1	0	54	33	48	2	3	151	187	185	27	142	159	184	120	4	50	59	0	0	7	143	187	175	179	165	190	189	180	65	28	17	74	184	159	81	84	159	190	191	191	191	191	191	191	191	191	191	191	191	191	191	191	191	191	191	191	191	191	191	191	191	191	191	190	190	191	191	191	191	191	191	191	191	191	191	190	191	191	191	191	191	191	191	179	252	254	254	255	255	255	255
255	255	255	254	254	253	197	192	191	191	191	191	191	191	191	191	191	191	191	191	191	191	191	191	191	191	191	191	191	191	191	191	191	191	191	191	191	191	191	191	189	79	5	2	4	25	0	0	0	0	0	0	25	101	173	128	109	7	0	0	58	122	21	1	41	171	189	101	44	172	128	186	58	2	42	156	47	1	16	187	189	165	1	34	185	182	133	3	80	58	0	0	48	189	176	22	178	190	190	162	29	2	0	0	12	47	186	190	134	99	125	151	187	191	191	191	191	191	191	191	191	191	191	191	191	191	191	191	191	191	191	191	191	191	191	191	191	191	191	191	191	191	191	191	191	191	191	190	190	191	191	191	191	191	191	191	179	252	254	254	255	255	255	255
255	255	255	254	254	253	197	192	191	191	191	191	191	191	191	191	191	191	191	191	191	191	191	191	191	191	191	191	191	191	191	191	191	191	191	191	191	167	118	93	55	2	1	0	1	4	0	0	0	0	0	0	17	123	143	100	162	165	14	1	0	4	2	0	15	159	184	163	13	61	183	167	160	6	122	189	147	3	4	146	174	180	31	43	183	171	133	1	8	27	0	0	11	176	184	21	165	190	188	142	75	2	1	20	150	12	169	184	141	99	134	97	139	190	191	191	191	191	191	191	191	191	191	191	191	191	191	191	191	191	191	191	191	191	191	191	191	191	191	191	191	191	191	191	191	191	191	190	190	191	191	191	191	191	191	191	179	252	254	254	255	255	255	255
255	255	255	254	254	253	197	192	191	191	191	191	191	191	191	191	191	191	191	191	191	191	191	191	191	191	191	191	191	191	191	191	191	191	191	187	120	12	0	0	0	7	1	5	0	0	0	0	1	7	7	5	17	96	51	72	179	181	128	2	0	58	104	2	1	26	141	188	139	28	148	175	186	102	181	188	186	44	1	26	173	189	170	165	189	189	63	1	52	171	25	1	3	131	187	123	178	184	151	28	0	0	2	67	158	8	144	158	31	1	8	137	139	149	191	192	191	191	191	191	191	191	191	191	191	191	191	191	191	191	191	191	191	191	191	191	191	191	191	191	191	191	191	191	191	191	191	190	190	191	191	191	191	191	191	191	179	252	254	254	255	255	255	255
255	255	255	254	254	253	197	192	191	191	191	191	191	191	191	191	191	191	191	191	191	191	191	191	191	191	191	191	191	191	191	191	191	191	176	48	0	0	0	0	0	0	17	9	92	55	0	0	0	0	20	14	40	158	76	15	117	187	181	51	37	130	183	54	0	0	33	149	186	187	186	174	179	183	188	189	189	107	1	0	22	131	189	191	189	125	4	2	110	189	158	22	2	135	175	190	189	187	74	97	5	0	1	65	154	27	167	168	17	32	13	127	189	170	143	159	191	191	191	191	191	191	191	191	191	191	191	191	191	191	191	191	191	191	191	191	191	191	191	191	191	191	191	191	191	191	191	190	191	191	191	191	191	191	191	191	179	252	254	254	255	255	255	255
255	255	255	254	254	253	197	192	191	191	191	191	191	191	191	191	191	191	191	191	191	191	191	191	191	191	191	191	191	191	191	191	189	133	47	1	1	6	0	0	0	0	5	1	3	17	92	40	0	0	0	0	3	63	170	130	31	156	129	98	104	148	189	163	6	1	0	0	67	186	188	188	171	151	177	188	184	91	38	62	83	125	181	150	190	161	89	25	110	187	182	53	1	10	146	188	190	103	148	189	127	4	1	101	176	151	184	54	44	131	38	162	171	55	120	78	181	192	192	192	191	191	191	191	191	191	191	191	191	191	191	191	191	191	191	191	191	191	191	191	191	191	191	191	191	191	191	191	191	191	191	191	191	191	191	191	179	252	254	254	255	255	255	255
255	255	255	254	254	253	197	192	191	191	191	191	191	191	191	191	191	191	191	191	191	191	191	191	191	191	191	191	191	191	192	192	127	3	0	0	0	0	0	0	0	0	0	0	0	0	5	93	57	1	0	0	2	9	107	172	176	113	92	51	9	75	137	99	3	13	70	93	137	173	49	89	132	156	182	187	182	187	187	181	152	146	59	3	36	119	164	160	163	178	178	130	100	97	97	85	174	169	173	181	152	20	5	22	151	140	134	24	99	124	38	188	115	20	148	40	186	191	192	191	191	191	191	191	191	191	191	191	191	191	191	191	191	191	191	191	191	191	191	191	191	191	191	191	191	191	191	191	191	191	191	191	191	191	191	191	179	252	254	254	255	255	255	255
255	255	255	254	254	253	197	192	191	191	191	191	191	191	191	191	191	191	191	191	191	191	191	191	191	191	191	191	191	191	191	191	157	3	0	0	0	0	0	0	0	0	0	0	7	2	0	0	54	25	1	28	116	7	3	33	144	71	133	157	86	125	154	157	141	97	103	85	28	15	0	0	0	0	12	18	12	23	29	14	2	1	1	1	2	0	0	1	19	24	39	52	3	2	1	1	22	53	78	89	84	79	89	86	74	142	180	166	174	175	120	165	101	42	116	55	189	192	191	191	191	191	191	191	191	191	191	191	191	191	191	191	191	191	191	191	191	191	191	191	191	191	191	191	191	191	191	191	191	191	191	191	191	191	191	191	179	252	254	254	255	255	255	255
255	255	255	254	254	253	197	192	191	191	191	191	191	191	191	191	191	191	191	191	191	191	191	191	191	191	191	191	191	191	168	113	115	8	0	0	0	0	1	4	0	0	3	20	46	15	0	0	6	16	0	1	17	2	0	0	1	0	3	5	7	13	2	15	5	1	0	0	0	0	0	1	0	0	0	0	0	0	0	0	0	0	0	0	0	0	0	0	0	0	0	0	0	0	1	1	0	2	0	0	1	2	2	1	4	35	115	142	148	188	119	18	7	113	75	67	189	191	191	192	191	191	191	191	191	191	191	191	191	191	191	191	191	191	191	191	191	191	191	191	191	191	191	191	191	191	191	191	191	191	191	191	191	191	191	191	179	252	254	254	255	255	255	255
255	255	255	254	254	253	197	192	191	191	191	191	191	191	191	191	191	191	191	191	191	191	191	191	191	191	191	191	191	191	114	9	0	0	0	0	0	0	1	1	0	0	0	0	19	71	69	6	1	2	2	15	2	0	0	0	0	0	0	0	0	0	0	0	0	0	0	0	0	0	0	0	0	0	0	0	0	0	0	0	0	0	0	0	0	0	0	0	0	0	0	0	0	0	0	0	0	0	0	0	0	0	0	0	1	0	0	1	12	160	39	42	88	44	44	115	191	191	191	191	191	191	191	191	191	191	191	191	191	191	191	191	191	191	191	191	191	191	191	191	191	191	191	191	191	191	191	191	191	191	191	191	191	191	191	191	179	252	254	254	255	255	255	255
255	255	255	254	254	253	197	192	191	191	191	191	191	191	191	191	191	191	191	191	191	191	191	191	191	191	191	191	191	191	191	146	19	1	0	0	0	0	0	0	0	1	3	0	7	20	19	4	0	0	0	0	0	0	0	0	0	0	0	0	0	0	0	0	0	0	0	0	0	0	0	0	0	0	0	0	0	0	0	0	0	0	0	0	0	0	0	0	0	0	0	0	0	0	0	0	0	0	0	0	0	0	0	0	0	0	0	0	1	5	2	15	39	2	19	123	183	192	192	191	191	191	191	191	191	191	191	191	191	191	191	191	191	191	191	191	191	191	191	191	191	191	191	191	191	191	191	191	191	191	191	191	191	191	191	191	179	252	254	254	255	255	255	255
255	255	255	254	254	253	197	192	191	191	191	191	191	191	191	191	191	191	191	191	191	191	191	191	191	191	191	191	191	191	191	189	66	1	0	0	0	0	5	6	0	0	0	0	0	0	0	0	0	0	0	0	0	0	0	0	0	0	0	0	0	0	0	1	4	8	9	7	9	12	22	29	37	29	27	22	29	43	58	73	77	57	71	72	38	32	20	31	30	21	15	4	1	0	0	0	0	0	0	0	0	0	0	0	0	0	0	0	0	0	0	0	0	0	2	21	71	127	188	192	191	191	191	191	191	191	191	191	191	191	191	191	191	191	191	191	191	191	191	191	191	191	191	191	191	191	191	191	191	191	191	191	191	191	191	191	179	252	254	254	255	255	255	255
255	255	255	254	254	253	197	192	191	191	191	191	191	191	191	191	191	191	191	191	191	191	191	191	191	191	191	191	191	191	191	177	11	1	0	0	0	1	44	1	0	0	0	0	0	0	0	0	0	0	0	0	0	0	0	0	0	0	0	0	0	1	18	85	131	133	136	141	145	151	156	158	155	149	152	145	151	159	163	165	166	164	165	164	158	153	152	161	157	158	151	119	81	35	6	0	0	0	0	0	0	0	0	0	0	0	0	0	0	0	0	0	1	39	33	49	96	55	31	152	192	192	191	191	191	191	191	191	191	191	191	191	191	191	191	191	191	191	191	191	191	191	191	191	191	191	191	191	191	191	191	191	191	191	191	191	179	253	254	254	255	255	255	255
255	255	255	254	254	253	197	192	191	191	191	191	191	191	191	191	191	191	191	191	191	191	191	191	191	191	191	191	191	191	191	191	162	74	4	1	0	0	0	0	0	0	0	0	0	0	0	0	0	0	0	0	0	0	0	0	0	0	0	1	13	74	135	153	161	165	167	168	171	171	172	171	171	171	170	170	170	171	171	171	170	171	171	171	172	171	172	171	170	171	171	169	168	162	136	67	9	1	0	0	0	0	0	0	0	0	0	0	0	0	1	1	0	5	7	1	2	0	1	9	168	192	192	191	191	191	191	191	191	191	191	191	191	191	191	191	191	191	191	191	191	191	191	191	191	191	191	191	191	191	191	191	191	191	191	191	179	253	254	254	255	255	255	255
255	255	255	254	254	253	197	192	191	191	191	191	191	191	191	191	191	191	191	191	191	191	191	191	191	191	191	191	191	191	191	191	191	191	163	19	0	2	0	0	0	0	0	0	0	0	0	0	0	0	0	0	0	0	0	0	0	0	4	31	94	130	147	153	161	164	168	170	170	170	172	170	172	172	171	171	171	171	171	171	170	170	171	172	172	170	167	170	171	171	171	171	171	170	170	168	141	61	6	0	0	0	0	0	0	0	0	0	0	0	0	0	0	0	1	1	0	0	0	0	88	193	192	191	192	192	191	191	191	191	191	191	191	191	191	191	191	191	191	191	191	191	191	191	191	191	191	191	191	191	191	191	191	191	191	191	180	252	254	254	255	255	255	255
255	255	255	254	254	253	197	192	191	191	191	191	191	191	191	191	191	191	191	191	191	191	191	191	191	191	191	191	191	191	191	191	191	191	191	90	0	0	0	0	0	0	0	0	0	0	0	0	0	0	0	0	0	0	1	1	0	5	52	90	89	120	143	151	157	166	168	169	168	166	170	172	172	172	172	169	170	172	171	171	171	171	171	170	172	172	172	172	172	172	171	172	171	171	170	171	171	166	96	15	1	0	0	0	0	0	0	0	0	0	0	0	0	0	0	0	0	0	0	0	31	117	148	172	187	192	192	191	191	191	191	191	191	191	191	191	191	191	191	191	191	191	191	191	191	191	191	191	191	191	191	191	191	191	191	191	179	253	254	254	255	255	255	255
255	255	255	254	254	253	197	192	191	191	191	191	191	191	191	191	191	191	191	191	191	191	191	191	191	191	191	191	191	191	191	190	166	131	112	22	0	0	0	0	0	0	0	0	0	0	0	0	0	0	0	0	0	0	1	7	25	52	52	63	80	120	152	162	164	167	167	169	171	170	171	172	172	170	166	168	171	171	168	166	168	167	165	164	165	166	167	169	168	168	170	171	170	171	171	171	170	171	169	135	41	3	0	0	0	0	0	0	0	0	0	0	0	0	0	0	0	0	0	0	0	0	0	1	12	40	127	186	191	191	191	191	191	191	190	190	191	191	191	191	191	191	191	191	191	191	191	191	191	191	191	191	191	191	191	191	179	253	254	254	255	255	255	255
255	255	255	254	254	253	197	192	191	191	191	191	191	191	191	191	191	191	191	191	191	191	191	191	191	191	191	191	191	191	127	42	1	0	0	0	0	0	0	0	0	0	0	0	0	0	0	0	0	0	0	0	0	1	6	7	28	56	59	53	82	91	127	153	156	152	155	157	162	160	157	157	158	160	162	161	164	164	169	166	164	163	164	166	162	156	159	163	166	167	166	169	170	170	171	171	171	168	167	169	158	68	3	1	0	0	0	0	0	0	0	0	0	0	0	0	0	0	0	0	0	19	23	1	0	21	39	48	178	191	191	191	191	191	191	190	190	191	191	191	191	191	191	191	191	191	191	191	191	191	191	191	191	191	191	191	179	253	254	254	255	255	255	255
255	255	255	254	254	253	197	192	191	191	191	191	191	191	191	191	191	191	191	191	191	191	191	191	191	191	191	191	192	127	7	1	0	0	0	0	0	0	0	0	0	0	0	0	0	0	0	0	0	0	0	0	1	6	5	10	35	50	71	61	82	77	84	129	135	139	152	159	159	161	154	155	156	156	158	163	164	164	167	168	166	169	170	166	163	160	153	157	152	145	160	162	165	166	168	169	167	165	169	169	168	154	54	2	1	0	0	0	0	0	0	0	0	0	0	0	0	0	0	0	0	7	20	1	0	2	43	18	47	166	191	191	191	191	191	191	191	191	191	191	191	191	191	191	191	191	191	191	191	191	191	191	191	191	191	191	179	252	254	254	255	255	255	255
255	255	255	254	254	253	197	192	191	191	191	191	191	191	191	191	191	191	191	191	191	191	191	191	191	191	191	191	180	20	0	0	0	0	0	0	0	0	0	0	0	0	0	0	0	0	0	0	0	0	0	1	6	12	11	16	37	31	32	31	32	22	40	68	95	108	133	144	139	147	147	147	150	153	159	164	165	166	166	164	154	138	128	99	83	85	106	121	128	153	158	155	160	161	164	165	164	167	165	164	164	161	142	45	3	1	1	0	0	0	0	0	0	0	0	0	0	0	0	0	0	0	1	0	0	1	2	1	2	29	154	192	192	191	191	191	191	190	190	191	191	191	191	191	191	191	191	191	191	191	191	191	191	191	191	191	179	252	254	254	255	255	255	255
255	255	255	254	254	253	197	192	191	191	191	191	191	191	191	191	191	191	191	191	191	191	191	191	191	191	188	140	55	2	0	0	0	0	0	0	0	0	0	0	0	0	0	0	0	0	0	0	0	0	0	7	26	11	12	21	16	23	47	10	2	4	4	10	17	40	56	81	94	127	79	89	123	136	150	147	121	133	140	145	142	119	109	121	122	154	164	159	154	159	161	159	157	160	163	163	156	163	166	165	167	163	160	141	36	2	2	0	0	0	0	0	0	0	0	0	0	0	0	0	0	0	0	0	1	1	1	1	0	0	39	192	192	191	191	191	191	191	190	190	191	191	191	191	191	191	191	191	191	191	191	191	191	191	190	190	179	252	254	254	255	255	255	255
255	255	255	254	254	253	197	192	191	191	191	191	191	191	191	191	191	191	191	191	191	191	191	191	191	161	32	2	0	0	0	0	0	0	0	0	0	0	0	0	0	0	0	0	0	0	0	0	0	0	13	28	24	11	11	40	42	17	15	8	8	12	14	28	53	111	146	140	145	150	122	127	147	156	156	152	154	146	140	132	107	108	125	131	147	159	159	155	160	163	162	160	162	160	159	160	154	155	160	164	165	161	157	163	129	50	5	1	0	1	0	0	0	0	0	0	0	0	0	0	0	0	0	0	0	0	0	0	0	0	10	183	192	191	191	191	191	191	191	191	191	191	191	191	191	191	191	191	191	191	191	191	191	191	190	191	179	252	254	254	255	255	255	255
255	255	255	254	254	253	197	192	191	191	191	191	191	191	191	191	191	191	191	191	191	191	191	191	179	39	0	0	0	0	0	0	0	0	0	0	0	0	0	0	0	0	0	0	0	0	0	0	3	22	54	45	22	23	16	22	20	32	50	76	105	110	117	125	146	160	163	163	158	160	157	111	148	159	158	154	156	149	137	45	54	100	139	157	166	169	167	169	171	172	171	171	172	171	171	171	169	168	161	158	153	146	149	165	164	116	31	10	0	0	0	0	0	0	0	0	0	0	0	0	0	0	0	0	0	0	0	0	0	0	42	192	192	191	191	191	191	191	191	190	191	191	191	191	191	191	191	191	191	191	191	191	191	191	190	191	179	253	254	254	255	255	255	255
255	255	255	254	254	253	197	192	191	191	191	191	191	191	191	191	191	191	191	191	191	191	191	191	94	0	0	0	0	0	0	0	0	0	0	0	0	0	0	0	0	0	0	0	0	0	0	0	3	12	26	27	39	54	93	76	25	18	19	28	76	128	128	132	151	163	167	160	161	164	165	147	166	169	164	166	171	168	134	34	136	166	168	170	170	172	172	170	171	170	167	166	166	166	154	124	105	88	68	75	89	73	90	146	167	159	59	13	2	0	0	0	0	0	0	0	0	0	0	0	0	0	0	0	0	0	0	0	0	0	7	185	192	191	191	191	191	191	191	190	191	191	191	191	191	191	191	191	191	191	191	191	191	191	191	191	179	252	254	254	255	255	255	255
255	255	255	254	254	253	197	192	191	191	191	191	191	191	191	191	191	191	191	191	191	191	191	190	39	1	0	0	0	0	0	0	0	0	0	0	0	0	0	0	0	0	0	0	0	0	0	0	0	0	8	29	83	108	48	11	2	1	0	1	3	10	7	10	27	42	52	73	113	148	154	158	160	144	115	156	167	163	144	61	148	157	140	124	151	158	148	125	78	54	35	20	19	21	14	4	4	15	31	67	87	108	134	145	156	161	137	38	2	0	0	0	0	0	0	0	0	0	0	0	0	0	0	0	0	0	0	0	0	0	3	182	192	191	191	191	191	191	190	189	191	191	191	191	191	191	191	191	191	191	191	191	191	191	191	191	179	253	254	254	255	255	255	255
255	255	255	254	254	253	197	192	191	191	191	191	191	191	191	191	191	191	191	191	191	191	191	178	25	1	0	0	0	0	0	0	0	0	0	0	0	0	0	0	0	0	0	0	0	0	0	0	0	0	6	41	138	133	28	11	9	6	7	10	9	7	7	6	5	4	3	4	10	31	47	67	66	27	56	116	148	163	170	158	160	165	153	88	38	51	36	19	17	13	20	24	34	56	71	84	114	146	160	167	167	169	170	159	154	156	146	53	4	0	0	0	0	0	0	0	0	0	0	0	0	0	0	0	0	0	0	0	0	0	55	193	192	191	191	191	191	190	190	191	191	191	191	191	191	191	191	191	191	191	191	191	191	191	191	191	179	252	254	254	255	255	255	255
255	255	255	254	254	253	197	192	191	191	191	191	191	191	191	191	191	191	191	191	191	191	187	58	0	0	0	0	0	0	0	0	0	0	0	0	0	0	0	0	0	0	0	0	0	0	0	0	0	0	1	27	106	91	72	100	134	128	133	146	145	144	144	143	148	145	138	135	141	136	117	60	6	2	3	46	149	168	171	171	171	170	166	154	142	147	150	150	152	151	157	161	165	169	170	172	173	171	171	171	171	170	170	165	155	156	158	97	9	0	0	0	0	0	0	0	0	0	0	0	0	0	0	0	0	0	0	0	0	0	115	191	192	192	191	191	191	190	190	191	191	191	191	191	191	191	191	191	191	191	191	191	191	191	191	191	180	252	254	254	255	255	255	255
255	255	255	254	254	253	197	192	191	191	191	191	191	191	191	191	191	191	191	191	191	191	187	14	0	0	0	0	0	0	0	0	0	0	0	0	0	0	0	0	0	0	0	0	0	0	0	0	0	0	0	6	45	57	38	42	107	104	106	120	147	158	159	155	139	131	129	145	156	162	168	135	16	2	7	25	98	147	157	162	168	168	167	151	98	111	93	43	32	65	46	57	72	80	115	154	169	171	171	170	171	172	172	170	158	154	157	113	15	1	0	0	0	0	0	0	0	0	0	0	0	0	0	0	0	0	0	0	0	7	171	191	191	191	191	191	191	191	191	191	191	191	191	191	191	191	191	191	191	191	191	191	191	191	191	191	180	252	254	254	255	255	255	255
255	255	255	254	254	253	197	192	191	191	191	191	191	191	191	191	191	191	191	191	191	191	189	33	0	0	0	0	0	0	0	0	0	0	0	0	0	0	0	0	0	0	1	0	0	0	0	0	0	0	0	0	4	13	14	15	22	27	31	52	71	42	20	32	16	133	207	186	129	112	126	59	7	2	2	11	47	102	141	155	155	156	160	166	155	151	120	73	86	233	128	36	16	4	27	69	56	91	140	159	167	171	171	168	158	148	159	155	70	5	0	0	0	0	0	0	0	0	0	0	0	0	0	0	0	0	0	0	1	111	191	191	191	191	191	191	191	191	191	191	191	191	191	191	191	191	191	191	191	191	191	191	191	191	191	191	180	252	254	254	255	255	255	255
255	255	255	254	254	253	197	192	191	191	191	191	191	191	191	191	191	191	191	191	191	191	191	162	18	1	0	0	0	0	0	0	0	0	0	0	0	0	0	0	1	11	44	6	0	0	0	0	0	0	0	1	10	10	10	8	2	5	13	45	114	116	69	45	54	164	218	207	180	151	78	53	50	25	8	17	29	83	128	155	162	162	157	164	168	170	166	160	157	174	173	123	87	105	168	188	176	152	124	146	162	167	170	165	156	150	155	164	155	55	3	0	0	0	0	0	0	0	0	0	0	0	0	0	0	0	0	0	42	187	191	191	191	191	191	191	191	191	191	191	191	191	191	191	191	191	191	191	191	191	191	191	191	191	191	191	179	253	254	254	255	255	255	255
255	255	255	254	254	253	197	192	191	191	191	191	191	191	191	191	191	191	191	191	191	191	191	191	150	5	0	0	0	0	0	0	0	0	0	0	0	0	0	0	0	3	17	2	1	0	0	18	11	5	8	17	18	16	23	25	15	49	87	77	61	81	116	139	153	165	170	172	167	137	68	28	27	15	16	22	26	93	150	162	169	167	157	155	161	165	169	163	165	168	160	155	149	153	159	161	167	171	172	171	171	168	170	166	162	154	155	158	160	49	2	1	0	0	0	0	0	0	0	0	0	0	0	0	0	0	0	6	161	191	191	191	191	191	191	191	191	191	191	191	191	191	191	191	191	191	191	191	191	191	191	191	191	191	191	191	179	253	254	254	255	255	255	255
255	255	255	254	254	253	197	192	191	191	191	191	191	191	191	191	191	191	191	191	191	191	191	191	187	23	0	0	0	0	0	0	0	0	0	0	0	0	0	0	0	1	18	38	42	31	4	51	54	105	135	102	64	63	69	44	25	64	145	159	139	149	160	159	160	166	168	164	119	25	3	7	23	26	20	15	20	74	137	164	165	161	151	153	156	165	167	155	146	162	167	171	171	170	171	169	171	172	172	171	171	171	172	171	169	160	155	155	160	69	3	0	0	0	0	0	0	0	0	0	0	0	0	0	0	0	1	83	190	191	191	191	191	191	191	191	191	191	191	191	191	191	191	191	191	191	191	191	191	191	191	191	191	191	191	191	178	253	254	254	255	255	255	255
255	255	255	254	254	253	197	192	191	191	191	191	191	191	191	191	191	191	191	191	191	191	191	191	191	140	12	1	0	0	0	0	0	0	0	0	0	0	0	0	0	2	51	99	85	69	25	22	79	141	134	98	79	81	84	73	43	32	86	132	160	161	163	160	165	166	152	93	15	1	3	12	28	21	15	13	14	75	139	157	158	158	153	153	156	162	168	162	119	70	101	143	166	170	169	167	169	167	169	170	171	172	172	172	169	159	157	155	156	98	6	0	0	0	0	0	0	0	0	0	0	0	0	0	0	0	69	186	191	191	191	191	191	191	191	191	191	191	191	191	191	191	191	191	191	191	191	191	191	191	191	191	191	191	191	191	179	253	254	254	255	255	255	255
255	255	255	254	254	253	197	192	191	191	191	191	191	191	191	191	191	191	191	191	191	191	191	191	190	191	166	87	22	2	0	0	0	0	0	0	0	0	0	0	0	1	47	85	80	31	19	26	39	105	122	104	90	94	109	132	140	78	28	21	61	95	114	106	94	67	19	3	5	14	12	15	8	11	8	14	47	115	149	157	159	159	157	154	154	155	163	171	169	148	95	62	71	84	95	129	158	162	169	171	172	173	171	170	164	157	155	151	154	109	7	0	0	0	0	0	0	0	0	0	0	0	0	0	4	100	189	191	191	191	191	191	191	191	191	191	191	191	191	191	191	191	191	191	191	191	191	191	191	191	191	191	191	191	191	191	179	252	254	254	255	255	255	255
255	255	255	254	254	253	197	192	191	191	191	191	191	191	191	191	191	191	191	191	191	191	191	191	191	191	191	191	188	105	5	1	0	0	0	0	0	0	0	0	0	2	32	51	60	18	36	6	10	77	133	107	88	92	115	144	155	160	137	117	82	48	49	53	36	21	20	30	38	22	18	13	11	5	5	19	66	116	145	153	156	155	158	158	155	155	155	167	171	172	172	171	167	166	161	164	171	171	170	172	171	172	168	165	159	155	150	147	140	81	4	0	0	0	0	0	0	0	0	0	0	0	2	56	153	192	192	191	191	191	191	191	191	191	191	191	191	191	191	191	191	191	191	191	191	191	191	191	191	191	191	191	191	191	191	191	179	252	254	254	255	255	255	255
255	255	255	254	254	253	197	192	191	191	191	191	191	191	191	191	191	191	191	191	191	191	191	191	191	191	191	191	191	191	152	33	0	0	0	0	0	0	0	0	0	2	24	28	19	7	21	36	16	67	142	103	68	50	84	128	140	154	149	162	158	123	59	27	15	38	70	68	40	49	30	10	4	3	3	21	89	143	159	165	166	169	170	166	161	159	156	165	170	171	172	172	171	171	171	171	171	171	171	171	171	169	163	158	157	153	130	141	150	43	4	2	0	1	0	0	0	0	0	0	1	38	141	192	192	191	191	191	191	191	191	191	191	191	191	191	191	191	191	191	191	191	191	191	191	191	191	191	191	191	191	191	191	191	191	191	179	252	254	254	255	255	255	255
255	255	255	254	254	253	197	192	191	191	191	191	191	191	191	191	191	191	191	191	191	191	191	191	191	191	191	191	191	191	191	106	0	0	0	0	0	0	0	0	1	0	6	3	0	2	38	102	94	148	162	110	48	51	88	79	89	136	142	127	93	26	2	2	17	48	80	75	67	64	23	7	8	7	4	24	125	167	171	170	171	172	172	171	167	156	154	156	168	171	171	171	171	171	170	170	170	167	166	163	161	162	159	156	155	152	137	142	161	44	2	2	3	1	1	0	0	0	0	0	45	180	191	191	191	191	191	191	191	191	191	191	191	191	191	191	191	191	191	191	191	191	191	191	191	191	191	191	191	191	191	191	191	191	191	191	179	252	254	254	255	255	255	255
255	255	255	254	254	253	197	192	191	191	191	191	191	191	191	191	191	191	191	191	191	191	191	191	191	191	191	191	191	191	191	164	9	1	0	0	0	0	0	0	0	0	0	1	0	3	44	76	111	149	156	101	40	18	28	40	46	90	99	41	4	1	2	10	25	66	88	67	28	22	21	16	8	2	6	16	71	138	158	156	149	147	155	138	93	87	137	133	122	162	171	172	170	170	170	165	163	163	158	157	159	165	162	156	156	152	149	147	152	30	17	13	69	70	6	0	0	0	2	66	180	190	191	191	191	191	191	191	191	191	191	191	191	191	191	191	191	191	191	191	191	191	191	191	191	191	191	191	191	191	191	191	191	191	191	191	179	252	254	254	255	255	255	255
255	255	255	254	254	253	197	192	191	191	191	191	191	191	191	191	191	191	191	191	191	191	191	191	191	191	191	191	191	191	191	191	119	5	0	0	0	0	0	0	0	0	0	6	4	9	41	57	99	140	141	74	25	17	16	18	10	19	13	3	0	2	10	21	29	41	15	3	11	29	10	3	4	10	3	2	12	27	38	39	90	132	108	65	27	35	128	155	80	83	160	170	171	171	169	162	159	164	159	163	168	165	163	149	152	141	121	134	123	18	55	28	105	93	1	0	1	3	86	188	191	191	191	191	191	191	191	191	191	191	191	191	191	191	191	191	191	191	191	191	191	191	191	191	191	191	191	191	191	191	191	191	191	191	191	191	179	252	254	254	255	255	255	255
255	255	255	254	254	253	197	192	191	191	191	191	191	191	191	191	191	191	191	191	191	191	191	191	191	191	191	191	191	191	191	191	191	151	42	1	0	0	0	0	0	0	3	21	22	18	47	83	80	120	153	123	61	14	12	8	2	2	1	1	0	4	16	25	15	3	1	6	15	20	19	20	23	26	10	11	60	129	129	123	140	161	162	165	157	158	164	166	165	113	123	163	170	171	170	168	164	165	164	166	165	164	159	154	151	132	120	137	76	48	139	67	69	14	35	80	121	175	191	191	191	191	191	191	191	191	191	191	191	191	191	191	191	191	191	191	191	191	191	191	191	191	191	191	191	191	191	191	191	191	191	191	191	191	191	191	179	252	254	254	255	255	255	255
255	255	255	254	254	253	197	192	191	191	191	191	191	191	191	191	191	191	191	191	191	191	191	191	191	191	191	191	191	191	191	191	191	191	191	68	1	0	0	0	0	0	1	11	22	39	27	64	81	114	159	151	75	18	8	5	2	0	1	1	3	18	35	11	1	6	7	6	3	10	18	24	20	17	10	4	56	138	93	35	14	69	97	140	162	167	165	167	167	159	137	147	164	168	166	164	165	165	162	164	162	158	157	157	154	146	121	117	149	121	107	34	96	175	191	191	191	191	191	191	191	191	191	191	191	191	191	191	191	191	191	191	191	191	191	191	191	191	191	191	191	191	191	191	191	191	191	191	191	191	191	191	191	191	191	191	179	252	254	254	255	255	255	255
255	255	255	254	254	253	197	192	191	191	191	191	191	191	191	191	191	191	191	191	191	191	191	191	191	191	191	191	191	191	191	191	191	191	190	190	121	10	0	0	0	0	0	0	7	4	4	13	34	77	144	152	83	25	8	3	1	0	0	3	26	72	48	18	8	4	1	1	1	2	1	5	3	10	6	7	29	75	11	8	11	9	2	14	49	81	116	136	159	168	168	150	136	161	161	151	155	160	163	158	154	156	161	155	152	141	66	11	34	19	35	132	190	191	191	191	191	191	191	191	191	191	191	191	190	191	191	191	191	191	191	191	191	191	191	191	191	191	191	191	191	191	191	191	191	191	191	191	191	191	191	191	191	191	191	191	179	252	254	254	255	255	255	255
255	255	255	254	254	253	197	192	191	191	191	191	191	191	191	191	191	191	191	191	191	191	191	191	191	191	191	191	191	191	191	191	191	191	191	191	191	149	16	1	0	0	1	12	50	15	1	0	1	4	61	133	49	16	14	12	4	8	6	4	21	8	2	1	1	1	0	0	0	0	0	0	0	2	5	24	69	78	22	12	3	1	1	0	1	2	8	23	45	98	144	164	163	143	162	129	101	148	160	157	154	155	153	154	153	138	86	6	2	8	162	191	191	191	191	191	191	191	191	191	191	191	190	190	191	191	191	191	191	191	191	191	191	191	191	191	191	191	191	191	191	191	191	191	191	191	191	191	191	191	191	191	191	191	191	191	179	252	254	254	255	255	255	255
255	255	255	254	254	253	197	192	191	191	191	191	191	191	191	191	191	191	191	191	191	191	191	191	191	191	191	191	191	191	191	191	191	191	191	191	191	191	141	19	0	0	0	0	18	4	0	0	0	0	43	93	32	15	10	12	8	6	11	1	0	0	0	0	0	0	0	0	0	0	0	2	10	19	24	47	117	159	135	107	87	72	40	19	9	4	4	7	5	3	13	42	110	143	133	146	68	107	152	141	140	143	154	158	152	66	4	0	31	136	189	191	191	191	191	191	191	191	191	191	191	191	190	191	191	191	191	191	191	191	191	191	191	191	191	191	191	191	191	191	191	191	191	191	191	191	191	191	191	191	191	191	191	191	191	191	179	252	254	254	255	255	255	255
255	255	255	254	254	253	197	192	191	191	191	191	191	191	191	191	191	191	191	191	191	191	191	191	191	191	191	191	191	191	191	191	191	191	191	191	191	191	191	176	83	13	0	0	28	63	10	0	0	0	7	28	7	3	4	9	4	3	6	1	0	0	0	0	1	1	0	0	0	0	1	2	11	11	12	8	9	33	30	27	22	24	28	34	35	32	28	35	67	64	47	13	17	44	86	126	50	63	154	135	115	136	155	123	136	60	3	82	180	191	191	191	191	191	191	191	191	191	191	191	191	191	191	191	191	191	191	191	191	191	191	191	191	191	191	191	191	191	191	191	191	191	191	191	191	191	191	191	191	191	191	191	191	191	191	191	179	252	254	254	255	255	255	255
255	255	255	254	254	253	197	192	191	191	191	191	191	191	191	191	191	191	191	191	191	191	191	191	191	191	191	191	191	191	191	191	191	191	191	191	191	191	191	191	191	183	32	10	6	20	5	0	0	0	0	5	5	0	3	10	2	1	2	3	3	1	1	11	40	20	8	13	9	10	12	16	15	17	20	27	29	28	30	35	35	35	31	27	33	72	119	129	138	134	106	60	11	3	40	106	32	30	140	121	121	145	95	18	50	30	9	137	191	191	191	191	191	191	191	191	191	191	191	191	190	191	191	191	191	191	191	191	191	191	191	191	191	191	191	191	191	191	191	191	191	191	191	191	191	191	191	191	191	191	191	191	191	191	191	191	179	252	254	254	255	255	255	255
255	255	255	254	254	253	197	192	191	191	191	191	191	191	191	191	191	191	191	191	191	191	191	191	191	191	191	191	191	191	191	191	191	191	191	191	191	191	191	191	189	84	29	20	16	65	8	0	0	0	0	0	0	0	1	1	0	1	1	1	1	7	8	56	79	30	12	24	21	32	23	39	70	59	29	26	27	25	34	38	56	83	102	131	164	171	171	168	170	170	156	61	9	22	63	109	30	50	146	134	135	143	104	3	15	111	34	148	191	191	191	191	191	191	191	191	191	191	191	191	191	191	191	191	191	191	191	191	191	191	191	191	191	191	191	191	191	191	191	191	191	191	191	191	191	191	191	191	191	191	191	191	191	191	191	191	179	252	254	254	255	255	255	255
255	255	255	254	254	253	197	192	191	191	191	191	191	191	191	191	191	191	191	191	191	191	191	191	191	191	191	191	191	191	191	191	191	191	191	191	191	191	191	191	166	22	16	6	1	0	2	3	0	0	0	0	0	0	0	0	0	0	4	11	3	14	19	18	14	9	10	25	31	20	22	27	35	36	7	2	2	3	7	6	9	50	62	88	130	159	166	167	170	170	168	154	114	70	24	25	24	100	150	148	124	169	107	35	4	93	37	126	190	190	191	191	191	191	191	191	191	191	191	191	191	191	191	191	191	191	191	191	191	191	191	191	191	191	191	191	191	191	191	191	191	191	191	191	191	191	191	191	191	191	191	191	191	191	191	191	179	252	254	254	255	255	255	255
255	255	255	254	254	253	197	192	191	191	191	191	191	191	191	191	191	191	191	191	191	191	191	191	191	191	191	191	191	191	191	191	191	191	191	191	191	191	191	186	71	65	1	1	4	1	6	9	0	0	0	0	0	0	0	0	1	21	16	15	5	1	3	11	21	31	32	22	26	18	58	88	58	45	39	50	16	3	3	17	42	137	150	157	164	167	170	169	164	168	168	165	159	121	60	32	63	140	145	118	178	175	33	18	17	103	66	129	191	191	191	191	191	191	191	191	191	191	191	191	191	191	191	191	191	191	191	191	191	191	191	191	191	191	191	191	191	191	191	191	191	191	191	191	191	191	191	191	191	191	191	191	191	191	191	191	179	252	254	254	255	255	255	255
255	255	255	254	254	253	197	192	191	191	191	191	191	191	191	191	191	191	191	191	191	191	191	191	191	191	191	191	191	191	191	191	191	191	191	191	191	191	191	163	44	17	1	6	46	3	7	46	7	0	0	0	0	0	1	1	1	23	33	43	10	1	0	3	17	79	102	67	20	17	92	75	80	129	147	149	85	16	27	117	150	169	171	171	171	172	172	169	165	165	168	169	168	159	128	55	66	132	124	184	192	109	67	8	102	132	26	133	191	191	191	191	191	191	191	191	191	191	191	191	191	191	191	191	191	191	191	191	191	191	191	191	191	191	191	191	191	191	191	191	191	191	191	191	191	191	191	191	191	191	191	191	191	191	191	191	179	252	254	254	255	255	255	255
255	255	255	254	254	253	197	192	191	191	191	191	191	191	191	191	191	191	191	191	191	191	191	191	191	191	191	191	191	191	191	191	191	191	191	191	191	191	191	102	19	27	6	90	157	15	4	42	11	1	0	0	0	0	0	0	0	0	5	5	8	0	0	0	6	44	82	78	47	29	49	95	116	147	140	88	40	3	10	73	137	163	170	170	172	170	171	170	168	171	172	168	150	134	84	54	65	134	191	192	189	42	71	88	172	172	113	90	191	191	191	191	191	191	191	191	191	191	191	191	191	191	191	191	191	191	191	191	191	191	191	191	191	191	191	191	191	191	191	191	191	191	191	191	191	191	191	191	191	191	191	191	191	191	191	191	179	252	254	254	255	255	255	255
255	255	255	254	254	253	197	192	191	191	191	191	191	191	191	191	191	191	191	191	191	191	191	191	191	191	191	191	191	191	191	191	191	191	191	191	191	191	190	44	21	21	28	138	149	12	54	82	7	0	0	0	0	0	0	0	0	0	0	1	0	0	0	0	0	3	14	15	13	11	11	30	28	68	57	11	4	0	0	6	34	79	117	128	157	162	145	141	144	149	130	96	36	14	14	69	169	192	192	191	152	37	38	134	173	173	134	117	191	191	191	191	191	191	191	191	191	191	191	191	191	191	191	191	191	191	191	191	191	191	191	191	191	191	191	191	191	191	191	191	191	191	191	191	191	191	191	191	191	191	191	191	191	191	191	191	179	252	254	254	255	255	255	255
255	255	255	254	254	253	197	192	191	191	191	191	191	191	191	191	191	191	191	191	191	191	191	191	191	191	191	191	191	191	191	191	191	191	191	191	191	191	191	74	25	44	11	12	10	21	4	9	1	0	0	0	0	0	0	0	0	0	0	0	0	0	0	0	0	0	0	0	0	0	1	1	0	0	0	0	0	0	0	1	4	6	36	33	87	85	36	57	72	58	19	3	2	37	135	192	192	192	192	192	154	78	159	108	151	109	83	186	191	191	191	191	191	191	191	191	191	191	191	191	191	191	191	191	191	191	191	191	191	191	191	191	191	191	191	191	191	191	191	191	191	191	191	191	191	191	191	191	191	191	191	191	191	191	191	191	179	252	254	254	255	255	255	255
255	255	255	254	254	253	197	192	191	191	191	191	191	191	191	191	191	191	191	191	191	191	191	191	191	191	191	191	191	191	191	191	191	191	191	191	190	153	91	16	27	19	4	15	11	29	8	0	1	1	0	0	0	0	0	0	0	0	0	0	0	0	0	0	0	0	0	0	0	0	0	0	0	0	0	0	0	0	0	0	0	0	2	2	28	9	3	9	8	1	1	15	109	189	192	191	191	191	191	191	167	25	58	5	4	61	173	191	191	191	191	191	191	191	191	191	191	191	191	191	191	191	191	191	191	191	191	191	191	191	191	191	191	191	191	191	191	191	191	191	191	191	191	191	191	191	191	191	191	191	191	191	191	191	191	191	179	252	254	254	255	255	255	255
255	255	255	254	254	253	197	192	191	191	191	191	191	191	191	191	191	191	191	191	191	191	191	191	191	191	191	191	191	191	191	191	191	188	145	83	23	3	1	0	0	0	1	0	1	0	0	2	2	0	0	0	0	0	0	0	0	0	0	0	0	0	0	0	0	0	0	0	0	0	0	0	0	0	0	0	0	0	0	0	0	0	0	0	0	0	0	0	0	5	71	172	192	192	191	191	191	191	191	191	191	103	22	70	59	156	191	191	191	191	191	191	191	191	191	191	191	191	191	191	191	191	191	191	191	191	191	191	191	191	191	191	191	191	191	191	191	191	191	191	191	191	191	191	191	191	191	191	191	191	191	191	191	191	191	191	179	252	254	254	255	255	255	255
255	255	255	254	254	253	197	192	191	191	191	191	191	191	191	191	191	191	191	191	191	191	191	191	191	191	191	191	191	191	180	140	83	29	1	0	0	0	0	0	0	0	1	1	0	0	7	71	38	4	1	0	0	0	0	0	0	0	0	0	0	0	0	0	0	0	0	0	0	0	0	0	0	0	0	0	0	0	0	0	0	0	0	0	0	0	0	0	10	130	190	191	191	191	191	191	191	191	191	191	191	191	176	177	184	191	191	191	191	191	191	191	191	191	191	191	191	191	191	191	191	191	191	191	191	191	191	191	191	191	191	191	191	191	191	191	191	191	191	191	191	191	191	191	191	191	191	191	191	191	191	191	191	191	191	191	179	252	254	254	255	255	255	255
255	255	255	254	254	253	197	192	191	191	191	191	191	191	191	191	191	191	191	191	191	191	191	191	191	191	190	180	126	66	11	2	0	0	0	0	0	0	0	0	0	0	0	0	0	0	1	13	49	19	1	0	0	0	0	0	0	0	0	0	0	0	0	0	0	0	0	0	0	0	0	0	0	0	0	0	0	0	0	0	0	0	0	0	0	0	0	2	98	191	191	191	191	191	191	191	191	191	191	191	191	191	191	191	191	191	191	191	191	191	191	191	191	191	191	191	191	191	191	191	191	191	191	191	191	191	191	191	191	191	191	191	191	191	191	191	191	191	191	191	191	191	191	191	191	191	191	191	191	191	191	191	191	191	191	191	179	252	254	254	255	255	255	255
255	255	255	254	254	253	196	192	191	191	191	191	191	191	191	191	191	191	191	191	191	191	191	190	169	111	58	12	2	0	0	0	0	0	0	0	0	0	0	0	0	0	0	0	0	0	0	0	0	8	28	13	1	0	0	0	0	0	0	0	0	0	0	0	0	0	0	0	0	0	0	0	0	0	0	0	0	0	0	0	0	0	0	0	1	5	4	45	183	191	191	191	191	191	191	191	191	191	191	191	191	191	191	191	191	191	191	191	191	191	191	191	191	191	191	191	191	191	191	191	191	191	191	191	191	191	191	191	191	191	191	191	191	191	191	191	191	191	191	191	191	191	191	191	191	191	191	191	191	191	191	191	191	191	191	191	179	252	254	254	255	255	255	255
255	255	255	254	254	253	196	191	191	191	191	191	191	191	191	191	191	191	191	191	190	166	107	45	5	1	0	0	0	0	0	0	0	0	0	0	0	0	0	0	0	0	0	0	0	0	0	0	0	0	11	33	24	3	0	0	0	0	0	0	0	0	0	0	0	0	0	0	0	0	0	0	0	0	0	0	0	0	0	0	0	0	0	0	9	12	1	8	70	122	167	189	192	191	191	191	191	191	191	191	191	191	191	191	191	191	191	191	191	191	191	191	191	191	191	191	191	191	191	191	191	191	191	191	191	191	191	191	191	191	191	191	191	191	191	191	191	191	191	191	191	191	191	191	191	191	191	191	191	191	191	191	191	191	191	191	179	252	254	254	255	255	255	255
255	255	255	254	254	253	196	191	191	191	191	191	191	191	191	191	191	189	165	104	47	5	0	0	1	0	7	9	6	13	6	4	2	1	1	0	0	0	0	0	0	0	0	0	0	0	0	0	0	0	0	6	28	40	11	1	0	1	1	1	0	0	1	1	1	1	2	3	0	0	0	0	1	1	2	2	10	7	6	2	0	0	1	2	22	20	2	0	1	1	10	52	72	98	133	159	186	185	192	191	191	191	191	191	191	191	191	191	191	191	191	191	191	191	191	191	191	191	191	191	191	191	190	190	190	190	190	190	191	191	191	191	191	191	191	191	191	191	191	191	191	191	191	191	191	191	191	191	191	191	191	191	191	191	191	191	179	252	254	254	255	255	255	255
255	255	255	254	254	253	201	191	191	191	191	191	187	186	185	155	114	49	6	1	1	3	3	5	25	43	57	64	62	78	81	70	67	30	20	14	5	4	6	3	1	0	0	0	0	0	0	0	1	1	1	1	3	64	85	48	2	1	0	0	1	0	1	1	0	0	5	19	44	50	37	48	61	62	58	72	82	84	102	80	57	6	3	20	11	11	0	0	8	62	6	53	87	80	67	49	69	39	127	126	153	177	193	194	194	192	191	191	191	191	191	191	191	191	191	191	191	191	191	191	191	191	191	191	190	190	190	190	191	191	191	191	191	191	191	191	191	191	191	191	191	191	191	191	191	191	191	191	191	191	191	191	191	191	191	191	179	252	254	254	255	255	255	255
255	255	255	254	254	253	202	191	191	179	138	103	89	155	62	18	74	65	54	41	49	56	66	71	89	108	102	106	120	121	100	88	87	84	85	89	81	68	73	67	51	38	13	11	15	24	22	13	4	7	10	6	5	12	73	110	67	35	3	6	25	37	15	18	15	11	20	27	35	84	88	102	119	108	91	112	110	116	135	154	114	80	62	45	15	11	9	1	2	56	57	55	86	90	92	91	97	95	88	31	17	162	194	187	195	198	190	180	193	192	198	192	186	192	193	192	191	191	191	191	191	191	191	191	191	191	191	191	191	191	191	191	191	191	191	191	191	191	191	190	191	191	191	191	191	191	191	191	191	191	191	191	191	191	191	191	179	252	254	254	255	255	255	255
255	255	255	254	254	253	153	94	84	77	15	55	153	131	96	85	161	148	181	152	107	110	151	148	150	158	156	162	160	145	128	113	92	90	98	99	112	115	123	114	103	96	91	99	97	100	105	94	63	72	74	61	71	78	19	98	155	145	122	73	38	40	80	98	96	89	97	91	102	140	142	126	122	92	85	85	81	73	88	115	107	89	96	70	46	73	58	13	16	65	67	87	114	133	120	92	91	112	128	52	24	142	167	185	196	197	197	173	184	162	181	135	159	152	160	182	197	196	194	192	192	192	191	191	191	191	191	191	191	191	191	191	191	191	191	191	191	191	191	191	190	191	191	191	191	191	191	191	191	191	191	191	191	191	191	191	179	252	254	254	255	255	255	255
255	255	255	255	253	254	73	55	25	120	153	133	166	117	39	130	171	151	175	62	64	153	150	166	168	170	167	165	163	158	143	123	108	124	136	137	135	140	137	150	149	155	152	155	147	162	137	138	127	122	122	114	121	124	74	16	89	87	167	161	167	158	89	85	156	135	119	114	128	144	129	129	117	117	87	76	42	49	65	91	136	137	117	102	83	102	120	47	142	69	63	100	152	168	166	133	95	88	104	76	22	126	186	172	195	198	198	197	196	196	194	197	195	194	197	185	194	197	197	194	179	192	184	192	197	195	195	194	192	191	191	191	191	191	191	191	191	191	191	191	190	191	191	191	191	191	191	191	191	191	191	191	191	191	191	191	179	252	254	254	255	255	255	255
255	255	255	255	254	253	192	192	185	196	147	100	145	198	176	180	196	186	107	127	109	103	131	105	157	180	178	169	168	166	164	161	159	150	146	155	167	167	166	155	146	159	151	157	154	133	160	161	148	156	158	157	162	159	135	44	148	112	117	54	107	156	172	124	128	167	168	158	149	158	164	153	145	164	145	132	118	114	119	142	146	166	165	134	93	131	168	76	132	141	90	102	117	164	167	160	135	115	118	134	105	61	160	194	194	176	196	176	190	192	197	196	198	198	197	197	198	198	197	194	190	182	159	176	155	144	168	192	193	160	172	191	191	191	191	191	191	191	191	191	190	191	191	191	191	191	191	191	191	191	191	191	191	191	191	191	179	252	254	254	255	255	255	255
255	255	255	255	254	253	144	183	197	196	197	197	198	198	195	184	178	182	184	193	144	72	82	96	106	66	72	151	172	180	169	172	169	169	166	167	167	164	160	153	150	141	135	130	130	112	121	105	104	129	132	136	162	165	168	146	84	101	169	153	143	147	134	173	169	169	171	170	172	170	167	166	169	170	172	172	168	164	169	168	169	172	170	162	138	167	171	151	70	111	131	118	142	171	171	166	164	133	104	120	156	126	58	183	188	133	116	178	147	182	197	193	198	198	197	197	197	197	196	197	197	194	195	195	188	174	197	190	191	197	196	180	185	190	191	191	191	191	191	191	191	191	191	191	191	191	191	191	191	191	191	191	191	191	191	191	179	252	254	254	255	255	255	255
255	255	255	255	254	253	206	196	196	197	197	197	197	197	197	198	174	190	188	159	192	197	186	158	98	108	119	69	76	101	119	152	179	175	172	171	171	169	166	164	162	158	145	119	152	146	141	135	144	140	150	159	163	167	152	147	159	143	113	110	95	36	95	174	173	154	136	169	168	170	172	172	172	173	173	172	172	172	172	172	172	172	171	169	166	170	169	144	106	104	110	120	126	167	172	170	167	155	131	108	155	166	139	60	129	189	194	197	158	152	149	182	197	194	198	198	198	198	196	192	187	196	197	197	197	197	198	197	198	198	197	198	197	190	191	191	191	191	191	191	191	191	191	191	191	191	191	191	191	191	191	191	191	191	191	191	179	252	254	254	255	255	255	255
255	255	255	255	254	253	207	195	198	198	197	197	197	197	197	197	193	196	189	184	188	197	192	196	198	193	139	87	87	16	61	103	191	188	186	175	172	172	172	171	171	172	171	171	170	168	170	171	171	169	170	171	171	170	169	166	168	171	170	170	168	127	78	121	138	98	143	149	122	168	172	171	172	171	172	172	172	171	172	172	172	172	172	172	173	153	170	160	118	105	131	101	161	172	172	171	171	165	160	131	136	155	156	131	23	27	179	195	133	81	178	165	185	195	198	198	197	198	197	197	196	196	198	198	197	197	197	197	197	197	197	196	196	196	189	191	191	191	191	191	191	191	191	191	191	191	191	191	191	191	191	191	191	191	191	191	179	252	254	254	255	255	255	255
255	255	255	255	254	253	210	197	199	197	197	197	197	197	197	197	198	198	198	198	197	196	193	197	197	196	192	171	192	123	54	75	180	183	183	190	179	172	172	171	172	172	172	172	173	173	173	172	173	173	173	172	172	172	172	172	172	173	171	173	173	171	171	142	91	126	154	125	45	114	154	169	172	171	172	172	172	172	172	171	169	172	172	172	172	147	171	144	68	148	140	133	158	172	172	172	171	166	159	153	160	164	163	129	46	38	172	174	147	80	132	189	155	188	197	193	194	159	151	191	198	198	190	190	198	198	197	197	197	197	198	198	196	196	199	193	191	191	191	191	191	191	191	191	191	191	191	191	191	191	191	191	191	191	191	191	179	252	254	254	255	255	255	255
255	255	255	255	254	253	212	202	199	197	197	197	198	198	196	196	195	173	196	197	189	197	198	198	192	196	198	198	196	195	196	149	55	110	181	185	191	186	178	172	172	172	172	172	172	172	172	172	172	172	171	172	172	172	172	172	173	173	172	173	172	171	172	172	166	139	144	169	172	149	162	73	148	172	173	172	168	147	159	171	165	127	151	173	172	139	156	172	127	147	67	164	153	173	172	172	172	170	168	167	168	166	133	117	159	165	140	169	196	188	195	179	82	175	178	185	195	173	198	197	197	197	195	196	198	198	197	197	197	198	198	198	197	197	185	198	192	191	191	191	191	191	191	191	191	191	191	191	191	191	191	191	191	191	191	191	179	252	254	254	255	255	255	255
255	255	255	255	254	253	212	202	190	197	197	197	198	198	198	198	186	153	176	197	190	196	198	198	197	196	195	197	197	197	186	137	137	89	28	96	167	192	191	183	173	171	172	172	172	172	172	172	172	172	172	172	172	172	171	170	171	171	170	170	170	170	172	172	172	172	170	162	163	118	57	126	151	151	172	172	172	164	169	172	162	80	151	170	155	113	105	140	151	100	42	130	157	173	172	172	172	171	170	173	171	163	88	138	188	186	199	194	192	84	78	72	49	121	144	90	135	193	198	194	196	195	187	196	193	196	198	198	198	170	192	195	191	198	137	185	198	191	191	191	191	191	191	191	191	191	191	191	191	191	191	191	191	191	191	191	179	252	254	254	255	255	255	255
255	255	255	255	254	253	212	202	201	199	198	198	198	198	197	197	199	196	184	191	189	196	192	198	198	196	173	197	196	196	197	197	198	198	165	61	149	146	144	169	189	182	178	172	172	172	172	172	172	172	171	172	173	171	171	168	168	168	164	166	167	168	169	172	172	173	173	174	173	146	78	16	49	153	91	68	136	112	166	172	169	115	124	95	136	164	141	45	98	65	138	161	172	172	173	171	169	169	170	172	172	168	68	168	194	198	197	197	194	76	44	113	197	197	195	197	170	192	196	191	190	185	153	167	189	193	198	197	197	187	171	197	197	198	198	190	195	191	191	191	191	191	191	191	191	191	191	191	191	191	191	191	191	191	191	191	179	252	254	254	255	255	255	255
255	255	255	255	254	253	211	200	202	198	197	197	197	188	185	193	194	196	180	185	195	194	189	149	178	198	173	184	197	194	197	197	197	197	197	195	104	80	178	107	143	166	167	183	153	165	160	172	172	172	172	172	173	172	169	167	167	152	154	152	158	158	155	158	166	170	173	172	173	173	172	93	15	114	143	160	155	148	151	146	156	112	74	75	80	146	147	138	71	64	123	145	172	173	172	170	172	171	167	172	172	173	115	80	135	192	197	192	188	111	175	196	192	193	175	197	195	137	116	171	123	144	191	178	158	158	116	134	191	197	197	195	198	163	131	195	194	192	191	191	191	191	191	191	191	191	191	191	191	191	191	191	191	191	191	191	179	252	254	254	255	255	255	255
255	255	255	255	254	253	206	197	202	160	199	195	184	190	193	195	191	194	187	186	177	197	197	194	179	197	193	144	188	197	197	192	198	195	194	195	197	196	193	114	150	110	91	92	50	110	141	172	171	171	172	171	172	172	171	170	167	163	167	164	167	167	166	159	157	160	167	167	171	171	172	171	146	95	35	60	114	142	114	102	133	127	90	30	47	64	143	106	82	120	137	139	170	170	173	173	173	173	171	172	172	172	158	35	118	168	176	159	118	108	186	172	172	189	190	198	197	177	90	187	177	89	173	196	195	193	178	74	155	183	198	198	197	156	30	182	198	196	191	191	191	191	191	191	191	191	191	191	191	191	191	191	191	191	191	191	179	252	254	254	255	255	255	255
255	255	255	255	254	253	201	195	162	167	202	201	195	190	198	193	193	198	164	188	197	198	198	198	195	198	198	198	192	187	184	159	172	190	147	196	197	197	198	194	197	197	191	181	173	118	135	174	172	173	172	172	172	172	172	172	170	170	172	169	164	169	160	163	166	165	158	160	166	161	162	167	169	171	170	164	134	104	96	61	56	84	79	69	140	92	83	62	15	77	146	171	172	173	171	171	170	172	173	173	172	168	140	51	22	170	187	138	102	73	188	194	197	197	194	198	198	198	144	151	197	193	182	198	195	168	143	142	4	16	135	181	196	161	53	44	184	87	138	191	191	191	191	191	191	191	191	191	191	191	191	191	191	191	191	190	179	252	254	254	255	255	255	255
255	255	255	255	254	253	208	174	127	143	202	202	198	194	197	197	182	153	162	183	187	197	198	198	197	197	198	198	194	188	186	196	196	195	189	190	198	184	181	197	198	198	197	197	161	145	157	131	168	138	164	172	172	172	172	172	172	172	172	171	173	172	169	170	169	171	170	166	168	168	170	170	165	171	172	173	172	172	172	173	170	159	140	49	54	138	125	105	136	169	172	172	171	172	172	172	156	132	159	156	156	119	98	98	101	139	77	79	155	194	198	196	196	186	198	198	198	193	186	167	197	197	197	196	178	194	157	187	100	74	145	156	195	198	170	108	86	143	147	151	187	182	166	137	162	191	191	191	191	191	191	191	191	191	191	191	178	253	254	254	255	255	255	255
255	255	255	255	254	253	174	199	200	159	192	201	189	197	198	198	198	191	123	118	193	196	197	197	197	197	198	198	197	173	181	177	191	198	163	118	152	188	194	188	193	197	196	195	193	194	161	125	86	64	112	121	149	158	124	128	128	144	168	171	173	173	172	172	173	173	172	172	172	172	170	171	174	174	172	173	172	172	171	172	172	172	172	142	95	173	151	127	73	64	87	104	106	106	95	62	10	1	3	20	48	29	62	84	105	103	91	98	88	133	149	153	147	153	143	152	179	187	133	132	146	134	136	102	112	106	102	59	114	123	94	72	88	95	89	101	98	92	74	25	14	4	0	0	20	185	191	191	191	191	191	191	191	191	191	191	180	252	254	254	255	255	255	255
255	255	255	254	254	254	131	156	160	141	201	200	200	196	194	198	198	193	158	186	197	198	197	197	198	198	197	198	194	164	135	101	106	121	110	41	57	33	36	39	40	34	36	20	9	6	4	2	2	1	1	2	2	2	1	1	1	2	5	25	68	103	103	119	161	163	162	171	171	172	170	173	173	170	153	162	171	172	172	171	155	138	110	51	30	48	21	3	0	0	1	0	0	1	0	0	1	1	0	0	1	0	0	0	0	2	0	1	2	1	1	1	1	1	1	1	3	5	6	2	1	0	1	1	0	0	1	1	1	1	0	0	1	1	0	0	0	0	1	0	1	1	0	0	4	175	191	191	191	191	191	191	191	191	191	191	180	252	254	254	255	255	255	255
255	255	255	255	254	253	162	79	70	40	175	187	169	196	202	202	199	197	198	198	197	197	155	88	81	44	11	18	17	8	1	0	0	0	0	0	1	1	1	2	0	0	0	0	0	0	0	0	0	0	0	0	0	1	14	12	0	0	0	0	0	0	0	1	4	4	5	11	11	10	9	26	43	23	4	4	16	46	47	15	4	2	2	1	1	2	1	1	0	0	0	0	0	0	0	0	0	0	0	0	0	0	0	0	0	0	0	0	0	0	0	0	0	0	0	0	0	0	0	0	1	1	1	0	0	0	0	0	0	0	0	0	0	0	0	0	0	0	1	0	0	0	0	0	4	180	191	191	191	191	191	191	191	191	191	191	180	252	254	254	255	255	255	255
255	255	255	255	254	253	208	169	122	194	200	173	142	198	196	194	161	188	198	197	198	198	150	6	2	1	3	46	47	46	44	39	54	3	2	17	36	25	14	19	44	11	1	15	37	33	40	36	33	3	0	0	43	50	36	37	47	43	0	0	1	9	23	68	0	0	2	48	0	1	0	0	76	3	13	83	65	62	84	33	1	11	26	26	39	57	28	57	1	70	7	1	0	0	54	23	15	49	66	66	67	55	0	0	2	15	24	26	11	21	34	46	6	33	24	0	0	0	2	38	82	42	6	65	60	60	77	60	22	61	61	61	84	52	7	18	5	1	2	57	82	1	0	0	7	182	191	191	191	191	191	191	191	191	191	191	179	253	254	254	255	255	255	255
255	255	255	255	254	253	199	150	176	202	202	117	76	63	13	96	21	180	200	197	198	198	190	17	2	0	49	32	0	0	0	0	10	2	33	32	0	0	0	0	6	120	11	3	15	0	2	32	25	35	0	0	26	24	10	9	21	13	0	0	2	101	19	71	57	2	1	12	40	1	1	63	32	0	16	77	2	5	16	2	0	0	0	0	28	66	0	0	1	51	6	1	0	0	67	29	16	29	2	2	18	2	0	0	25	57	41	2	0	0	13	29	88	37	30	0	0	0	0	41	106	46	8	14	3	21	1	50	21	3	3	20	1	57	47	40	32	24	0	64	98	0	0	0	5	172	191	191	191	191	191	191	191	191	191	191	179	253	254	254	255	255	255	255
255	255	255	254	253	253	116	163	80	187	203	197	165	55	136	104	116	201	201	197	196	198	197	30	2	26	26	17	3	62	55	16	45	27	9	1	0	0	0	0	2	140	40	4	15	0	2	32	26	35	1	7	18	18	5	5	15	42	0	0	24	52	8	3	124	34	0	0	32	15	24	75	0	0	25	157	80	79	62	2	0	0	0	0	28	66	0	0	1	88	30	23	24	17	67	28	16	75	67	66	56	2	0	0	27	69	27	2	1	16	30	31	91	37	25	1	0	0	6	40	110	47	13	76	60	59	1	50	40	61	60	50	0	57	39	0	29	42	38	64	98	0	0	0	98	191	191	191	191	191	191	191	191	191	191	191	179	253	254	254	255	255	255	255
255	255	255	254	254	253	153	184	187	178	152	103	89	50	122	33	105	201	202	200	197	197	198	75	4	31	94	67	35	26	31	52	75	13	73	48	6	2	7	46	128	105	3	15	37	33	40	36	33	2	0	0	46	48	43	43	48	47	1	8	96	2	0	0	18	152	14	2	5	39	98	4	0	0	24	81	25	25	41	8	0	0	0	0	42	67	0	0	3	99	9	0	0	0	78	28	29	48	25	25	28	32	0	0	3	17	39	25	9	25	27	42	51	11	23	20	4	12	50	72	48	43	31	39	29	28	45	60	42	30	28	28	49	55	47	1	1	7	39	17	98	3	2	30	185	191	191	191	191	191	191	191	191	191	191	191	179	253	254	254	255	255	255	255
255	255	255	255	254	253	208	201	201	203	202	113	87	125	175	176	113	158	176	202	201	198	198	148	8	1	2	34	65	75	66	41	8	1	2	34	81	97	97	71	19	2	0	0	0	0	1	1	0	0	0	0	0	0	3	4	0	0	0	0	0	0	0	0	0	0	0	0	2	24	10	1	0	0	17	35	35	35	36	5	0	0	0	0	7	4	0	0	0	0	0	0	0	0	0	0	23	42	41	42	42	26	0	0	0	0	1	2	9	8	2	2	3	5	5	7	34	42	27	23	10	6	40	39	37	37	40	21	41	42	52	83	99	74	84	114	133	110	103	22	105	131	150	178	191	191	191	191	191	191	191	191	191	191	191	191	179	253	254	254	255	255	255	255
255	255	255	255	254	253	200	188	143	95	146	60	116	197	202	200	158	201	202	202	203	200	198	193	38	5	4	15	29	17	6	12	18	24	8	9	6	2	2	2	1	1	1	0	1	1	2	1	1	1	2	8	10	9	8	6	4	1	1	1	1	1	1	1	1	1	1	1	1	1	1	1	2	2	0	0	0	0	0	0	0	0	0	0	0	0	0	1	0	1	0	0	1	1	1	0	0	1	1	2	2	2	7	41	54	44	92	97	131	150	158	170	172	180	183	181	189	172	99	172	175	172	191	186	182	179	191	190	195	196	197	198	198	198	195	164	197	197	183	43	103	144	194	190	190	191	191	191	191	191	191	191	191	191	191	191	180	252	254	254	255	255	255	255
255	255	255	255	253	253	194	42	124	48	182	180	198	185	110	95	120	107	185	202	202	202	159	98	190	192	192	195	197	192	190	195	197	198	192	189	186	173	168	168	160	170	180	173	164	163	169	171	170	172	181	193	194	193	195	194	191	183	171	171	140	165	160	157	130	156	159	154	142	158	122	157	148	144	140	131	94	87	89	121	105	126	105	84	84	84	67	42	65	25	14	26	85	93	96	109	112	115	122	136	155	153	176	152	174	160	197	187	197	194	193	190	190	192	196	197	196	186	186	190	197	197	198	198	197	197	197	197	197	197	197	197	197	197	197	197	198	196	173	137	197	129	45	60	187	191	191	191	191	191	191	191	191	191	191	191	179	253	254	254	255	255	255	255
255	255	255	255	253	253	181	68	92	84	158	185	136	86	85	56	33	172	124	202	202	202	163	76	167	201	197	201	202	201	200	201	202	203	203	202	202	202	199	199	171	189	198	198	198	198	198	198	197	197	198	179	191	195	197	197	202	202	202	202	174	170	162	197	197	187	192	197	198	198	175	188	191	195	197	197	198	198	197	196	196	184	179	178	142	160	170	170	172	70	119	42	65	146	190	193	136	191	198	196	195	196	191	181	193	194	178	197	196	193	197	197	196	197	196	175	191	151	191	197	197	197	197	197	197	197	197	197	197	197	197	197	197	197	198	198	197	197	194	194	186	195	67	11	84	183	191	191	191	191	191	191	191	191	191	191	181	252	254	254	255	255	255	255
255	255	255	254	254	253	228	206	178	222	214	213	131	127	158	180	182	182	206	224	225	224	192	206	212	226	226	226	226	226	226	226	226	226	226	226	226	226	226	226	217	218	224	224	224	224	224	224	224	224	224	220	222	224	224	225	226	226	226	226	225	224	224	224	224	224	224	224	224	224	224	224	224	224	224	224	224	224	221	210	213	194	213	223	224	224	206	211	187	183	203	182	149	175	222	223	176	211	224	220	209	219	222	224	206	215	224	224	224	224	224	224	224	224	224	224	212	216	224	224	224	224	224	224	224	224	224	224	224	224	224	224	224	224	224	224	224	224	224	223	222	223	217	200	204	216	220	218	218	217	216	216	216	216	216	216	206	251	253	254	255	255	255	255
255	255	255	255	254	254	253	253	254	254	254	254	254	254	254	254	254	254	254	253	253	254	254	254	253	253	253	253	253	253	253	253	253	253	253	253	253	253	253	253	254	253	253	253	253	253	253	253	253	253	253	253	253	253	253	253	253	253	253	253	253	253	253	253	253	253	253	253	253	253	253	253	253	253	253	253	254	254	254	254	254	254	254	254	253	254	253	253	254	254	254	254	254	254	253	253	254	254	254	254	254	254	254	254	253	253	253	253	253	253	253	253	253	253	253	253	253	253	253	253	253	253	253	253	253	253	253	253	253	253	253	253	253	253	253	253	253	253	253	253	254	254	254	254	254	254	254	254	254	254	254	254	254	254	254	254	254	253	254	254	255	255	255	255
255	255	255	255	255	255	255	255	255	254	254	254	255	255	255	255	254	254	254	254	255	255	254	254	255	255	255	255	254	254	254	254	254	254	254	254	254	254	254	254	255	255	255	255	254	254	254	254	254	254	254	254	254	254	254	254	254	254	254	254	254	254	254	254	254	254	254	254	254	254	254	254	254	254	254	254	254	254	254	254	255	255	255	255	254	254	254	254	254	254	254	254	254	255	254	254	254	255	255	255	254	254	254	254	254	254	254	254	254	254	254	254	254	254	254	254	255	255	255	255	254	254	254	254	254	254	254	254	254	254	254	254	254	254	254	254	254	254	254	254	255	255	254	254	255	254	255	255	255	255	255	255	255	255	255	255	255	255	255	255	255	255	255	255
255	255	255	255	255	255	255	255	255	255	255	255	255	255	255	255	255	255	255	255	255	255	255	255	255	255	255	255	255	255	255	255	255	255	255	255	255	255	255	255	255	255	255	255	255	255	255	255	255	255	255	255	255	255	255	255	255	255	255	255	255	255	255	255	255	255	255	255	255	255	255	255	255	255	255	255	255	255	255	255	255	255	255	255	255	255	255	255	255	255	255	255	255	255	255	255	255	255	255	255	255	255	255	255	255	255	255	255	255	255	255	255	255	255	255	255	255	255	255	255	255	255	255	255	255	255	255	255	255	255	255	255	255	255	255	255	255	255	255	255	255	255	255	255	255	255	255	255	255	255	255	255	255	255	255	255	255	255	255	255	255	255	255	255
