46	52	57	66	66	57	54	51	46	46	45	43	46	46	45	45	51	52	49	54	58	62	67	65	59	69	80	84	88	88	69	53	56	56	56	60	65	66	66	66	62	58	53	49	49	50	51	58	61	75	96	106	106	96	82	78	78	83	83	84	95	106	106	98	91	89	93	90	89	96	94	87	87	84	88	92	101	110	116	109	90	78	66	75	106	102	80	77	79	83	77	82	73	60	55	62	71	72	68	70	70	68	72	85	80	68	77	81	74	67	65	63	78	83	82	86	84	78	77	79	79	82	81	95	111	113	106	103	104	112	109	106	100	97	104	96	94	99	98	88	88	86	82	92	98	78	71	81	91	91	105	129	137	109	108	99	107	93	99	108	100	92	90	91	99	109	102	115	109	123	112	95	110	96	90	82	82	81	119	126	131	129	130	128	100	91	84	83	85	84	88	112	84	88	92	83	73	71	97	110	86	80	95	90	76	83	71	75	61	51	53	50	48	53	54	58	57	44	45	45	49	37	38	40	40	37	42	49	50	50	61	35	27	52	31	20	16	17	30	55	54	51	46	51	56	55	70	52	52	61	59	58	47	41	41	40	33	34	31	34	32	33	34	33	48	61	58	50	45	61	50	37	26	28	26	27	27	27	29	31	32	34	32	34
60	59	57	57	56	54	56	58	53	46	38	39	44	46	45	45	46	48	49	56	55	49	56	57	56	61	74	72	65	64	63	65	65	66	76	79	71	73	71	65	64	64	65	64	64	66	71	79	82	87	85	83	85	86	87	87	97	100	99	104	107	109	109	99	93	102	109	104	94	90	89	86	84	85	87	85	79	84	84	77	86	86	72	72	79	77	76	80	70	76	77	75	69	61	55	59	63	67	67	73	77	79	87	93	94	97	93	89	85	82	80	85	83	78	88	98	101	96	88	84	85	92	93	97	93	75	84	99	109	104	97	92	92	97	94	90	101	115	117	116	114	104	106	108	122	124	107	94	88	97	98	115	136	123	110	107	110	109	105	102	119	120	104	106	110	98	100	99	109	106	114	108	107	102	116	102	118	130	146	152	143	138	128	115	105	105	96	89	86	89	91	86	77	103	89	71	77	72	68	70	81	94	64	58	62	73	73	83	61	49	49	49	53	32	41	35	32	43	42	43	47	46	57	47	58	65	49	35	58	54	52	48	38	35	31	29	28	31	47	57	64	60	59	61	72	65	66	59	53	52	49	53	49	44	42	40	44	37	34	38	39	32	32	39	76	81	64	63	53	46	39	24	31	26	29	31	33	33	36	36	38	38	36	39
61	56	52	52	49	48	51	55	56	50	45	44	46	45	46	52	54	53	60	67	61	58	59	57	51	55	68	65	53	54	61	63	61	62	71	76	66	64	68	71	64	63	71	74	76	73	75	81	84	84	81	82	81	80	88	92	95	96	97	110	127	128	122	122	121	113	105	88	76	79	75	70	67	70	77	84	82	88	87	78	83	93	102	102	101	100	88	74	75	74	74	75	73	69	70	78	83	83	82	89	98	108	105	97	97	98	88	92	94	89	97	98	100	98	100	107	123	123	109	95	92	102	105	112	121	116	104	95	91	90	87	85	91	106	107	108	99	102	113	112	114	104	90	80	100	112	110	113	118	107	113	130	135	125	114	110	110	112	108	105	106	104	118	113	105	107	115	127	122	149	153	123	120	125	129	121	122	123	124	114	107	114	133	136	111	103	106	94	99	92	109	109	95	105	106	110	118	97	73	63	71	87	85	90	98	71	58	66	70	63	68	69	64	51	53	44	36	39	31	28	30	62	71	59	53	55	46	46	54	59	56	56	48	43	45	45	43	53	56	53	58	65	63	67	66	61	62	49	43	45	44	49	49	44	43	39	40	39	40	34	36	35	35	56	89	75	59	57	52	39	33	29	31	31	35	41	45	46	51	54	54	56	56	60
68	68	68	66	59	49	51	56	55	51	49	54	56	51	49	60	65	63	66	61	58	61	62	56	51	54	57	53	58	64	62	60	61	62	64	70	70	66	75	75	73	73	72	78	79	74	79	89	109	101	82	77	76	79	84	85	85	96	114	123	130	114	103	111	118	118	124	132	136	122	100	96	101	103	100	95	95	98	99	87	81	80	80	81	78	73	70	71	73	79	82	86	92	100	106	105	98	97	96	99	107	104	103	101	94	93	95	98	92	88	94	98	102	106	115	110	101	101	99	102	102	99	100	106	118	124	127	135	133	116	108	108	105	101	103	110	102	99	98	97	100	100	97	99	97	104	105	96	88	95	111	125	117	109	115	108	119	123	124	119	100	95	114	113	96	84	91	122	126	151	124	123	130	124	108	106	106	114	114	130	157	152	145	151	151	155	148	112	103	121	124	132	152	165	154	155	164	109	90	90	97	123	120	103	84	61	57	58	56	56	62	75	66	63	55	57	50	54	49	40	38	42	42	53	47	45	50	71	71	60	58	56	63	69	50	45	46	45	43	42	38	43	51	54	52	46	49	45	44	44	48	46	43	41	39	40	38	43	36	34	31	30	33	37	50	56	57	65	76	48	35	35	37	38	39	46	46	47	51	55	57	65	63	53
60	62	59	58	54	51	58	55	49	41	43	58	62	53	51	54	49	43	47	54	55	54	63	67	67	65	64	65	70	69	65	66	70	69	70	78	79	76	75	74	72	72	76	73	73	77	87	94	103	101	94	96	100	101	103	104	101	104	115	128	132	123	114	112	111	107	105	104	102	96	97	99	104	110	114	116	113	112	112	106	100	98	99	95	88	86	89	84	85	97	93	91	85	80	78	77	79	78	79	76	79	87	93	98	101	103	97	97	100	100	104	104	102	100	103	106	92	91	102	121	129	122	120	122	129	125	109	141	134	112	101	101	109	107	113	109	103	105	95	93	101	100	92	96	94	98	92	82	83	85	84	109	107	108	112	109	111	122	118	105	98	116	98	87	117	114	102	112	82	81	98	123	119	103	108	95	122	131	134	141	147	145	142	144	177	165	144	110	97	105	114	111	105	126	119	136	147	153	153	136	143	144	123	104	100	88	68	69	74	70	70	60	56	46	56	55	55	66	67	62	53	48	56	60	50	55	55	59	63	66	71	57	49	41	37	39	45	39	46	52	44	46	46	48	49	52	50	64	58	53	42	47	45	46	44	42	41	38	34	33	35	39	42	34	37	41	40	52	72	52	36	40	40	39	44	46	47	52	59	65	65	61	66	64
62	62	60	56	53	64	69	58	53	54	59	61	66	76	72	53	51	55	57	57	53	50	58	68	73	67	59	59	66	69	68	71	74	72	73	79	80	81	79	77	73	84	94	84	75	78	81	91	93	82	90	100	92	101	116	110	98	98	117	123	122	113	102	105	105	102	99	104	104	102	104	107	106	102	98	86	88	103	112	113	116	118	114	106	93	95	100	94	85	82	86	93	88	83	89	92	95	98	94	98	107	111	118	118	121	125	116	112	113	115	112	109	108	103	102	103	100	106	110	119	122	124	125	121	124	129	118	114	117	116	118	118	103	104	103	100	93	94	96	90	81	78	72	85	82	86	80	88	97	104	93	94	96	102	114	126	108	105	101	102	101	102	96	102	109	108	101	103	93	84	98	122	119	122	121	125	125	112	111	102	123	125	103	121	147	129	103	128	137	129	130	127	123	129	124	136	131	132	132	135	129	125	114	113	115	95	85	88	99	98	96	98	107	86	81	82	79	68	70	68	55	47	66	69	78	67	54	53	57	61	62	57	42	39	37	31	41	47	48	55	50	47	51	48	50	57	84	71	55	73	69	45	40	45	51	47	44	43	40	34	35	41	60	48	41	40	49	66	74	67	49	49	46	48	42	47	48	49	54	59	59	66	61	63
62	67	71	63	56	71	73	65	59	59	60	57	61	69	65	61	65	67	66	67	63	60	62	63	62	63	61	59	65	69	67	65	71	74	77	86	80	78	85	80	77	84	86	87	86	91	101	101	92	95	99	97	96	94	101	103	91	99	111	114	118	114	106	106	114	117	116	115	108	106	112	121	122	110	107	109	117	118	115	111	105	103	105	104	94	83	85	93	95	89	93	96	94	101	108	105	102	109	108	106	108	111	112	106	107	109	118	125	119	115	111	112	98	91	96	98	96	92	97	106	110	121	123	118	117	105	108	108	103	97	82	88	93	86	84	86	93	105	109	108	110	95	88	105	120	126	124	121	152	164	141	104	94	90	98	101	111	109	91	89	96	93	78	93	111	110	95	99	103	108	129	124	128	120	115	102	106	111	126	140	136	125	129	132	129	113	107	121	128	128	124	121	131	135	147	132	115	109	118	121	127	128	132	120	136	138	132	130	128	115	107	99	96	94	86	75	67	61	66	69	80	60	72	68	60	57	49	50	45	45	61	54	46	44	52	49	40	46	48	52	64	74	72	72	74	76	80	61	48	52	60	59	58	48	52	51	54	51	53	64	49	46	66	59	43	49	52	48	77	76	48	43	41	41	39	46	51	50	50	58	55	53	52	53
62	67	71	67	61	61	56	55	61	65	64	65	62	63	73	78	71	65	67	72	69	61	63	61	60	60	66	76	88	106	94	65	62	62	65	80	96	101	101	103	96	92	90	94	92	95	97	100	97	99	96	94	103	105	106	106	102	95	96	106	114	115	114	111	124	136	133	118	113	113	110	105	107	108	102	102	116	115	116	117	114	109	96	95	96	91	86	82	88	85	94	98	105	109	106	101	106	104	107	108	106	101	99	104	117	122	128	130	128	139	138	118	103	102	109	103	107	108	109	111	110	107	115	121	109	103	106	113	112	105	104	96	96	83	83	89	92	105	108	115	113	107	106	109	114	115	116	136	134	137	148	146	133	113	122	119	103	94	95	95	94	104	107	106	119	117	124	116	125	137	135	125	113	119	138	150	132	131	127	137	137	129	129	130	148	163	141	110	115	135	127	107	112	118	122	127	135	144	151	140	125	118	109	105	103	111	127	133	99	88	81	90	79	83	79	76	77	74	76	75	70	70	65	68	65	68	62	54	53	52	48	47	43	43	60	57	61	56	43	48	71	58	56	53	55	60	60	60	54	56	60	57	61	73	74	76	74	55	44	49	49	45	42	40	38	40	39	43	64	87	49	42	45	45	50	54	62	66	66	65	65	60	58	60
70	63	59	59	57	58	56	58	63	64	65	69	73	83	102	109	87	75	73	68	62	59	65	67	63	60	61	69	70	81	86	85	88	77	69	69	75	81	85	94	97	101	104	103	102	100	96	96	96	94	96	102	99	101	101	105	112	102	97	94	94	100	106	111	110	109	109	113	115	101	103	101	105	104	107	111	117	121	120	118	115	104	99	99	106	112	111	108	113	108	104	105	109	110	104	108	122	123	114	106	102	93	93	101	105	112	111	116	114	114	115	116	116	109	106	111	111	113	106	100	104	113	120	118	117	108	95	84	84	92	112	112	102	100	109	124	115	107	119	127	125	128	121	132	136	133	127	129	133	132	126	130	139	143	152	166	150	127	103	105	88	90	92	112	123	106	103	118	116	122	122	124	109	105	94	95	100	98	104	115	128	110	113	112	115	124	135	122	117	127	133	132	129	134	120	119	102	104	97	97	102	100	94	96	100	101	109	103	103	96	104	92	102	82	85	89	110	110	98	99	96	69	57	64	67	70	70	70	57	51	32	65	64	61	55	54	57	70	58	58	60	63	62	60	64	61	68	66	54	51	61	57	54	56	74	91	80	52	48	43	46	45	47	48	50	49	49	47	67	100	59	56	58	61	59	64	75	72	67	68	75	77	74	72
87	83	72	62	62	61	57	56	61	66	69	75	84	89	94	87	81	80	75	72	68	62	66	71	71	72	64	62	64	73	80	86	97	91	73	75	75	72	73	84	87	87	90	94	100	100	93	85	88	93	97	103	102	98	101	107	103	103	109	106	107	109	109	107	111	115	113	114	110	103	111	119	116	108	112	117	121	126	123	117	116	111	107	101	102	100	95	97	99	97	97	101	105	115	121	136	151	150	129	116	112	107	114	111	126	156	170	167	168	175	155	138	121	118	124	129	126	116	130	130	129	103	97	99	113	110	110	115	105	94	101	102	103	102	97	111	127	107	98	105	106	102	100	101	102	102	94	105	114	122	121	122	119	105	106	104	95	104	116	108	87	106	115	133	131	130	133	132	130	129	136	140	126	136	141	138	123	114	118	141	145	133	120	107	100	121	129	123	129	135	114	117	120	109	105	118	109	106	93	108	125	129	127	137	131	122	122	131	108	123	113	98	102	94	97	93	112	121	80	82	82	79	72	77	79	81	63	66	66	62	45	49	64	72	62	58	71	81	64	52	64	67	65	65	66	67	78	79	74	74	84	73	73	66	57	52	45	46	46	46	51	53	49	49	57	51	46	63	101	118	79	75	68	74	67	71	75	72	71	69	69	68	69	68
74	75	75	78	81	77	72	65	66	68	74	90	99	90	82	75	73	74	70	70	72	68	66	78	73	63	59	65	80	84	83	86	89	101	93	84	78	75	79	93	97	96	101	106	100	94	97	101	106	103	101	100	105	113	118	125	129	129	131	122	118	123	128	125	119	120	116	117	114	115	112	108	107	113	114	114	118	117	114	114	113	110	105	101	100	100	101	100	105	101	109	142	152	157	153	150	152	133	127	131	123	117	116	127	142	147	139	137	130	115	96	93	90	99	115	114	107	105	123	122	100	90	90	98	103	100	97	92	85	81	80	82	87	106	125	140	134	128	126	118	111	107	106	106	107	113	119	132	137	140	136	123	115	104	101	100	94	97	90	86	83	109	152	175	151	148	151	150	154	141	135	129	134	131	138	135	140	141	130	116	130	128	119	112	113	127	127	122	109	106	99	99	112	98	105	100	101	120	122	119	122	125	132	124	128	130	125	110	109	110	89	100	109	111	116	124	116	101	95	96	85	86	80	72	63	70	69	75	77	69	59	57	54	61	58	54	65	68	70	67	70	66	66	77	83	70	57	63	64	68	70	61	61	65	61	54	48	49	46	48	48	45	43	45	56	59	63	73	116	112	64	77	80	77	81	72	76	78	74	76	79	80	84	83
49	49	60	74	83	103	103	92	86	82	82	90	90	80	77	74	78	84	88	83	77	76	97	104	93	75	64	68	76	83	85	82	83	82	91	92	92	90	94	102	109	113	119	109	102	104	113	111	105	112	118	118	117	120	120	118	117	115	113	116	111	99	109	121	123	124	123	125	129	129	110	99	98	112	112	111	116	121	121	117	122	122	111	105	101	105	111	115	118	121	123	127	142	160	167	169	164	146	133	131	126	109	98	114	125	109	94	89	91	79	87	123	153	165	172	173	168	151	109	97	112	111	102	84	75	74	80	82	94	103	121	140	133	117	97	69	76	84	78	75	87	87	76	86	90	98	96	91	88	79	99	118	122	137	131	109	105	104	93	95	89	98	109	109	124	138	153	159	169	164	169	133	144	144	122	122	119	112	117	98	108	131	143	150	151	146	130	141	135	143	139	145	145	148	162	142	132	135	119	130	115	129	142	141	124	98	115	117	122	113	97	111	105	115	127	128	127	125	107	105	99	87	64	69	70	65	62	57	64	60	59	76	56	59	63	61	68	77	87	77	74	69	76	95	108	83	66	73	84	77	79	70	55	70	65	60	51	43	44	43	45	50	46	42	52	50	60	61	62	62	66	73	69	67	68	66	60	63	62	62	66	62	61	60
49	52	57	60	63	75	77	76	74	80	86	89	85	74	70	69	67	77	86	84	83	81	93	83	78	80	67	65	73	79	80	73	81	77	71	75	85	72	71	78	81	82	94	96	97	100	108	96	85	92	94	95	104	101	103	107	102	103	103	101	101	101	103	105	110	109	105	98	99	108	104	103	111	125	135	139	140	145	150	151	148	138	123	113	108	109	110	117	122	140	153	153	163	159	158	131	128	157	161	131	117	108	100	107	112	100	96	108	105	99	97	115	123	113	115	140	129	119	102	78	72	74	73	78	68	71	88	112	164	164	122	100	87	90	86	85	88	83	83	84	83	101	105	104	109	115	107	113	116	108	88	97	82	60	88	123	145	114	102	105	91	78	126	127	129	129	132	123	136	134	139	137	140	157	155	168	170	168	175	166	148	127	137	137	132	134	120	124	122	138	132	118	135	135	151	118	105	115	112	130	120	124	130	133	122	121	118	107	109	96	103	112	109	112	111	103	121	115	119	115	89	89	97	96	73	77	79	78	69	65	68	57	51	48	45	64	83	90	86	80	73	87	77	100	99	88	68	69	66	57	60	65	82	98	98	74	72	69	54	50	50	47	47	47	52	49	52	62	69	81	103	89	69	71	76	77	71	72	67	60	71	65	66	59
58	59	53	52	62	59	59	65	68	87	114	111	86	74	82	92	101	113	123	127	120	88	69	72	77	79	68	59	67	72	69	63	65	79	79	82	96	93	89	82	81	83	97	107	117	121	124	115	106	107	114	108	107	127	150	149	137	133	127	129	133	130	127	123	122	120	109	112	121	126	128	130	124	127	140	140	139	127	128	125	125	115	102	98	103	109	112	122	124	127	130	122	123	126	151	137	112	114	114	112	118	119	115	108	95	90	89	80	72	79	78	84	91	94	93	79	80	79	78	81	67	58	68	66	68	116	178	175	144	121	97	110	103	77	69	77	83	77	87	97	108	127	126	128	123	126	125	129	123	110	128	111	89	75	69	67	88	152	130	111	129	143	119	122	126	138	139	139	146	141	141	129	127	129	134	130	125	113	131	145	148	170	168	135	137	139	139	142	136	142	143	139	170	170	140	140	140	150	119	137	134	124	133	124	125	130	121	119	148	151	143	130	139	138	136	136	123	112	120	111	103	112	111	92	92	103	108	104	98	91	78	78	76	61	53	61	72	93	101	90	87	88	99	117	123	120	107	105	99	91	80	72	88	87	96	88	72	79	67	67	54	61	61	59	71	81	70	71	83	97	99	85	73	65	68	66	72	60	67	62	61	68	72	72
55	57	52	47	55	59	61	66	74	89	108	103	84	74	84	97	115	125	116	121	127	89	69	88	87	87	87	81	78	69	66	75	84	92	84	78	94	100	91	68	55	68	81	93	104	112	107	89	81	87	95	100	103	121	132	118	109	103	107	113	118	127	132	128	122	117	106	111	116	118	119	114	114	124	150	169	171	165	148	140	144	138	130	128	131	131	125	135	151	164	175	163	146	120	123	117	113	112	107	111	115	108	92	94	95	80	79	96	107	105	103	116	112	93	85	95	101	95	103	100	86	82	87	95	157	186	126	110	125	117	98	107	96	74	72	73	95	129	133	143	138	134	134	131	128	127	123	118	111	118	99	104	84	92	82	82	89	96	108	127	92	93	115	119	118	125	129	137	141	143	143	135	137	140	141	135	130	129	119	132	127	105	107	116	126	119	112	113	114	120	124	131	137	133	134	127	133	133	129	140	133	138	137	133	131	118	123	112	127	139	112	107	125	129	129	110	109	120	105	106	115	110	110	101	101	97	106	100	101	105	110	112	103	80	80	96	97	108	112	103	94	94	98	98	113	107	99	101	105	100	98	80	72	65	78	85	69	71	79	83	75	82	96	87	69	68	70	73	84	71	59	67	64	64	68	78	73	63	56	65	62	58	65	73
54	54	42	44	50	49	49	60	93	111	100	90	85	75	75	75	79	84	83	80	80	76	78	82	75	76	81	73	64	68	81	83	84	87	101	93	97	99	106	98	86	85	98	102	105	106	100	101	105	110	104	98	101	106	109	109	103	105	111	113	114	113	111	114	121	135	146	140	130	143	155	142	139	139	131	159	177	175	145	128	121	118	130	124	109	107	110	111	115	114	107	109	130	150	175	163	127	120	120	116	123	119	115	108	104	108	112	108	113	119	118	138	124	89	70	75	104	107	83	89	91	84	122	200	163	107	115	109	107	108	94	91	79	82	61	126	166	136	130	137	136	140	152	145	140	137	134	129	114	101	117	113	105	86	87	87	102	87	86	62	122	102	93	111	117	111	116	120	133	133	128	138	123	135	125	130	131	126	128	133	141	137	114	119	138	140	136	135	132	149	161	125	136	142	149	159	161	153	148	148	144	155	149	147	152	151	129	120	130	134	138	141	146	140	124	130	121	106	91	99	108	110	103	102	96	99	96	98	111	105	98	87	102	107	106	100	98	102	115	112	92	81	77	85	93	88	60	71	88	84	73	70	69	62	65	79	67	67	64	69	74	80	88	76	58	61	65	62	68	80	88	93	78	73	76	75	71	65	59	67	68	69	68	71
63	62	53	57	62	56	60	89	110	97	84	81	81	87	89	91	91	89	83	80	80	87	96	85	85	91	101	95	81	81	83	77	72	73	89	80	64	68	78	77	75	81	92	98	92	99	113	119	111	116	126	125	111	93	99	107	103	119	137	127	102	98	103	109	114	112	115	106	103	108	133	152	157	143	113	120	154	163	136	116	116	135	144	145	140	132	125	109	100	104	117	124	125	175	181	177	182	183	184	166	160	151	156	154	165	160	128	120	118	123	123	126	125	147	137	133	130	118	106	95	114	165	183	157	125	92	83	86	81	88	93	88	65	53	79	175	133	126	126	133	139	145	153	155	153	143	146	141	136	137	135	130	128	115	86	86	89	100	106	70	89	110	108	60	68	82	99	101	106	97	104	124	113	135	132	128	129	130	138	142	138	123	126	126	139	150	138	127	134	121	115	126	125	135	130	136	133	143	150	151	146	149	139	122	131	128	126	138	134	117	123	123	135	135	123	116	89	101	89	91	90	101	105	108	109	125	125	103	89	87	84	82	82	82	86	78	84	92	97	99	104	93	81	83	89	92	82	82	85	84	82	74	69	77	72	76	79	81	92	99	106	122	86	71	68	60	65	72	68	74	71	77	72	70	67	62	66	65	64	64	73	74	73	71
61	61	61	61	72	71	71	79	82	76	80	83	77	78	84	82	74	69	74	77	77	76	83	78	73	79	83	80	77	80	87	90	90	87	87	104	86	79	88	94	97	103	101	108	115	106	108	117	125	128	135	132	128	125	123	127	123	126	138	133	125	127	127	117	114	117	127	128	120	114	110	111	110	105	107	112	127	139	122	112	113	115	114	114	116	106	108	114	150	187	191	187	157	156	153	150	160	148	154	149	155	164	173	188	193	177	133	94	87	105	119	98	101	112	114	115	93	81	82	121	188	166	134	128	108	96	76	82	81	83	88	78	71	42	155	145	131	132	133	137	132	139	159	161	156	155	156	163	155	149	152	145	137	115	97	86	78	86	91	78	104	106	93	126	95	54	61	67	65	71	74	79	89	100	126	144	134	124	120	129	140	143	138	133	134	141	149	150	146	129	128	123	127	136	147	147	144	139	122	132	115	107	105	130	133	135	129	128	150	155	147	145	152	118	109	104	95	104	97	100	102	97	91	87	88	92	104	96	76	68	75	80	89	88	86	88	90	99	101	96	94	93	92	88	84	89	82	76	76	75	78	70	75	76	78	81	78	70	66	66	78	92	82	81	89	89	83	75	62	62	72	71	65	65	67	73	71	72	70	73	64	62	77	79
60	62	60	62	70	69	77	81	70	65	68	74	80	79	73	61	62	68	72	73	79	85	93	90	82	91	82	82	83	83	87	84	83	85	92	100	110	103	99	100	105	100	100	99	92	83	79	83	89	98	105	107	111	98	93	99	99	99	97	90	91	103	111	117	121	107	99	104	108	107	103	101	99	103	111	129	153	152	129	116	115	108	112	118	118	118	154	178	192	199	197	194	156	115	148	166	176	181	177	164	172	177	183	180	170	93	48	46	37	51	66	53	65	76	83	69	78	133	164	153	137	131	102	91	82	94	85	92	96	86	83	78	71	32	138	153	144	142	144	152	154	158	156	154	162	161	164	143	160	157	150	150	146	128	99	77	85	88	90	96	105	95	101	89	102	126	112	79	70	71	70	55	58	51	60	82	108	111	96	92	111	111	80	82	74	68	73	77	78	92	75	70	76	89	90	96	113	115	132	146	147	120	122	141	145	158	135	123	140	139	139	137	128	118	105	113	104	87	84	80	75	84	79	95	98	101	98	76	65	66	74	69	70	67	75	89	79	82	78	71	71	82	87	79	87	88	82	80	90	92	82	77	77	85	97	99	86	85	85	79	83	78	82	76	71	82	84	83	82	80	79	77	83	79	74	70	77	74	73	67	68	60	67	65
64	72	75	81	78	77	100	93	79	69	69	70	75	76	74	69	76	84	89	85	82	84	89	91	90	88	86	88	83	91	91	86	95	112	105	83	88	86	90	102	106	105	102	97	93	94	97	96	104	120	123	122	128	125	123	123	125	110	95	104	109	105	104	106	110	114	107	110	114	109	107	109	108	115	104	99	118	125	135	140	132	121	132	148	148	157	167	160	167	182	188	188	186	156	121	152	166	172	178	178	185	187	194	197	173	61	35	45	67	71	66	64	83	109	131	157	152	122	100	89	80	89	87	81	81	88	92	99	92	73	82	90	92	56	69	137	145	150	155	156	148	137	136	142	159	162	158	155	162	159	158	154	144	102	102	58	82	94	100	122	115	107	112	111	111	106	98	123	127	119	94	70	41	37	34	44	62	54	33	41	85	110	113	92	120	121	112	101	95	112	115	115	114	125	133	141	138	139	136	136	127	128	136	142	137	160	153	143	145	120	129	126	130	116	115	119	110	92	80	75	72	82	93	90	92	94	69	69	68	56	74	80	90	105	85	91	94	97	91	96	102	98	91	91	102	101	97	96	94	87	84	91	91	99	98	97	75	80	76	79	83	84	80	79	74	68	70	63	57	71	80	72	77	86	76	68	65	70	78	78	73	77	78	76
54	57	67	80	110	126	101	79	74	74	83	85	82	77	77	78	77	80	88	90	89	88	91	95	93	88	81	74	70	81	84	95	98	103	93	91	92	88	85	99	112	109	102	99	94	95	99	99	105	100	98	99	110	124	128	131	132	129	123	130	137	133	121	119	102	104	107	112	127	121	112	112	108	110	111	107	129	142	132	139	126	131	137	136	139	132	128	146	165	177	164	155	174	187	165	166	170	144	129	125	125	142	192	169	77	54	53	76	78	89	154	154	149	125	103	92	94	77	80	88	87	85	82	85	93	92	75	82	97	96	106	104	93	77	61	71	139	163	158	149	143	145	135	141	153	156	158	163	161	144	128	122	121	99	71	58	89	109	111	112	118	108	116	107	113	98	99	95	101	88	88	118	126	141	87	86	79	78	85	84	77	86	136	129	112	92	97	95	92	123	129	127	111	117	135	123	122	119	122	124	131	132	130	127	135	140	134	124	124	120	125	113	106	100	112	108	111	101	92	79	64	68	79	92	101	108	101	92	82	96	96	100	102	100	104	123	120	103	102	86	115	133	150	148	116	110	102	109	115	113	112	115	115	121	118	104	97	90	79	79	69	65	84	87	86	88	100	96	98	91	94	86	78	83	89	82	98	102	106	98	92	91	90	76
91	73	75	80	100	127	111	80	80	79	84	88	83	80	84	84	85	84	87	91	90	90	91	84	81	76	82	90	89	97	103	93	79	84	93	92	91	80	82	88	94	98	97	97	95	95	95	103	103	94	99	118	128	108	106	99	100	103	104	106	112	106	100	99	102	101	103	115	113	116	99	100	101	111	106	105	112	132	144	170	174	163	135	131	128	121	127	130	137	138	125	122	130	133	121	118	116	113	119	120	118	153	153	79	92	92	112	85	87	178	150	138	132	111	90	87	86	89	86	80	95	102	110	102	96	82	86	99	105	108	119	112	88	79	74	104	84	104	140	150	153	155	158	147	144	135	125	114	119	93	91	115	96	95	84	82	101	113	103	107	119	119	116	116	103	93	99	92	78	77	90	91	81	87	147	60	69	73	85	81	96	75	103	123	114	112	107	114	106	113	134	146	146	137	128	134	140	132	134	125	116	98	120	101	114	133	133	126	125	147	141	127	123	120	112	124	118	101	95	83	81	96	104	98	97	90	86	83	93	87	80	82	81	83	105	114	112	112	110	108	106	125	134	137	139	141	126	118	112	110	101	100	99	97	97	93	81	86	84	88	72	75	91	92	91	86	86	90	80	79	82	79	75	89	87	84	87	92	86	79	77	72	83	90
91	90	91	85	83	80	79	75	74	76	81	84	84	87	91	90	88	91	83	82	91	94	94	88	83	83	87	96	96	100	100	91	86	89	88	89	94	96	105	100	85	84	90	89	85	78	76	88	94	91	91	106	114	97	105	113	111	112	106	117	121	110	105	107	108	117	125	123	110	113	123	116	116	100	103	109	128	158	147	143	139	132	138	144	135	124	124	121	122	159	182	184	182	163	161	157	137	124	108	101	95	95	128	142	102	90	80	71	81	140	115	121	117	115	90	76	87	86	93	112	148	149	154	121	104	97	107	108	107	104	119	115	113	121	96	116	80	67	76	99	121	128	138	141	137	128	125	126	114	136	104	100	75	94	107	107	106	105	110	106	107	115	111	115	86	83	96	95	88	79	88	84	93	123	200	56	62	70	69	85	79	88	103	116	123	109	109	102	96	90	115	123	150	155	141	128	120	136	145	131	146	147	147	144	143	147	147	157	145	139	131	119	140	135	142	135	122	115	94	99	102	100	109	110	112	103	91	83	82	85	84	98	85	83	92	76	85	89	106	115	123	121	120	130	129	124	123	120	120	124	121	119	118	116	118	114	109	108	95	78	77	68	66	73	72	75	84	85	75	72	81	79	75	75	82	81	70	81	84	80	77	76	77	69
79	87	93	102	86	71	73	78	76	77	84	81	78	79	77	80	85	84	76	67	67	77	86	83	76	81	80	81	79	76	76	77	80	86	92	93	99	106	113	111	99	90	91	96	92	99	105	102	94	99	101	101	100	105	122	130	99	92	95	115	127	128	109	101	115	123	137	124	111	116	117	104	107	106	99	94	110	125	140	162	169	172	169	169	169	149	136	139	157	182	191	187	171	162	140	147	151	123	104	93	89	100	114	114	114	124	106	94	94	153	118	111	90	88	88	96	95	128	112	142	154	148	142	108	116	119	113	104	116	112	110	111	107	110	106	111	117	91	86	106	114	115	114	130	128	129	132	126	119	93	99	100	111	109	119	119	114	112	118	129	126	121	124	117	86	93	78	75	78	78	78	78	86	136	195	35	38	59	71	82	93	98	87	102	111	148	140	140	133	122	114	117	123	123	120	128	131	132	125	113	115	143	136	146	146	152	146	141	127	126	125	120	117	110	115	116	119	108	107	108	98	98	104	105	108	105	103	103	101	99	87	91	94	101	98	75	82	95	114	127	129	125	118	123	117	119	123	123	116	109	101	97	99	104	101	95	89	88	89	90	90	81	85	82	78	85	87	85	81	85	84	82	81	75	78	79	81	81	79	70	64	68	76	75
106	132	134	125	103	88	85	85	76	74	85	93	90	84	87	93	96	96	92	90	95	95	97	94	86	86	81	74	79	74	70	78	84	86	82	86	93	97	102	102	98	83	82	98	94	81	97	113	120	150	171	176	172	156	119	114	122	127	125	126	123	132	136	129	117	121	132	133	127	135	124	107	110	112	107	98	97	100	107	128	148	153	164	169	165	168	171	157	139	163	172	190	198	192	179	162	136	114	101	91	89	94	90	97	107	105	97	85	87	146	107	92	93	88	88	84	86	113	124	121	99	110	111	101	102	107	104	109	108	110	106	106	104	124	125	127	115	102	120	126	125	120	132	130	152	135	129	138	120	114	112	137	138	130	124	118	127	133	142	111	126	134	111	87	80	85	72	74	83	88	75	77	96	191	192	56	60	72	72	85	106	105	109	111	103	120	100	115	121	102	114	119	111	107	103	106	120	112	110	130	126	153	160	151	150	152	144	136	121	127	110	121	106	95	86	93	85	94	94	115	94	106	112	109	110	99	96	86	90	97	86	102	101	102	103	107	118	118	129	136	116	96	90	115	116	113	116	124	116	117	110	104	96	96	91	90	99	100	101	97	94	88	77	79	81	98	94	92	93	86	83	79	77	69	69	72	70	61	56	62	69	74	68	66
125	127	111	92	75	65	69	75	75	82	80	79	82	82	88	92	92	98	91	84	77	76	80	81	91	90	89	87	90	95	90	87	81	70	74	76	82	78	90	104	109	88	84	102	100	92	98	96	95	107	147	155	109	83	81	92	90	97	116	118	120	127	109	102	105	116	111	105	101	108	107	125	124	119	133	128	127	137	143	133	130	123	132	168	167	145	132	127	133	152	178	182	182	185	180	174	157	157	160	156	139	109	115	94	77	77	78	60	103	184	109	84	91	94	84	93	98	102	86	83	93	114	112	96	107	125	108	102	100	105	100	121	118	122	137	123	143	137	122	98	78	74	67	79	84	96	118	140	126	134	136	126	107	109	109	120	113	106	116	129	130	141	94	77	107	96	83	86	65	76	74	90	113	201	180	66	72	59	58	84	92	98	102	117	107	126	119	125	127	120	133	137	127	152	152	146	128	139	133	129	116	110	120	126	129	127	123	145	154	151	135	111	121	102	99	120	112	115	102	103	106	106	104	105	104	99	84	84	86	86	86	92	91	90	87	92	95	87	119	112	96	94	103	110	110	108	107	108	103	101	105	113	113	113	105	107	104	104	107	99	93	93	78	81	82	87	96	99	88	83	89	87	87	79	82	77	77	77	63	64	72	68	64	64
126	106	99	92	93	94	92	92	84	82	87	91	95	87	79	75	74	72	77	80	83	82	77	73	61	65	70	72	73	75	94	99	84	81	75	68	72	77	95	106	108	96	90	92	87	94	89	78	86	103	121	119	96	94	103	103	103	117	133	136	140	129	133	120	110	109	101	102	107	110	113	116	111	117	118	124	130	134	133	128	130	124	128	148	155	145	138	144	149	136	156	166	165	172	177	179	183	184	164	120	96	84	101	88	72	75	68	56	118	178	102	103	102	94	83	79	85	97	97	118	124	112	126	85	91	129	121	117	106	105	104	125	121	114	74	36	16	1	2	1	1	2	1	0	1	1	2	14	34	84	150	149	134	131	116	117	119	131	109	108	124	132	154	147	150	136	84	89	78	74	86	107	94	207	176	58	64	61	59	80	95	102	113	116	116	120	111	104	113	110	107	107	109	111	107	111	113	109	130	108	101	99	89	107	124	108	130	133	132	143	157	133	121	95	71	78	85	104	91	95	109	122	108	105	99	94	94	89	82	85	104	109	106	108	102	101	111	112	101	88	89	85	86	85	91	91	91	84	111	105	91	101	106	106	100	94	94	95	104	103	91	95	86	84	79	85	91	85	79	88	91	90	81	80	71	65	62	60	69	75	75	72	72	74
101	96	94	96	95	95	97	99	97	98	99	96	92	94	86	70	76	87	94	98	97	98	100	87	88	97	87	77	70	82	92	88	75	75	73	73	75	84	91	84	66	85	89	86	85	82	94	100	118	134	143	120	103	112	119	109	99	123	122	102	119	122	149	144	130	129	115	107	106	109	114	120	114	111	112	117	115	112	113	116	115	122	126	127	130	132	124	127	123	135	140	133	128	146	163	161	163	172	170	131	100	93	89	83	77	71	66	55	106	143	131	103	105	106	90	88	89	93	98	95	96	86	98	101	110	112	111	104	105	115	149	151	105	30	0	1	0	0	0	0	0	0	0	0	1	1	0	1	2	6	46	72	137	128	103	109	116	152	139	114	93	124	139	140	154	145	91	82	93	92	98	85	76	197	171	61	64	60	66	78	96	112	98	103	105	88	98	100	109	99	111	105	108	102	101	109	100	101	109	122	104	79	82	84	97	110	126	138	120	82	112	104	117	99	102	90	98	97	92	100	100	98	102	106	114	104	95	104	122	130	128	122	126	116	117	111	112	116	103	100	90	79	90	83	108	114	114	105	138	151	105	95	93	98	83	95	87	78	87	89	88	87	82	83	85	89	78	84	83	84	79	71	71	68	62	64	65	66	65	69	68	65	66	64
83	83	87	88	85	84	84	88	85	82	84	77	72	76	73	74	86	96	90	81	79	80	76	77	85	91	85	79	76	73	84	91	87	85	76	69	66	78	83	77	75	87	92	102	104	85	90	111	112	109	102	102	99	77	96	129	148	152	142	120	116	113	99	113	128	118	117	124	126	121	135	140	151	131	123	122	131	127	127	125	137	145	131	130	146	134	111	115	114	120	106	105	101	90	95	113	147	161	169	172	187	184	125	70	73	67	63	58	85	137	109	100	90	93	89	87	81	104	87	95	112	115	97	96	106	116	99	104	118	144	118	66	46	1	0	0	2	2	10	20	40	33	18	3	0	1	1	2	3	3	16	56	102	124	123	108	121	129	116	131	128	123	137	116	122	134	79	74	87	96	103	116	119	184	160	62	62	60	72	81	88	106	132	105	99	83	91	82	79	83	100	101	93	110	116	95	102	106	78	86	88	85	87	81	98	100	96	102	92	98	115	95	85	97	111	115	117	117	121	107	92	96	105	99	101	98	101	104	103	101	93	94	102	91	84	88	92	91	88	116	111	100	97	91	103	107	87	92	101	119	98	99	104	110	84	99	99	99	95	97	93	91	91	84	86	89	95	101	99	92	89	89	93	91	89	86	89	80	80	84	80	76	82	84
70	73	72	69	75	77	81	82	82	75	79	84	84	84	85	83	87	91	91	81	91	85	78	75	76	76	85	72	60	68	76	92	84	80	83	101	123	132	124	104	95	89	81	98	121	115	114	134	140	120	125	141	132	136	140	149	146	136	137	124	112	131	146	123	117	118	124	134	137	126	117	136	129	125	121	128	135	138	135	124	122	126	115	99	106	117	117	122	117	114	112	120	133	119	100	88	95	89	123	144	143	117	93	67	72	68	64	80	88	141	123	104	106	93	87	91	95	112	102	115	128	138	119	102	99	104	109	130	164	104	85	68	5	2	1	1	11	38	67	83	113	131	103	73	17	2	1	1	4	5	5	62	116	130	123	114	111	125	101	113	117	124	117	126	141	111	118	112	91	101	114	103	103	175	150	67	66	65	74	83	85	98	107	113	103	98	106	121	143	137	134	125	127	111	132	115	118	92	83	82	98	99	101	90	104	97	99	111	110	112	123	125	110	102	103	104	106	103	95	109	108	93	95	101	103	103	90	90	91	93	86	95	84	82	77	74	92	106	95	101	120	133	129	123	121	118	105	107	109	109	109	98	102	102	104	98	91	86	76	78	72	88	90	83	83	81	87	86	88	79	87	90	90	99	98	91	88	84	82	85	83	82	75	74
81	82	82	79	80	79	84	83	85	91	96	97	85	81	86	83	81	81	79	82	88	93	91	88	85	88	86	80	81	91	95	104	108	113	128	138	137	119	106	113	100	91	89	97	127	120	110	102	111	129	107	98	106	96	86	92	92	87	103	92	75	94	119	107	101	107	114	119	117	115	159	166	151	144	128	129	135	143	135	127	138	143	144	144	142	141	143	140	144	154	164	161	153	144	123	102	108	117	131	130	120	110	87	77	64	54	58	49	114	137	123	109	104	98	100	98	106	105	120	122	147	154	127	103	104	96	125	165	128	55	87	90	4	1	1	1	48	57	119	167	172	174	126	112	83	2	2	3	13	2	12	104	115	149	100	128	113	105	105	177	159	78	74	98	115	111	103	103	103	86	108	100	135	190	151	62	64	69	60	83	90	111	123	101	100	99	106	114	128	134	127	111	100	92	87	101	119	140	118	102	113	84	90	108	86	81	80	82	82	89	88	90	103	110	109	110	133	165	174	166	141	129	139	117	116	83	85	83	83	78	82	87	86	87	85	86	94	99	92	82	96	99	103	110	119	115	113	122	123	123	118	118	112	112	120	123	123	119	107	105	89	99	110	110	110	94	86	97	99	106	120	117	111	100	90	89	88	88	83	85	90	95	95	86
91	73	76	74	78	87	88	83	79	85	80	80	75	74	79	74	77	74	67	75	82	88	86	86	84	87	75	70	79	89	93	97	95	90	106	129	121	101	99	117	126	111	96	84	94	114	91	81	97	122	121	117	111	103	106	99	93	95	101	113	116	127	162	150	121	108	110	127	121	120	127	144	141	128	116	117	117	121	122	115	118	110	105	108	108	113	104	114	116	144	140	120	104	110	109	108	112	102	99	103	112	107	86	96	90	76	72	65	102	140	125	103	97	106	107	114	100	97	123	158	165	141	105	113	107	96	150	173	125	85	84	67	4	1	1	1	31	41	58	108	125	143	108	102	56	2	5	15	9	5	19	94	124	129	89	152	107	100	91	127	129	118	121	123	137	131	118	127	110	118	103	112	113	206	142	65	68	59	64	69	70	89	101	84	93	99	113	134	123	121	143	128	119	103	94	112	112	103	94	86	84	87	81	94	91	101	98	102	97	83	95	92	91	90	112	103	116	145	164	160	164	157	122	113	109	101	118	124	120	103	101	106	98	106	117	107	101	107	116	102	100	113	103	103	109	108	114	104	87	108	116	111	126	136	121	116	110	108	113	112	99	87	92	99	94	90	85	94	99	107	124	126	123	114	104	99	101	106	97	99	102	107	106	95
75	81	90	92	103	108	106	104	102	97	90	91	93	97	99	97	94	89	88	95	96	106	113	108	90	93	94	98	110	118	113	115	111	98	95	119	125	97	98	104	120	127	110	95	97	111	106	92	105	120	133	155	141	109	124	120	115	114	114	111	117	118	131	156	136	107	108	111	103	105	131	152	134	134	127	120	115	117	111	110	107	105	115	120	133	144	133	130	136	115	113	118	115	117	105	113	110	119	116	100	93	93	88	74	75	62	57	70	106	138	115	104	101	100	136	125	92	95	103	118	116	105	104	99	107	102	159	192	115	91	129	125	25	14	3	3	3	16	31	50	72	61	51	34	4	8	12	10	6	7	17	102	156	131	82	165	139	121	121	127	126	137	135	128	118	138	100	106	110	117	107	113	127	214	131	66	57	51	63	78	74	90	82	108	94	100	103	116	111	108	138	133	131	126	125	115	119	113	115	109	112	109	123	118	112	109	115	129	151	127	111	119	117	121	116	107	120	137	145	131	113	117	114	111	98	103	103	99	92	89	91	92	86	81	93	90	88	92	91	98	101	110	103	101	99	89	84	81	84	91	93	103	129	136	111	111	122	116	119	119	103	99	104	107	103	104	103	96	96	97	85	93	91	92	94	93	90	85	74	75	82	87	86	82
60	62	69	74	72	74	74	67	65	70	74	76	81	84	84	86	86	87	77	78	79	81	84	85	67	70	70	70	71	64	66	80	94	106	96	95	105	115	123	111	116	116	131	129	127	131	129	141	135	138	133	133	124	134	152	164	167	168	170	164	157	149	154	175	171	141	159	142	128	129	123	119	133	137	129	124	124	133	136	129	135	123	120	129	138	137	118	102	103	120	129	116	98	95	94	104	116	97	107	98	83	79	87	86	77	69	53	48	118	128	108	100	101	92	113	120	104	99	110	109	121	111	105	110	93	102	131	188	140	103	93	144	74	51	26	4	2	3	1	1	2	1	1	2	10	19	18	14	10	8	6	90	153	122	131	165	132	117	115	129	121	137	126	134	132	127	109	86	112	117	117	114	147	217	134	70	59	51	66	67	67	72	108	114	116	117	118	117	128	104	115	115	144	142	151	126	126	101	115	126	115	99	90	86	89	93	87	81	94	94	83	75	79	81	89	97	103	89	102	98	87	89	93	89	98	96	97	102	103	114	117	120	110	106	105	101	102	100	94	93	94	112	116	119	116	119	117	114	114	109	107	105	104	122	113	107	118	115	115	120	116	111	107	110	116	113	116	113	110	108	99	99	97	84	86	84	88	95	88	96	92	80	76	80
72	72	73	81	89	91	85	82	89	86	80	85	90	88	85	84	85	85	83	91	92	90	90	90	86	92	100	99	105	102	106	107	116	105	99	108	112	121	128	119	103	108	146	170	164	151	136	114	108	109	107	121	128	137	141	136	136	132	135	129	116	119	135	157	157	147	117	116	95	119	143	135	124	128	133	140	122	124	117	108	113	111	86	83	81	88	94	99	118	130	130	119	112	112	104	118	95	88	84	83	67	63	72	56	56	50	48	46	107	130	110	102	99	92	107	103	97	106	108	99	103	110	104	109	88	93	111	149	175	93	103	136	75	63	51	9	6	5	4	2	2	2	2	1	9	17	18	17	12	9	6	118	169	160	191	143	134	130	131	134	120	121	128	132	91	93	123	117	104	122	110	113	123	205	107	79	69	48	59	66	62	59	71	86	99	99	115	115	125	122	132	132	137	128	118	124	125	115	110	110	123	141	152	141	117	118	114	98	107	116	107	99	111	113	101	94	90	95	99	104	105	103	103	105	106	110	111	110	110	118	123	114	102	106	98	102	125	125	114	118	118	122	119	131	124	120	126	121	119	122	132	125	122	130	122	121	137	150	151	144	139	134	122	114	112	113	116	119	125	124	117	105	94	92	100	102	95	89	80	72	77	75	68	74
74	73	67	79	87	82	75	84	86	84	82	83	80	80	85	88	85	89	87	93	80	77	84	79	78	80	84	80	108	124	106	99	102	93	88	99	95	96	100	98	105	121	121	131	147	139	144	126	130	127	144	155	150	150	154	155	156	164	148	136	129	158	136	169	161	141	149	137	149	171	151	142	159	175	167	170	126	136	145	134	136	130	130	131	129	125	132	151	134	128	129	131	133	136	110	82	53	54	62	56	54	63	53	50	43	39	48	38	104	124	103	98	92	95	97	99	100	108	106	105	108	108	100	112	102	87	104	107	148	150	146	106	66	51	47	10	10	7	5	3	3	2	2	1	5	18	19	16	12	9	97	195	200	204	131	125	133	123	127	120	131	129	126	103	130	127	130	122	115	107	111	110	125	211	112	73	71	59	55	64	64	68	67	64	90	83	80	83	83	98	108	143	145	134	121	121	114	109	118	125	118	110	121	128	128	134	150	147	142	135	131	117	109	121	120	125	123	129	129	133	131	130	130	128	126	123	116	112	117	119	124	122	121	131	128	124	111	109	117	122	130	131	115	112	111	120	123	128	126	127	142	135	119	118	117	115	118	121	113	106	105	112	118	114	110	110	110	108	109	104	93	85	80	102	110	113	94	87	83	69	71	71	68	68
66	67	75	82	78	69	62	61	68	67	63	64	67	74	88	101	105	99	97	80	73	67	78	80	80	83	100	109	118	113	87	81	72	73	67	66	78	109	116	113	94	90	84	86	97	110	134	149	120	116	119	145	157	162	148	140	127	138	156	160	154	160	140	147	140	121	126	133	149	158	137	157	150	138	120	130	128	127	129	116	127	121	129	134	112	116	111	118	118	124	119	109	90	88	60	43	37	37	43	38	40	58	74	71	59	57	58	44	132	139	103	99	94	92	99	111	116	110	111	107	121	119	113	121	111	85	103	114	114	150	186	166	85	53	41	9	7	4	3	3	3	2	2	1	2	14	19	13	12	25	179	231	192	168	129	133	139	137	128	120	117	114	113	122	151	133	126	129	116	115	116	116	142	206	91	71	57	51	60	70	70	71	65	60	70	61	72	89	81	86	102	123	134	133	133	132	125	114	120	106	121	115	123	120	115	122	142	157	166	148	131	119	115	121	121	112	111	110	109	118	124	120	115	109	112	114	122	122	127	130	126	127	110	113	108	113	110	106	100	113	111	114	118	124	129	123	123	120	133	137	133	133	131	126	128	133	125	128	128	120	115	121	121	112	112	107	106	108	98	87	85	77	68	71	75	82	84	83	75	71	63	64	65	70
67	62	76	81	88	91	90	88	86	71	61	64	61	65	67	75	91	95	99	86	88	93	93	92	95	97	98	107	100	109	94	77	78	89	99	99	99	101	100	102	116	129	117	118	123	117	119	154	140	115	118	122	126	138	137	148	128	121	139	144	146	135	139	149	150	134	135	128	116	115	100	121	128	136	145	136	120	126	118	126	129	128	139	138	126	130	123	113	102	109	110	105	101	95	73	59	55	50	75	51	55	54	98	55	45	45	48	41	146	126	96	100	101	93	101	117	110	102	101	116	113	104	114	123	110	111	103	117	104	108	124	179	194	133	55	10	7	5	3	3	3	2	2	1	2	11	15	45	111	175	162	134	131	157	148	144	171	131	126	113	105	103	132	109	139	142	132	111	116	112	114	118	145	215	99	74	74	70	67	61	76	74	74	54	47	56	48	61	74	82	85	94	106	107	105	92	93	79	80	85	87	83	109	118	119	107	117	139	142	129	112	114	107	109	102	98	111	114	108	106	105	117	125	119	119	119	115	121	124	117	110	116	100	101	111	119	113	112	112	113	110	109	103	105	97	111	117	121	139	148	152	154	130	115	102	97	89	99	104	103	111	116	110	104	105	107	98	94	87	83	84	85	85	84	81	83	83	84	76	65	57	55	57	67
87	81	76	75	77	82	84	83	85	86	90	90	93	89	94	95	95	91	98	93	89	92	89	90	97	97	95	100	90	95	104	91	89	104	107	107	100	96	88	89	101	104	103	116	117	112	112	108	115	122	127	139	126	133	128	136	137	125	121	120	118	134	158	147	132	144	174	130	115	117	162	179	173	151	139	142	136	155	150	152	160	152	149	123	132	121	120	105	110	123	136	132	135	117	106	95	82	77	81	68	64	76	88	85	69	64	54	43	149	124	100	98	100	96	107	121	122	115	103	103	103	106	122	113	122	111	106	98	102	117	119	114	136	180	202	129	6	5	4	3	3	2	2	2	2	4	95	213	145	111	116	134	128	142	144	123	157	134	124	124	126	123	121	99	107	105	111	117	117	112	95	122	129	203	96	66	72	67	85	87	84	62	71	73	75	80	66	75	77	91	94	89	88	105	99	103	99	92	91	106	108	107	108	108	113	132	138	135	119	126	120	116	130	117	108	101	107	106	99	109	103	109	105	109	113	112	105	108	103	103	100	101	101	105	107	106	120	119	106	111	106	97	93	83	79	81	87	84	101	107	112	113	106	113	113	115	109	104	109	103	102	106	101	99	108	107	92	84	79	82	84	81	73	74	75	71	73	79	77	66	66	63	65	65
53	51	52	55	57	57	60	65	68	65	65	76	83	80	75	79	83	89	84	77	75	76	75	77	81	77	71	70	78	85	88	88	92	96	97	95	90	90	93	103	107	110	113	106	108	106	108	103	106	113	117	114	133	147	131	138	130	119	122	141	162	148	143	137	133	138	136	128	135	141	161	166	163	166	158	167	157	154	154	150	141	131	149	144	125	121	137	136	140	140	118	109	121	136	126	122	115	124	120	91	83	89	86	91	88	78	55	45	141	116	97	89	94	100	92	104	111	105	102	89	86	99	116	117	97	102	117	111	111	107	114	125	124	153	186	140	5	5	4	3	3	2	2	2	1	4	81	190	115	100	96	95	112	120	131	125	131	131	118	120	130	111	116	108	131	112	124	120	133	117	100	109	157	208	60	58	70	79	86	85	88	126	128	116	84	80	76	74	78	75	83	81	77	77	83	85	102	94	91	87	90	95	110	118	132	138	137	136	132	136	124	125	130	134	131	137	130	126	124	126	121	114	120	128	129	131	126	126	122	120	112	110	108	91	94	100	104	90	81	70	63	65	75	93	100	99	113	87	104	96	92	111	114	119	115	111	110	116	118	121	118	111	106	101	106	111	103	100	97	91	88	88	79	75	77	75	80	76	75	75	68	57	60	61
43	39	41	38	48	49	48	52	51	55	59	66	66	61	59	56	55	55	59	66	71	71	83	87	91	86	81	84	76	82	98	98	93	86	88	98	114	120	113	106	106	113	115	111	102	103	94	100	101	112	119	129	131	124	109	110	108	120	125	134	145	132	141	134	120	157	154	135	134	126	133	128	130	124	144	156	157	161	159	147	129	122	128	107	93	121	120	108	124	155	144	119	101	116	114	125	108	102	100	88	75	79	103	106	90	104	82	60	147	127	92	94	93	101	91	101	107	105	113	110	94	91	92	94	107	109	98	98	104	103	107	124	130	144	169	83	6	5	3	4	4	3	3	3	2	2	42	175	153	138	115	102	111	105	105	105	109	119	111	114	125	111	107	107	102	116	98	103	109	112	126	123	147	191	70	69	78	63	63	59	62	93	100	88	90	89	76	86	86	95	94	87	80	69	67	74	96	127	122	109	112	119	130	129	128	122	120	119	121	121	121	127	134	130	114	110	104	96	105	108	115	121	111	112	120	119	118	118	112	108	106	106	122	127	103	85	64	58	60	62	86	92	124	119	114	102	114	96	134	128	116	102	90	89	79	82	90	93	103	109	114	114	107	108	105	114	111	110	106	97	94	100	106	94	83	80	78	79	81	81	77	77	78	84
61	58	58	63	83	94	91	81	90	91	88	81	77	78	76	70	64	63	61	63	59	60	63	67	79	87	89	99	90	98	107	98	83	84	87	85	94	92	106	98	87	94	92	88	89	92	91	99	104	99	103	114	127	109	97	100	109	112	106	108	102	100	104	112	106	112	94	89	92	101	112	99	107	109	115	144	156	144	120	104	103	115	124	117	128	148	138	123	95	88	87	77	82	78	76	75	66	66	67	88	110	118	85	76	71	67	71	41	151	139	100	91	80	100	102	103	102	112	111	110	100	101	87	101	98	104	105	113	100	93	113	134	124	146	176	28	11	8	6	5	4	3	3	3	2	3	13	162	155	128	118	149	123	110	104	99	106	106	111	116	106	107	111	112	116	131	118	121	111	108	114	121	154	196	73	85	93	78	82	82	83	92	100	102	93	78	102	90	90	96	93	87	93	92	91	106	122	118	117	107	123	160	161	153	146	143	135	129	129	119	117	116	124	133	124	116	107	105	100	106	103	92	90	91	102	132	130	110	93	90	83	74	87	99	94	72	57	58	74	98	115	122	111	101	103	99	104	110	124	115	110	121	133	126	89	67	78	74	64	64	81	101	96	94	90	83	78	85	92	86	74	70	81	81	77	77	74	68	63	68	60	57	65	78
66	66	69	68	71	69	63	61	61	68	74	75	82	81	82	77	68	70	71	71	73	72	69	61	60	64	62	69	78	86	96	88	96	99	88	100	110	112	124	145	128	123	114	109	115	125	118	110	113	108	99	83	79	64	60	57	50	51	58	53	54	70	95	94	91	91	86	88	91	93	86	84	84	94	102	139	150	163	156	139	132	134	142	136	132	118	89	87	78	87	84	82	66	64	78	111	100	85	71	68	75	85	91	86	76	82	59	45	153	113	93	99	87	88	100	118	112	116	106	112	124	114	107	108	106	112	114	114	107	105	118	127	108	130	131	7	6	6	6	5	4	3	3	3	2	2	3	148	140	147	113	135	110	113	104	115	101	104	122	118	91	96	99	108	114	117	111	117	103	99	115	118	141	180	86	79	82	73	81	93	97	78	76	74	80	82	89	104	117	122	113	103	119	120	123	124	126	127	133	150	166	166	150	129	133	130	125	125	134	136	136	132	139	150	152	154	155	149	131	131	139	142	127	123	111	112	125	120	117	111	97	86	76	73	70	59	78	106	113	118	135	144	128	115	117	105	116	128	122	100	116	124	111	99	93	101	109	98	84	73	83	83	84	93	100	90	86	96	100	96	83	75	71	73	83	92	91	87	85	86	82	73	66	70
64	61	63	66	70	68	70	76	71	72	75	74	79	98	106	89	73	61	54	52	45	42	41	39	42	40	41	45	66	71	66	69	92	101	88	90	100	102	101	103	99	103	105	100	116	110	99	89	69	65	61	59	68	47	58	62	62	54	60	57	65	67	67	78	94	103	107	105	102	112	104	98	108	97	108	126	131	137	153	141	138	141	141	140	152	150	132	115	93	108	94	98	117	112	116	102	59	66	76	66	68	63	58	59	56	58	54	49	168	122	98	98	96	90	84	93	101	103	105	100	108	125	100	103	115	124	118	118	128	131	115	129	137	142	116	5	4	4	4	4	4	3	3	3	2	2	3	116	152	121	120	106	113	110	107	110	98	105	106	105	91	104	108	125	117	116	105	110	103	100	105	119	140	178	80	81	76	72	87	92	80	72	76	70	84	91	91	104	100	99	108	109	109	116	126	126	117	113	118	124	124	123	116	104	120	130	143	142	131	134	133	125	134	126	122	118	107	111	120	113	95	95	107	108	98	94	109	113	110	106	91	74	60	52	64	96	111	105	104	103	114	120	130	136	126	125	130	137	140	133	124	113	101	104	108	105	99	100	102	101	96	86	77	69	69	69	76	84	79	77	72	66	71	77	86	86	85	83	72	69	79	77	69	62
67	60	63	67	68	59	70	79	77	87	93	80	65	74	80	73	72	79	80	85	74	67	56	76	83	83	84	84	80	84	85	71	76	91	74	80	95	97	96	101	108	98	98	103	102	99	109	96	102	94	75	66	62	65	64	66	61	67	70	82	84	85	73	72	81	104	106	103	94	99	97	83	79	86	91	99	150	159	155	155	154	153	154	145	148	156	171	177	168	168	156	155	145	119	111	110	103	99	85	75	79	86	74	68	71	68	62	52	156	116	111	82	86	94	91	93	116	101	97	96	99	100	95	93	105	109	104	111	105	111	111	125	130	166	104	7	6	6	5	6	8	8	9	12	9	9	9	95	143	108	128	103	100	97	102	109	106	91	97	107	112	116	96	108	111	112	110	110	113	106	102	106	146	173	81	71	69	72	72	76	81	87	93	91	99	99	109	123	124	119	120	122	120	124	119	132	149	159	151	136	137	139	138	144	147	118	109	119	127	125	123	116	109	109	109	111	112	114	110	123	123	108	110	119	121	120	120	126	118	102	78	63	67	71	69	66	81	87	83	69	80	85	95	108	110	111	101	97	88	89	79	69	78	96	103	109	105	107	103	89	81	82	74	69	75	79	73	68	69	74	79	74	83	96	102	96	85	86	94	86	72	73	81	86
69	64	70	76	78	67	67	70	70	73	82	89	89	85	84	77	80	86	68	66	67	65	62	74	86	89	87	82	72	72	69	66	69	70	62	68	69	77	76	82	84	86	96	121	126	124	112	102	104	99	94	95	85	80	71	67	84	101	81	76	88	104	96	101	116	116	130	152	155	157	165	141	131	146	132	121	120	114	118	143	161	167	166	141	149	165	150	145	169	171	170	146	123	114	110	103	98	96	95	93	98	88	67	63	67	62	50	40	152	110	106	90	84	95	105	106	102	101	99	92	92	88	104	115	115	120	98	127	119	111	120	121	159	183	126	32	27	22	19	20	21	23	23	24	26	27	21	63	145	89	86	93	91	90	93	102	98	96	96	102	114	115	105	115	116	104	111	101	97	93	105	123	167	167	78	69	81	72	62	78	78	83	90	93	91	86	101	114	130	135	129	134	139	150	145	131	106	113	134	146	148	157	159	148	157	149	140	133	135	131	131	130	120	112	111	101	94	98	88	105	106	81	87	85	79	77	76	84	91	80	64	58	57	51	53	57	72	74	61	59	73	89	100	102	99	106	101	104	101	103	101	95	94	102	107	103	98	96	88	87	107	120	116	114	108	108	101	94	83	97	113	105	99	105	92	72	92	94	95	84	68	59	78	85
71	65	67	56	60	63	67	70	63	53	66	67	68	75	76	56	64	82	66	66	61	68	64	76	84	91	87	80	81	67	63	78	89	85	87	85	84	80	79	83	96	103	95	102	113	105	105	101	92	96	104	103	98	104	93	89	93	106	100	84	107	124	141	143	150	119	132	135	148	132	135	161	158	156	145	143	129	129	148	155	164	164	143	132	114	122	130	111	122	156	143	138	117	105	100	95	87	71	63	78	74	70	59	66	71	65	59	68	149	112	106	89	104	104	102	114	105	99	101	98	113	96	114	105	109	124	106	111	109	106	107	117	184	160	124	11	18	30	38	40	39	34	33	26	13	7	4	51	162	97	96	89	99	101	88	88	95	97	93	92	87	100	107	120	112	108	108	96	91	84	110	131	181	177	104	86	89	90	75	71	67	85	98	116	101	93	108	122	130	135	134	135	136	137	129	124	113	110	125	134	132	132	128	122	123	131	128	123	121	122	126	127	128	132	142	130	115	94	80	73	74	79	85	79	70	79	71	69	71	64	78	89	85	81	90	80	84	69	69	66	70	70	66	73	81	92	99	100	96	100	99	94	103	112	112	109	102	88	78	81	88	97	100	103	108	103	92	93	99	113	118	95	80	77	88	95	103	90	82	81	84	65	79	89
63	66	61	62	63	63	74	80	69	65	65	56	52	64	73	80	74	90	72	79	76	75	73	75	80	99	95	88	84	85	84	84	92	96	92	82	76	84	94	91	92	95	87	84	90	86	95	95	88	96	92	93	99	100	93	99	95	101	105	97	104	113	111	106	137	116	129	138	138	141	132	140	129	110	124	111	108	120	124	122	128	140	152	145	144	148	143	156	141	121	125	134	133	138	138	129	120	102	84	83	100	97	81	83	88	68	61	57	159	112	109	83	90	98	104	112	113	108	113	107	114	96	100	105	105	108	107	107	116	116	101	120	145	159	152	67	60	73	67	76	76	73	80	76	79	82	75	110	169	128	92	95	98	95	86	87	85	88	90	77	83	83	96	101	107	121	105	104	100	69	86	105	177	163	110	72	71	62	52	62	93	100	111	127	129	125	99	116	123	123	129	128	117	115	125	113	120	134	146	143	151	151	147	132	131	136	138	154	150	145	152	145	140	138	122	122	110	96	89	84	72	74	90	81	72	75	76	79	77	92	90	79	108	122	121	119	135	115	101	88	71	70	77	80	90	101	103	101	92	86	82	99	117	114	106	105	104	87	75	74	81	99	111	104	100	93	90	93	100	106	114	115	103	68	67	91	97	75	81	88	88	62	53	63
71	78	82	96	92	88	90	91	93	79	78	76	72	71	68	70	73	69	68	77	74	75	91	92	92	105	102	102	101	102	99	91	92	92	95	87	78	84	86	78	81	91	95	94	106	114	113	108	113	115	112	112	124	118	119	117	111	108	107	102	102	111	111	102	106	82	110	108	109	112	119	129	135	123	127	122	117	116	119	120	131	135	139	123	118	132	139	146	132	120	127	145	152	151	133	128	100	96	102	94	88	104	107	100	102	76	63	52	179	104	109	87	77	97	94	103	110	109	103	106	118	96	99	100	101	87	104	103	108	112	111	117	150	154	167	177	174	177	179	179	180	178	185	190	190	197	191	175	183	141	94	101	94	101	91	94	83	86	78	80	82	98	89	97	103	102	93	90	82	75	87	111	192	150	135	81	69	81	79	77	70	107	120	125	117	116	116	129	117	114	114	114	122	131	118	110	109	112	124	117	124	137	142	135	131	116	118	124	124	118	137	150	153	150	135	123	114	122	118	105	102	91	74	68	71	86	78	72	68	70	71	81	117	123	130	111	135	152	96	98	73	65	72	85	96	105	109	114	107	96	91	98	108	107	108	108	107	86	68	78	90	89	83	87	90	95	93	90	84	86	88	93	85	66	71	84	74	68	80	82	86	86	79	74
67	67	81	90	82	82	82	83	81	80	86	82	85	87	74	73	77	80	78	77	71	66	60	65	74	75	74	79	85	96	97	87	86	89	96	102	109	104	100	94	88	95	92	96	96	100	95	92	109	122	139	130	116	114	117	125	123	121	115	101	96	104	103	100	104	64	77	56	58	61	77	99	105	116	122	121	120	118	112	124	134	124	139	137	118	126	155	165	161	162	146	123	123	124	122	110	101	89	89	75	83	98	86	107	102	92	63	45	181	103	101	91	93	92	91	104	110	105	111	113	104	106	96	104	86	90	95	93	112	103	124	112	149	126	124	163	180	173	183	196	197	195	192	159	172	194	182	197	155	104	93	90	91	89	83	82	78	76	73	80	76	89	82	89	96	90	76	81	77	86	92	116	175	145	121	82	66	70	71	84	84	95	106	112	115	126	125	130	127	124	113	118	125	120	131	139	143	156	148	136	143	141	150	140	134	137	142	139	153	160	167	162	155	151	149	141	124	126	125	116	113	105	99	100	104	98	73	62	56	59	73	82	84	102	107	110	109	92	69	52	53	60	49	65	84	91	87	91	91	94	107	113	114	115	108	99	95	96	83	79	87	89	83	86	90	98	94	92	90	84	99	112	94	68	57	53	58	65	69	62	62	69	72	69
76	73	64	66	64	61	49	53	74	104	107	102	100	98	98	101	89	80	84	92	100	92	80	76	98	104	100	93	88	93	87	85	87	95	106	108	115	109	111	115	117	113	101	92	94	92	91	88	99	97	106	94	92	99	109	111	111	106	102	113	105	110	115	107	108	108	109	117	115	109	112	109	101	109	103	109	113	104	104	94	97	94	94	87	96	102	122	120	119	111	117	120	112	106	106	96	85	86	89	88	80	83	102	112	115	89	53	50	189	121	84	102	90	99	103	88	103	115	96	113	97	85	89	85	87	94	95	102	101	113	103	115	133	142	148	168	173	177	171	177	182	165	151	141	182	187	176	158	110	95	96	88	80	82	73	83	75	80	73	77	72	85	94	96	89	86	74	81	78	75	81	152	211	137	100	87	77	73	82	98	101	101	99	108	111	117	117	122	120	99	85	99	81	90	119	130	125	129	128	119	114	114	98	99	98	96	108	123	133	128	129	126	111	113	120	121	121	130	139	140	140	134	141	149	120	102	83	97	87	56	43	43	52	53	47	58	49	46	47	49	65	71	55	54	75	75	73	76	87	107	123	120	109	105	103	113	93	71	72	75	88	92	95	101	103	101	102	102	97	88	110	118	103	82	66	63	68	79	87	81	75	71	67	67
71	71	61	57	58	63	69	70	75	96	95	87	95	104	99	88	79	76	89	88	98	82	78	81	74	82	83	88	91	87	91	95	94	104	101	102	93	102	99	104	85	77	90	99	102	105	101	93	95	94	105	113	108	105	106	100	103	110	108	111	106	120	116	120	116	100	104	108	114	106	102	112	116	99	95	103	104	100	110	118	120	124	126	130	136	127	122	112	109	106	112	104	105	117	110	110	101	89	83	74	79	76	75	107	101	75	61	84	187	131	99	109	99	101	113	105	95	103	95	99	86	95	88	85	95	86	86	93	92	107	97	92	113	119	124	143	146	170	183	201	202	202	197	185	147	126	108	97	91	106	95	84	84	84	76	96	72	70	78	80	86	85	88	80	73	90	73	73	83	83	88	114	184	138	93	81	71	84	79	90	92	107	113	117	129	131	134	129	114	103	112	122	122	132	140	139	146	155	151	147	157	151	143	139	134	135	134	132	128	130	129	121	109	113	106	102	94	82	83	81	74	69	70	64	56	58	47	49	49	45	44	40	47	49	58	53	46	43	48	54	58	64	61	60	64	65	68	74	77	95	113	118	124	97	78	78	75	81	82	77	94	100	97	94	88	96	101	107	108	108	101	86	76	75	73	71	72	77	83	71	68	73	78	84
75	83	79	86	84	79	73	71	85	79	85	91	98	98	99	114	134	129	126	120	123	96	102	100	91	85	85	99	106	92	90	88	81	80	81	105	97	97	94	96	106	120	123	123	119	116	118	116	136	133	143	151	149	146	135	127	124	116	100	96	96	107	103	113	118	115	115	105	102	105	115	105	98	91	91	95	82	105	109	121	124	120	122	122	120	125	110	107	100	90	92	82	92	87	86	99	105	94	88	95	89	94	105	99	102	78	55	119	181	146	127	117	90	112	129	110	106	98	95	92	94	100	92	89	102	96	83	88	77	111	128	141	123	116	119	128	147	188	172	154	176	182	168	162	157	144	137	115	86	88	87	85	84	87	72	86	88	85	85	89	79	76	84	92	88	76	81	78	86	80	90	104	183	118	84	87	78	87	91	108	110	95	90	108	110	102	106	109	113	118	127	141	135	104	97	109	118	119	112	118	129	117	115	116	112	109	129	134	131	125	127	115	111	119	115	114	115	107	111	107	100	85	83	83	87	81	82	97	108	97	99	93	70	58	75	78	78	63	60	58	61	69	80	80	82	85	86	81	82	93	101	114	114	95	83	78	82	93	89	81	89	96	92	91	93	92	86	87	87	84	82	80	84	84	84	80	82	87	73	60	64	76	91	99
65	66	68	68	78	73	66	78	80	75	80	90	84	72	81	99	103	91	91	77	86	105	101	99	102	94	101	97	91	98	121	128	128	116	96	89	81	89	99	105	118	133	139	146	161	155	141	135	143	154	155	161	143	138	135	132	128	100	83	80	104	125	138	104	106	92	102	103	112	110	109	92	82	92	94	103	111	102	110	132	129	129	135	133	138	129	133	137	152	148	158	145	130	131	137	146	144	115	107	120	140	136	151	110	85	74	42	130	169	184	168	111	109	98	112	109	121	92	96	94	94	119	100	101	104	93	90	86	85	87	88	99	100	129	174	157	106	72	74	101	88	89	110	135	152	166	154	144	124	105	88	89	85	86	84	91	94	98	93	97	84	79	76	87	82	78	81	73	82	83	101	120	172	111	78	71	85	87	83	86	109	122	115	111	108	111	110	115	119	111	100	91	91	98	113	131	142	137	128	126	148	129	121	125	131	125	117	128	150	151	124	115	110	114	108	108	118	101	89	88	88	87	91	97	103	99	101	118	118	101	100	92	71	70	77	75	78	70	58	52	56	62	76	78	82	88	83	73	71	67	76	103	105	95	69	53	53	58	71	90	108	115	116	118	108	86	88	88	77	71	68	65	69	70	69	69	67	71	74	67	66	67	67	68
74	79	82	75	85	82	80	78	68	69	78	82	79	59	69	69	70	82	70	62	96	105	79	92	100	91	87	104	94	84	72	80	78	96	105	124	131	103	89	92	83	86	113	146	167	173	127	108	146	168	161	113	91	104	132	142	110	91	75	54	49	49	59	62	57	61	62	79	87	99	120	124	120	134	126	124	117	129	124	109	113	112	106	100	97	97	104	110	131	148	147	148	139	134	143	146	141	125	130	143	139	121	108	123	86	61	49	110	192	128	118	114	114	106	117	110	110	95	98	115	83	82	87	92	94	87	82	82	81	88	103	107	159	184	86	59	61	66	67	71	74	75	73	84	78	67	122	154	152	129	96	95	91	92	85	96	87	85	82	81	79	80	76	87	67	71	70	69	79	84	93	150	175	75	63	54	70	82	106	97	80	96	104	97	93	86	86	87	93	93	94	96	99	102	109	110	113	124	123	115	112	112	110	115	128	132	134	139	141	135	142	144	137	137	125	130	130	120	113	99	96	108	107	105	105	91	85	84	96	109	111	104	102	96	102	105	113	77	72	74	59	58	59	71	91	83	77	75	68	73	86	88	100	118	113	83	72	68	68	72	74	70	70	72	66	58	66	67	71	70	65	60	59	59	59	60	62	71	79	76	78	76	78	79
63	70	70	73	76	69	68	70	67	56	67	57	60	51	49	55	55	78	78	86	112	144	89	103	92	103	100	103	104	97	102	103	104	122	131	112	100	123	109	108	116	122	119	116	104	101	104	100	81	86	58	71	160	118	115	122	109	63	66	76	98	109	133	137	129	133	126	119	116	99	82	83	78	95	92	98	101	108	95	100	92	88	100	93	91	90	105	130	125	134	142	139	158	131	150	154	172	161	165	168	177	135	95	82	64	56	39	78	165	158	117	91	94	103	127	106	86	88	107	109	89	83	82	103	121	102	76	79	79	96	101	125	156	109	97	92	81	79	90	86	83	82	83	76	80	75	74	87	142	125	108	94	88	83	83	96	85	73	79	72	75	82	83	95	77	70	78	73	80	87	82	134	104	70	68	60	66	79	91	103	105	91	79	74	75	77	77	85	96	91	93	96	97	100	100	105	101	105	112	114	111	108	109	114	122	131	129	117	109	113	117	131	132	115	101	112	110	104	99	93	91	91	87	97	95	90	93	102	104	99	94	84	81	88	87	80	79	76	74	79	65	72	73	80	88	87	80	67	64	89	113	88	89	105	102	85	83	83	71	69	69	66	62	59	58	56	55	64	73	71	62	54	55	55	55	53	56	60	69	73	73	74	72	65
53	65	68	64	58	49	65	62	54	45	43	53	57	55	66	70	68	93	85	71	82	84	89	89	84	93	83	82	78	76	90	89	85	109	114	91	88	88	86	74	66	87	106	103	85	87	111	150	172	161	110	55	106	110	125	131	128	70	81	91	94	99	98	115	133	112	118	127	139	119	112	101	114	109	104	97	88	79	82	72	82	82	82	92	97	106	110	119	121	135	137	130	132	151	161	162	137	129	113	108	122	110	99	81	82	70	62	64	65	118	153	137	108	86	85	85	92	82	100	97	86	91	86	88	89	87	80	80	84	96	120	179	137	144	145	127	97	95	97	99	99	99	93	87	98	115	121	122	122	160	118	108	93	82	88	83	93	79	77	87	75	78	77	91	93	92	116	106	82	73	63	75	54	52	63	66	72	94	96	101	108	105	102	104	96	91	85	90	99	93	99	102	94	87	99	116	122	133	152	156	158	149	121	112	114	111	108	107	112	115	123	119	118	110	103	120	110	96	89	87	87	85	89	94	97	85	78	87	90	86	82	78	82	90	91	73	78	99	103	97	69	59	66	90	97	90	82	69	67	69	74	76	82	76	69	71	70	77	76	74	75	74	71	66	67	67	65	66	67	70	66	60	59	60	59	55	53	56	59	62	61	64	69	63
29	45	55	52	51	52	71	72	66	64	55	54	55	52	60	65	68	73	61	60	68	69	64	74	85	76	75	80	91	100	109	98	107	107	114	116	107	105	104	95	83	92	108	102	99	105	114	87	94	116	145	115	100	90	84	95	81	72	75	80	64	90	92	105	108	108	108	116	117	116	100	105	118	106	113	104	82	90	91	88	102	114	94	72	82	102	86	86	95	114	126	121	121	128	128	154	119	126	102	90	91	99	99	98	81	86	83	71	59	50	84	113	131	126	121	123	118	78	80	78	87	86	87	100	102	96	91	87	94	110	147	142	111	90	92	100	103	106	108	102	109	110	128	132	145	124	121	107	104	160	103	116	90	91	81	81	79	77	79	103	91	79	81	113	111	86	51	49	60	55	53	55	58	59	62	70	77	84	95	102	104	102	107	114	126	128	121	112	105	107	115	114	101	95	96	96	105	133	139	132	128	104	84	106	117	117	117	118	123	122	128	120	119	122	115	119	103	102	107	118	117	107	109	109	100	81	75	74	75	74	68	69	80	83	85	81	74	73	70	65	55	50	50	59	62	62	60	60	73	77	75	81	78	75	71	81	87	88	81	80	81	78	77	72	72	74	71	68	66	65	67	68	67	61	58	58	56	56	58	60	59	57	56	53
88	71	88	100	95	104	96	73	77	79	68	69	71	83	90	101	97	91	87	91	88	87	97	107	111	129	121	92	81	82	92	95	111	120	102	103	97	126	134	123	96	91	94	91	93	83	104	82	85	87	107	104	106	85	80	87	77	70	71	91	107	114	112	104	116	119	113	101	104	105	103	115	109	99	105	109	102	114	112	106	119	128	118	116	97	96	74	78	80	80	74	80	101	138	130	119	86	79	77	86	85	78	81	74	79	74	78	76	69	61	55	53	40	52	79	112	139	152	128	93	73	86	85	102	103	107	103	97	79	76	105	155	137	106	74	68	100	151	165	192	192	188	188	187	172	110	93	84	98	114	77	68	78	83	81	83	86	78	82	95	88	96	91	63	63	69	49	49	55	58	63	57	58	64	75	90	97	107	110	110	106	104	108	116	127	138	125	118	111	106	106	114	115	118	109	103	111	124	121	111	108	95	107	122	119	119	108	95	103	107	99	98	97	91	94	105	98	94	102	108	108	101	101	93	87	84	67	64	75	75	73	71	69	69	69	71	70	71	69	67	71	76	66	58	54	52	53	54	56	53	44	57	75	79	84	100	99	85	79	78	75	71	71	71	71	71	66	68	69	68	70	74	73	66	59	57	55	54	56	57	58	60	60	59
62	61	65	63	63	68	62	66	72	70	72	70	70	71	76	83	92	94	110	116	103	98	95	109	96	85	79	97	78	73	95	94	87	83	83	95	108	124	128	113	86	80	84	77	70	73	88	95	89	102	109	114	104	105	108	91	110	132	128	114	109	96	83	94	88	90	100	110	116	106	125	111	119	111	109	103	94	93	108	106	108	104	136	158	146	104	87	88	79	75	76	78	75	75	79	80	83	78	92	98	94	93	103	99	99	105	90	89	89	83	67	55	46	42	44	39	35	71	148	166	115	76	70	84	87	93	100	104	86	80	82	92	87	64	35	32	38	65	81	75	69	51	40	37	44	45	42	61	75	80	79	67	73	72	80	90	84	79	82	89	102	64	53	47	57	52	50	52	58	65	70	69	70	85	93	97	102	107	105	104	102	102	104	101	97	92	99	109	113	103	90	108	117	115	113	113	116	111	111	116	122	111	119	121	113	108	109	103	109	102	82	86	83	72	80	87	83	81	88	90	79	71	71	73	71	76	81	79	79	79	79	83	79	80	84	79	71	68	65	66	79	83	84	81	73	61	55	54	49	51	61	58	68	72	70	66	66	66	70	73	70	68	61	60	64	65	60	62	65	66	66	65	66	65	59	55	53	55	57	59	59	60	61	60
62	78	75	71	75	73	84	72	73	74	70	65	71	70	79	74	79	97	132	142	131	110	89	79	78	68	74	95	81	80	73	88	105	103	106	107	109	99	113	123	109	109	109	104	108	107	99	106	113	102	101	100	97	100	106	113	111	102	98	103	109	97	101	100	105	99	94	88	87	95	99	104	98	92	97	87	80	103	103	100	91	89	96	118	137	178	176	105	104	99	94	99	105	100	107	103	100	104	102	102	96	89	94	100	85	91	86	93	92	89	102	97	80	97	106	66	67	59	48	71	129	146	101	79	82	94	93	90	97	83	80	106	128	123	88	66	31	28	44	39	14	10	22	45	78	78	78	76	77	78	73	69	74	73	76	71	81	88	99	88	39	44	57	53	53	58	71	66	74	63	64	77	77	81	85	88	90	101	105	99	95	95	95	93	95	96	101	112	116	124	113	102	99	105	105	107	105	114	112	121	139	138	128	120	115	108	108	105	114	108	107	113	116	109	96	95	76	71	73	81	76	65	63	66	67	66	71	82	94	99	93	82	85	80	68	68	70	81	84	84	81	74	74	78	74	67	68	68	63	58	69	63	49	47	52	59	61	65	68	63	57	57	55	59	60	61	61	67	75	75	68	67	72	69	65	61	60	61	62	62	62	63	65	66
46	62	68	62	61	64	64	68	74	64	70	69	78	81	92	89	83	107	138	155	166	147	119	138	127	124	133	114	128	128	124	110	99	101	117	109	99	95	95	107	107	90	89	94	97	102	101	97	100	93	90	91	98	107	92	107	101	117	116	105	104	106	88	98	107	109	108	101	97	92	83	94	90	93	106	99	115	123	136	149	113	106	142	165	170	152	128	95	102	103	102	103	91	84	87	90	91	88	87	82	87	96	112	111	108	96	88	82	75	75	72	73	74	79	74	61	56	51	53	45	34	99	166	129	104	98	94	97	96	89	77	82	87	113	136	133	138	136	130	113	106	117	148	153	137	134	103	83	77	70	73	82	77	80	70	73	108	123	70	23	32	55	55	58	51	55	66	60	59	59	64	71	84	85	88	90	88	93	94	95	100	97	92	97	101	102	101	102	101	106	113	111	109	98	101	106	111	111	97	99	94	87	93	103	111	114	109	101	95	86	85	93	103	103	84	92	110	92	82	91	93	88	87	74	61	59	66	72	83	86	87	88	85	77	69	65	69	86	95	87	80	76	78	91	95	82	75	73	72	67	61	63	56	45	45	44	59	70	73	70	63	60	59	64	66	68	67	67	71	75	76	70	71	71	67	65	66	65	63	63	65	67	66	68
56	46	45	55	52	59	71	80	90	101	94	92	94	76	74	71	68	74	67	86	104	113	105	109	96	100	95	72	74	70	76	77	70	75	84	78	82	95	101	104	98	89	83	84	68	71	71	79	81	90	96	105	99	80	85	91	95	96	97	108	109	91	98	111	99	91	94	86	89	105	104	108	110	99	95	103	116	120	132	146	104	98	98	126	139	144	106	107	106	106	98	98	97	95	101	105	119	140	119	126	117	119	101	106	107	123	109	108	107	91	90	82	84	88	80	66	61	61	58	47	39	33	41	85	140	119	83	79	86	87	82	85	80	90	104	117	135	137	138	148	146	146	135	121	95	120	99	85	120	78	82	88	78	81	83	92	80	37	47	34	33	36	60	54	49	55	55	59	68	77	87	111	121	117	111	114	110	107	101	95	97	100	94	95	96	100	96	95	96	96	101	104	102	90	93	96	99	102	104	108	109	108	103	103	107	103	100	99	96	90	85	75	89	109	103	95	93	104	108	96	86	82	72	68	61	57	62	71	79	81	80	75	70	70	66	66	73	85	86	79	92	109	117	118	101	88	80	70	66	63	63	64	62	67	69	58	69	82	88	87	82	78	80	79	69	67	69	68	69	73	78	76	75	79	73	69	70	71	71	71	76	88	85	76
82	70	52	49	57	52	52	63	67	73	87	128	106	90	89	97	100	98	130	95	79	89	119	127	125	123	123	124	128	118	109	100	106	102	95	106	90	97	140	123	109	110	118	118	111	102	103	104	115	116	99	87	74	72	76	78	63	67	61	75	74	56	55	79	55	63	60	52	52	57	62	69	76	76	83	84	115	141	108	95	101	111	123	132	154	170	178	181	157	179	163	125	114	111	106	110	113	103	92	102	98	106	113	117	117	125	126	98	111	117	111	108	99	94	101	104	98	87	77	65	61	52	44	41	54	100	143	128	81	71	75	73	75	85	89	90	93	87	93	91	98	92	95	91	88	83	80	85	79	75	82	77	82	89	77	55	44	47	51	40	48	43	49	52	53	55	64	71	85	96	103	102	102	105	110	113	115	112	110	110	105	97	93	93	90	91	95	102	110	118	124	119	105	96	102	104	103	103	101	97	93	87	84	84	89	92	95	97	95	88	91	84	83	99	103	89	102	108	94	76	73	68	70	67	62	64	71	74	69	73	80	75	62	59	69	80	84	99	113	113	112	105	98	94	87	83	78	67	51	50	53	53	57	81	100	94	77	72	68	71	74	70	66	63	63	62	64	67	68	67	67	69	70	72	67	73	79	78	78	78	75	79	74	67
88	101	82	67	62	65	73	88	90	85	92	108	112	98	73	88	130	109	100	72	66	78	93	135	114	130	121	108	106	95	98	90	84	84	84	77	77	98	92	96	86	97	92	95	95	79	76	76	71	78	87	89	76	82	79	78	101	95	96	69	83	78	95	100	71	71	71	70	65	58	37	48	48	61	67	94	106	113	103	85	85	83	88	93	116	128	149	137	100	99	97	104	98	92	84	103	123	107	85	95	99	104	100	96	96	88	86	91	90	96	93	94	100	106	107	99	97	97	94	95	107	88	68	73	51	37	35	65	117	137	122	91	84	73	77	88	90	88	91	93	84	91	92	97	87	88	80	87	78	96	104	75	61	40	48	53	53	55	70	71	67	75	58	73	105	74	58	65	72	75	87	95	98	95	97	103	108	108	108	103	103	103	99	104	104	97	95	99	101	99	91	89	73	73	90	99	102	102	97	87	79	71	72	73	80	88	90	87	93	93	94	92	95	93	85	83	82	80	68	67	75	75	70	71	70	62	75	82	74	84	81	70	63	58	65	69	68	70	67	63	58	53	61	65	62	54	58	79	78	65	61	56	54	59	73	81	78	71	71	68	64	61	60	60	63	65	67	69	73	68	65	63	61	69	78	91	92	81	78	83	79	71	61	60
97	87	74	72	76	79	82	92	85	80	87	89	80	64	70	54	58	60	61	59	58	55	55	61	63	83	107	140	93	91	87	85	92	86	82	82	68	75	86	94	104	100	93	86	85	87	94	80	81	69	70	79	100	114	117	125	126	104	78	56	66	80	79	59	73	70	82	68	62	55	51	45	47	43	39	40	50	47	75	74	66	77	78	85	95	100	96	90	104	102	102	105	115	119	114	94	103	100	101	95	111	107	109	106	108	111	112	113	105	106	123	115	106	99	101	100	107	127	129	114	139	137	120	119	104	74	63	61	58	55	62	89	104	123	116	111	117	132	148	147	134	150	144	115	120	140	103	87	76	62	44	65	69	65	85	64	62	68	86	94	76	74	85	82	94	82	68	73	76	82	85	84	88	89	91	94	89	82	86	91	95	99	106	112	117	118	127	121	105	94	82	91	91	95	87	85	96	108	106	102	103	93	80	81	76	83	77	69	81	91	88	90	88	82	91	96	84	76	70	64	68	74	69	65	63	61	68	70	73	79	74	68	61	61	63	65	64	63	61	61	58	55	57	61	64	64	58	62	65	65	60	55	55	67	88	80	73	62	65	65	65	63	63	63	60	59	58	58	61	60	58	57	63	65	64	67	66	63	62	62	58	57	55	55
120	124	108	97	93	93	103	110	104	105	90	78	96	95	89	74	88	109	88	79	75	80	81	81	79	79	68	120	101	98	107	101	99	90	74	86	99	97	84	73	80	91	107	102	85	76	80	85	82	93	91	97	119	133	133	121	101	116	103	83	57	71	69	66	55	66	54	57	60	57	55	105	89	76	67	52	40	45	59	70	93	69	73	77	93	96	88	86	72	72	71	76	74	63	73	79	73	80	85	98	94	101	104	100	98	95	86	72	78	80	83	84	99	96	100	89	86	101	108	103	98	101	84	74	76	68	65	65	65	77	70	54	45	35	42	62	73	92	97	94	101	92	77	65	50	41	47	64	73	70	70	67	67	67	76	85	87	101	100	90	86	84	83	93	101	105	92	80	83	86	87	96	101	104	106	105	108	106	110	120	129	130	136	143	143	137	124	111	107	92	75	76	77	73	81	97	98	98	94	92	90	90	91	93	82	80	89	87	88	92	95	100	98	97	103	89	69	67	71	70	77	83	77	71	69	66	68	71	81	81	72	63	57	59	62	64	63	61	65	68	65	58	57	58	57	58	62	62	63	64	65	62	62	74	90	78	70	63	57	56	55	56	58	57	61	60	59	59	57	59	61	63	64	63	64	65	62	56	55	54	51	53	54	53
94	97	95	91	80	98	112	106	92	82	110	130	112	104	76	87	98	120	99	102	105	76	68	67	78	83	89	91	78	79	89	86	79	70	79	90	82	74	86	80	76	87	92	94	85	79	84	83	89	97	101	101	107	105	99	94	110	99	85	100	99	97	84	75	70	70	64	66	56	53	52	65	71	72	86	83	75	73	76	69	79	77	70	75	94	92	100	105	112	92	96	99	101	112	110	93	96	100	107	103	91	84	88	91	90	82	69	67	83	82	84	89	96	119	121	101	106	104	103	105	106	105	95	104	102	90	74	69	75	95	77	92	62	62	62	59	69	74	76	69	74	88	83	69	82	87	75	86	84	69	61	87	76	60	57	59	82	102	115	104	103	106	108	102	84	96	122	107	88	89	91	92	92	95	91	94	95	99	109	107	108	107	102	105	111	116	115	121	122	117	111	112	124	130	113	85	89	92	82	75	73	70	72	76	78	88	112	108	97	99	101	94	87	87	93	86	73	70	81	84	84	79	76	79	85	92	91	84	70	64	61	57	56	61	64	67	60	57	63	64	64	60	61	64	62	62	67	71	71	71	74	80	82	85	83	78	73	70	65	63	64	68	70	72	78	72	66	63	61	63	66	68	69	65	61	61	59	56	55	55	56	54	53	54
84	85	86	91	103	119	104	97	90	89	80	74	79	80	80	68	71	68	66	67	64	65	58	62	57	54	67	81	78	78	67	86	95	93	96	96	95	78	77	71	66	68	80	85	85	86	94	76	73	70	75	75	72	74	70	82	79	80	69	74	61	79	71	76	66	56	63	71	73	93	70	65	71	64	100	125	93	65	60	61	62	63	65	76	90	129	105	88	115	109	87	96	100	94	99	102	90	87	92	100	100	89	81	83	80	81	89	87	91	88	88	91	88	88	95	94	88	87	82	76	79	82	84	82	86	84	82	77	70	84	90	105	103	94	94	94	73	84	96	86	89	83	92	61	75	83	82	88	98	87	74	73	71	70	85	83	83	94	96	85	80	87	94	93	96	106	123	126	121	109	113	111	113	117	104	100	99	100	101	100	96	95	98	96	102	103	111	115	122	127	113	97	98	90	86	84	83	80	73	68	67	70	73	67	67	73	76	80	74	69	74	78	76	70	69	75	84	88	81	80	86	89	86	95	90	85	79	72	68	65	60	58	63	72	68	62	60	59	63	68	66	63	67	68	67	64	67	70	62	61	63	67	79	85	90	81	72	70	68	70	74	76	80	90	92	86	75	70	65	61	57	57	57	55	54	56	57	58	58	58	56	53	50	49
56	60	61	84	110	125	120	89	82	79	66	73	72	65	64	69	61	90	76	81	68	62	56	54	53	55	63	67	76	81	75	62	71	70	72	68	78	78	77	77	85	92	91	80	72	72	75	80	83	74	67	67	61	64	67	66	59	74	58	56	59	67	77	66	55	62	60	69	71	71	85	107	94	100	102	71	72	79	72	74	60	63	60	68	94	123	111	95	107	85	86	87	83	88	92	90	93	97	95	93	97	88	91	91	84	86	98	95	98	108	102	97	93	92	91	88	89	91	96	94	101	93	90	83	88	80	71	70	73	68	62	79	80	91	100	98	120	110	112	121	120	132	141	81	112	119	101	84	78	71	72	73	62	66	71	86	106	115	122	115	109	103	110	116	106	100	106	97	90	84	93	100	105	107	100	98	99	100	101	100	102	101	105	110	116	130	123	116	114	130	126	95	87	89	83	79	83	81	89	95	87	86	85	75	67	72	70	63	65	63	62	67	73	74	70	71	78	79	72	67	66	65	63	77	87	78	78	85	91	96	98	84	77	80	68	62	61	61	59	60	63	66	68	68	69	67	63	59	60	67	73	85	94	98	99	85	74	67	61	64	64	60	64	72	72	68	63	61	61	58	57	58	57	55	55	57	58	59	56	51	48	54	53	51
74	65	61	72	92	97	75	72	70	70	69	75	80	80	88	98	83	76	72	81	76	74	73	68	61	77	75	76	72	74	65	75	79	81	81	91	91	90	91	81	91	80	88	89	90	78	70	77	92	83	85	84	85	88	76	67	63	65	54	51	48	48	77	58	61	75	69	76	76	74	85	71	71	78	85	76	83	75	72	81	73	63	59	77	85	101	92	81	76	65	74	84	83	87	87	82	88	83	78	78	81	77	79	82	85	84	90	86	81	89	88	93	97	91	84	85	88	91	93	91	90	89	89	88	88	81	73	86	95	123	113	109	117	123	120	100	69	62	81	92	92	97	98	124	113	110	111	95	82	80	76	80	78	73	71	72	72	74	77	94	104	99	95	93	93	100	100	110	107	94	93	95	98	105	107	104	102	102	103	103	101	100	97	100	101	102	98	99	103	117	127	125	105	97	95	93	105	99	92	95	89	81	75	66	58	59	62	64	76	76	69	69	71	69	65	63	65	72	73	72	72	71	66	66	73	70	61	62	79	92	88	81	78	68	61	61	62	64	73	73	64	68	71	74	82	85	82	91	98	89	80	70	67	68	69	70	67	65	63	62	59	56	57	59	59	59	58	58	59	58	58	59	57	56	57	60	60	58	57	56	56	54	50	51
59	61	59	62	65	55	51	54	59	51	49	52	65	61	61	63	64	67	71	74	77	70	59	64	62	56	53	70	71	70	64	89	96	91	75	75	79	94	78	81	91	86	86	85	81	68	66	69	76	85	85	91	86	79	90	78	76	73	73	65	57	57	53	44	61	51	66	53	55	66	50	46	59	46	57	62	79	79	71	73	76	66	69	68	77	90	90	102	92	86	81	89	87	96	93	86	79	86	98	96	90	95	86	77	73	77	83	80	83	85	86	99	90	86	88	90	91	87	82	85	88	86	87	82	90	102	102	111	131	185	166	135	117	120	86	67	72	73	74	68	63	61	56	93	106	122	107	123	99	80	85	80	73	73	72	75	74	68	68	76	91	103	105	101	100	100	104	105	97	81	81	88	96	101	96	96	94	93	92	92	93	94	93	93	91	87	82	82	82	95	112	126	124	109	91	88	90	92	87	77	76	81	87	88	86	83	77	69	72	76	74	75	78	81	80	79	76	80	83	83	80	77	76	74	70	69	63	60	60	56	57	72	75	64	53	63	76	85	100	107	104	106	110	109	102	94	87	91	91	88	83	76	74	77	78	78	82	79	70	65	59	56	60	66	71	66	58	57	58	59	56	52	55	57	59	61	63	61	59	57	52	47	43	42
42	44	46	45	50	54	57	52	51	64	64	61	73	91	93	86	65	64	66	68	54	64	66	52	53	53	56	59	65	72	72	82	81	84	85	85	76	61	63	76	82	96	80	68	73	76	63	85	84	74	77	83	79	64	49	53	64	62	56	50	44	42	41	40	33	39	34	57	51	42	35	39	45	37	40	44	57	102	127	139	144	118	78	81	89	97	92	94	87	96	110	109	95	75	82	92	100	103	86	93	87	82	83	82	101	96	105	95	81	82	87	90	88	83	87	91	86	83	85	85	84	80	88	86	88	104	106	107	98	91	91	98	80	79	82	92	100	96	61	59	62	64	76	73	97	104	98	117	107	82	88	94	92	91	85	86	86	88	85	77	88	89	91	90	88	83	78	84	85	72	74	81	87	90	90	103	108	101	98	95	88	81	78	80	86	99	94	90	97	97	106	116	128	132	116	94	90	98	99	103	99	104	100	91	89	92	94	96	93	91	94	90	85	87	88	89	82	78	75	74	69	67	67	67	66	67	69	73	76	72	69	76	85	81	81	83	98	101	97	101	101	101	104	104	97	90	85	87	90	82	77	82	86	90	90	88	82	70	63	63	61	56	52	53	60	55	50	51	51	53	53	53	52	56	59	57	57	56	55	55	50	47	43	42
53	56	66	81	92	91	78	64	53	67	66	49	52	55	57	68	74	83	69	74	70	95	82	64	70	78	68	69	67	63	63	66	74	74	73	80	80	76	59	60	65	83	72	44	43	42	52	60	61	63	67	85	79	63	66	81	62	51	44	39	42	35	32	30	40	44	48	54	36	33	42	51	47	47	65	69	65	62	93	101	112	92	81	88	94	80	76	75	93	81	78	99	105	101	100	124	111	115	100	108	109	96	78	87	121	111	122	114	103	87	86	86	97	99	90	90	106	89	75	79	83	78	73	73	74	89	100	115	129	119	108	93	78	85	100	83	80	82	79	77	68	87	94	92	99	103	94	104	95	77	76	82	89	93	88	89	95	94	95	102	96	88	95	99	93	96	92	83	79	94	90	88	99	110	129	135	158	165	125	124	129	127	117	115	129	149	148	114	99	103	103	105	111	117	122	113	107	107	104	109	104	95	84	87	91	86	88	101	108	99	94	86	77	74	73	71	69	69	74	83	92	95	93	86	87	93	96	95	93	97	98	94	84	86	92	86	94	87	69	73	78	80	76	79	78	72	70	77	81	78	72	68	69	63	60	62	65	65	70	74	70	60	56	56	54	52	50	51	52	53	53	53	54	54	53	52	52	52	53	53	48	43	39	38
70	64	75	80	72	58	57	57	58	57	57	54	53	58	68	81	82	83	90	96	79	81	80	86	83	77	76	83	82	86	93	83	81	106	79	61	56	58	73	73	66	69	61	51	23	49	62	84	60	54	49	35	69	72	79	63	45	52	47	48	36	38	47	50	51	65	65	47	36	38	42	44	45	48	55	43	43	36	51	56	66	74	68	75	77	70	66	92	117	112	162	161	177	141	118	132	94	100	106	97	99	99	99	76	119	122	101	97	81	77	78	83	87	85	90	91	94	81	75	84	88	84	66	70	78	96	105	103	102	98	89	81	90	88	82	89	84	78	76	81	76	91	98	68	70	79	84	85	84	73	67	60	61	62	63	75	86	85	92	105	122	116	126	122	115	98	102	110	106	107	98	103	119	129	137	147	159	167	177	188	183	153	121	114	121	139	143	112	90	93	95	89	86	93	105	108	94	90	96	94	89	97	104	98	94	95	90	95	97	84	77	81	87	87	84	81	77	81	99	115	107	92	85	97	103	83	80	86	86	83	73	71	72	68	63	63	63	57	55	60	65	68	68	69	66	59	58	68	81	85	78	70	73	67	61	61	67	67	61	59	56	53	50	48	49	50	51	51	50	51	55	57	54	52	50	49	50	48	49	52	52	49	49	51
55	71	65	61	57	58	62	58	55	60	70	76	77	92	91	86	91	91	92	128	95	96	91	90	83	81	91	103	120	142	137	141	130	122	107	102	97	93	93	75	77	69	70	86	79	71	56	71	75	93	107	97	88	63	64	48	52	52	53	44	46	49	45	54	66	48	53	45	43	41	42	38	34	42	47	46	44	71	61	50	53	89	92	82	66	62	57	47	51	56	96	133	190	151	98	88	79	87	102	104	110	95	82	127	132	113	93	88	102	107	86	80	81	79	79	70	73	71	69	73	73	66	58	64	73	84	83	84	78	71	81	75	79	85	87	81	71	63	63	61	84	116	104	79	75	74	84	88	83	76	70	66	67	63	58	69	81	85	91	91	102	93	94	109	108	90	99	98	101	103	100	100	107	126	144	149	147	156	162	156	158	141	117	106	105	110	114	106	97	89	94	107	112	103	98	102	102	108	101	95	95	95	97	89	101	108	98	88	84	84	82	80	86	85	82	79	74	73	68	65	64	61	55	51	48	47	47	49	58	63	66	77	80	65	53	51	53	52	50	50	47	48	50	59	66	66	64	69	79	84	84	77	77	68	65	69	63	55	55	58	58	52	44	43	43	43	45	48	48	48	54	55	53	49	47	48	48	48	47	46	47	46	53	63
51	50	62	49	56	75	81	110	94	66	64	77	86	84	75	68	69	85	91	81	71	77	82	76	90	92	96	112	108	94	78	79	91	96	95	87	87	93	86	96	90	112	111	120	115	95	86	84	74	85	91	89	90	86	94	94	79	84	82	71	62	61	72	75	60	56	42	31	49	58	63	43	44	37	55	48	62	82	88	87	80	98	96	88	87	59	59	66	67	77	59	47	57	82	59	42	47	65	93	117	99	96	122	91	64	55	61	59	58	61	64	67	72	82	100	107	103	102	112	115	125	131	125	119	95	107	92	80	63	63	60	71	62	61	73	79	80	75	82	99	107	97	89	95	102	87	76	78	77	66	60	62	66	66	64	60	60	68	79	81	73	75	86	90	77	78	82	77	83	98	96	94	94	99	86	73	68	75	83	76	70	71	74	78	78	78	78	80	84	85	85	90	105	107	101	103	105	105	113	118	123	114	101	92	87	88	92	98	101	103	103	100	101	97	88	87	86	87	83	81	82	81	75	71	73	65	54	52	58	67	63	62	63	59	55	55	57	57	56	57	56	55	63	95	103	75	53	53	64	73	75	76	82	84	81	75	57	52	51	52	52	51	50	51	48	45	47	45	43	42	43	47	48	46	44	43	43	44	48	52	49	45	54	60
60	60	61	62	60	62	57	58	56	57	71	73	70	77	78	82	73	65	71	76	83	80	72	81	78	85	90	116	126	108	95	100	123	128	116	100	104	98	100	84	66	69	96	97	90	103	108	95	88	76	46	49	52	45	49	43	52	61	84	74	64	75	100	66	64	63	61	48	42	52	59	61	57	52	75	74	61	61	78	97	128	155	157	130	103	99	88	107	112	105	121	134	128	128	119	116	118	107	77	102	119	118	96	100	101	98	104	122	99	90	85	93	143	168	179	178	165	160	166	167	168	160	149	132	105	101	93	94	94	79	71	74	64	58	70	70	74	76	113	130	150	141	128	124	106	77	81	75	74	68	62	58	65	70	64	51	43	54	70	82	81	77	83	80	70	75	85	93	100	105	92	79	94	93	80	84	90	89	80	76	75	78	80	81	81	86	90	96	96	93	98	94	98	102	100	100	99	95	95	102	112	115	116	115	123	149	149	123	119	118	116	111	105	102	94	83	76	73	68	63	69	74	65	59	59	58	57	58	53	56	62	62	59	65	66	61	59	58	56	58	61	62	69	101	105	71	49	58	83	91	90	88	89	89	80	70	58	54	55	52	49	48	56	55	49	44	41	37	36	34	35	39	42	41	41	44	43	45	46	45	41	40	43	45
53	56	58	51	52	52	51	46	47	41	45	56	50	58	65	67	63	60	58	50	51	58	66	73	86	85	89	83	94	120	129	114	123	139	122	111	113	96	90	81	80	85	87	78	82	87	94	95	81	73	42	34	43	37	26	40	34	41	46	55	77	77	79	70	58	63	68	68	57	50	55	52	56	48	65	52	60	54	54	56	55	81	84	75	97	127	128	144	148	154	159	162	146	146	148	107	109	118	104	97	121	151	157	106	95	88	82	87	73	64	70	64	56	59	68	83	80	73	72	71	65	72	74	88	75	77	91	107	100	104	80	82	85	92	74	62	62	51	54	54	53	51	51	54	63	78	72	68	66	68	69	71	83	77	63	53	44	44	52	63	64	64	62	88	120	111	103	95	106	108	97	89	69	74	72	73	83	90	85	81	82	85	83	80	81	87	101	104	100	95	94	90	84	86	91	91	89	91	90	90	91	91	88	87	91	102	101	94	95	98	91	83	80	75	70	64	67	67	64	64	95	91	54	52	48	50	49	48	46	47	54	69	80	83	73	73	79	79	79	86	91	88	87	85	72	61	58	57	55	58	67	78	81	75	69	62	59	58	58	57	53	51	50	48	46	46	46	46	48	46	41	38	35	35	38	41	44	45	44	43	47	49	48	47
109	99	78	83	71	85	87	91	84	86	72	68	72	71	83	70	55	59	57	55	54	58	57	55	53	52	58	71	77	82	74	72	73	120	135	137	124	113	78	79	85	79	69	67	74	74	85	75	66	47	58	84	85	82	72	55	53	57	73	77	95	89	79	91	77	80	82	90	72	60	48	49	44	47	47	63	55	51	56	48	39	43	73	90	77	88	89	93	112	112	109	127	139	144	119	81	84	91	94	104	82	79	81	93	83	86	87	72	75	77	83	75	71	71	68	88	82	81	80	83	73	82	80	76	63	55	62	65	75	88	80	76	79	90	89	80	72	63	54	56	58	54	55	49	58	73	72	73	75	75	70	68	70	69	56	56	68	58	51	61	67	57	53	60	82	92	79	84	99	92	90	84	73	77	78	79	80	80	78	75	77	77	77	80	83	91	102	102	104	111	113	105	95	86	78	80	83	79	75	76	86	91	90	86	80	77	73	69	65	62	61	66	69	72	73	74	82	90	82	105	156	135	75	77	78	73	72	75	64	49	54	67	75	79	81	81	83	83	78	78	83	86	80	68	58	54	57	55	51	55	63	64	62	59	64	64	56	51	46	45	46	47	45	44	45	43	41	41	42	42	41	40	44	46	46	49	48	43	45	50	54	56	53	47
