99	99	96	94	92	94	90	91	93	95	94	94	91	96	94	90	92	92	91	96	95	96	92	92	89	93	88	85	88	90	85	85	85	91	91	88	92	95	90	93	97	95	91	89	87	92	94	106	98	102	103	103	100	108	100	98	99	100	101	101	102	99	98	92	90	94	92	93	94	90	91	88	87	91	92	94	93	89	87	90	84	89	85	86	85	82	82	82	79	81	82	85	84	81	82	84	86	85	86	82	85	83	87	86	86	85	82	85	90	87	85	82	82	83	81	81	86	86	89	82
112	109	110	110	112	106	108	107	106	108	107	110	112	111	110	107	107	106	106	106	107	107	111	110	112	114	110	110	107	107	107	104	103	103	102	101	107	108	107	104	103	103	106	105	104	103	103	107	106	107	106	107	106	106	104	104	106	109	110	111	110	109	108	107	103	102	104	108	110	109	106	105	104	104	104	103	103	101	99	102	99	102	99	101	100	100	99	99	98	99	100	99	98	99	98	99	102	104	101	99	103	102	102	104	104	102	101	103	106	107	107	104	102	104	106	105	109	108	107	94
121	116	113	118	114	111	116	110	110	108	110	111	114	113	111	108	104	108	106	109	110	113	113	111	113	113	114	108	109	110	111	108	103	106	106	107	108	107	105	107	109	112	109	111	113	111	108	113	107	107	110	111	109	108	110	108	109	111	114	115	116	114	113	113	112	110	111	111	110	110	111	108	109	112	109	108	107	108	110	107	104	105	104	103	102	103	104	107	106	107	109	110	106	105	109	106	107	106	103	106	108	111	112	110	112	112	112	111	113	115	116	115	115	117	119	121	120	118	113	98
118	118	121	117	116	115	116	114	112	111	109	114	113	109	112	113	110	109	111	111	115	115	116	114	108	107	107	109	110	108	110	107	104	106	106	108	109	108	108	108	107	112	112	110	110	113	114	113	107	114	111	112	112	111	112	112	111	112	113	114	113	113	112	111	114	113	113	114	112	113	111	114	115	117	115	115	113	114	116	113	109	109	111	110	110	110	113	112	113	112	113	112	113	112	113	113	111	109	111	109	111	115	118	115	115	115	118	118	117	120	119	119	117	117	119	117	114	116	111	100
116	118	124	120	120	119	122	117	116	119	118	119	117	115	114	114	111	112	114	116	115	112	115	115	115	117	118	115	112	107	109	110	107	111	109	109	111	111	111	114	114	114	116	115	115	114	114	112	110	115	117	116	117	119	117	116	117	117	119	119	117	117	119	116	115	113	114	116	114	115	115	117	117	118	118	118	118	119	120	117	118	119	117	117	116	114	114	115	115	115	117	116	116	116	116	115	116	114	116	118	121	125	124	122	121	119	120	119	121	123	122	123	126	125	126	125	121	118	114	99
114	118	126	128	126	122	120	122	122	127	123	122	122	121	122	124	121	122	126	121	125	126	124	118	118	119	117	118	116	115	116	117	114	113	116	117	116	116	116	117	117	117	118	123	124	119	116	118	113	116	118	119	124	124	124	123	125	125	126	125	125	126	126	120	117	117	118	117	115	114	116	117	120	118	120	119	125	126	124	123	122	120	118	120	119	118	118	120	119	121	119	121	119	119	120	120	119	120	124	125	127	127	126	126	125	123	123	122	123	123	124	126	124	126	129	129	127	125	122	102
116	122	125	126	123	122	123	125	118	123	123	124	122	121	123	125	127	128	127	128	126	128	127	128	126	125	125	125	123	121	123	124	122	121	120	121	118	121	119	122	124	123	124	127	125	122	120	120	117	119	124	123	123	123	125	127	128	125	124	129	130	132	131	128	127	128	124	121	120	121	121	120	121	122	123	126	131	131	129	128	126	125	122	120	122	121	123	124	126	121	122	124	123	123	125	125	123	125	126	129	129	128	124	126	126	126	126	127	126	124	124	125	126	129	131	132	129	131	127	103
122	130	133	131	124	123	124	121	121	124	125	129	128	128	127	131	128	129	128	128	127	126	128	128	130	130	131	131	132	129	126	127	127	128	127	129	126	124	124	128	129	130	129	127	130	128	123	125	124	125	128	128	128	128	128	131	129	126	127	128	129	129	131	129	130	126	125	125	123	123	122	124	127	128	130	130	131	131	129	129	129	126	123	125	122	122	123	126	125	122	122	125	122	124	126	128	124	127	127	130	129	131	128	128	131	131	134	130	132	130	126	130	131	133	135	135	134	134	130	108
126	135	137	134	130	127	130	132	131	133	135	134	130	132	130	135	131	131	129	125	128	129	128	129	130	130	128	128	130	130	133	133	135	134	127	126	130	128	126	130	130	129	130	130	130	133	131	126	131	135	133	131	129	117	107	98	89	81	80	76	76	78	77	82	90	97	111	118	121	122	124	125	125	126	128	130	128	131	132	131	131	125	124	124	124	123	122	124	128	129	126	124	126	127	126	129	130	126	130	131	134	134	132	130	135	138	135	133	133	132	127	130	133	135	135	138	137	140	132	106
123	135	137	132	127	135	134	135	139	140	138	132	129	130	131	134	132	134	133	130	132	132	130	131	132	131	133	134	139	137	141	139	136	140	135	133	131	134	134	135	133	135	136	133	133	136	135	135	133	124	97	72	63	69	71	60	57	50	50	49	47	45	44	42	44	45	44	44	52	69	91	115	124	128	130	130	132	135	134	131	130	129	126	124	127	128	126	125	128	132	128	131	129	133	131	133	131	130	132	135	136	136	135	137	141	142	142	136	138	135	133	131	133	136	138	140	142	141	135	113
123	137	139	138	136	134	131	136	135	138	134	131	133	133	136	140	140	138	137	133	136	135	136	137	136	138	139	138	143	140	141	141	138	139	138	141	139	143	143	141	140	139	142	140	139	137	134	112	84	67	70	73	79	92	85	72	70	64	62	59	56	49	43	39	32	32	32	36	38	36	28	29	54	98	128	131	133	137	137	136	133	133	132	133	128	130	128	129	131	134	134	134	133	139	140	142	137	135	136	140	138	139	137	139	140	142	142	137	138	139	140	138	138	138	138	144	145	143	138	127
120	139	135	136	134	137	138	135	136	135	139	141	141	141	141	145	146	145	140	140	144	139	140	142	142	143	142	143	146	142	143	144	140	140	139	143	146	143	142	145	142	142	144	145	142	114	78	73	78	80	86	87	99	103	92	83	79	74	72	64	61	55	50	45	41	36	30	29	24	24	25	25	25	20	45	105	132	137	140	142	140	138	138	131	130	131	132	132	130	134	134	138	138	141	141	143	140	144	143	145	144	143	142	143	143	139	141	141	141	137	142	142	139	140	140	145	145	144	140	133
120	132	133	136	137	144	150	148	148	148	147	145	147	149	146	141	145	145	144	142	143	143	142	143	143	146	146	148	150	147	147	145	144	144	138	147	146	146	146	148	149	147	149	144	103	68	73	93	108	124	136	145	151	154	147	140	129	124	116	102	82	66	56	49	45	39	33	33	27	23	22	23	24	22	19	21	65	129	142	137	139	138	142	139	139	141	138	138	136	137	138	139	140	141	142	145	144	148	150	152	146	143	146	148	144	142	143	141	142	140	142	142	139	143	142	149	149	149	140	130
122	133	136	134	138	139	146	151	147	151	144	146	150	152	151	146	145	144	146	142	146	144	145	148	147	152	152	151	151	148	147	146	145	148	146	148	150	153	153	155	149	147	140	93	65	92	128	147	164	172	176	183	179	183	179	175	169	158	150	143	127	104	86	71	60	46	39	34	28	24	24	22	24	21	20	20	17	38	115	140	143	145	143	144	141	145	144	143	143	144	145	147	147	146	148	150	150	148	149	146	149	147	147	147	146	146	141	141	142	140	143	143	143	144	146	149	150	151	145	135
127	138	143	141	142	140	147	144	144	144	144	151	150	148	153	154	153	153	154	151	150	150	152	153	150	155	153	153	154	152	151	155	151	154	148	152	151	154	154	153	151	133	79	54	87	134	158	180	184	187	190	191	195	190	192	189	183	177	169	161	148	132	111	94	76	60	49	41	33	26	21	20	20	19	20	18	16	17	37	118	144	145	143	144	144	142	143	145	149	149	147	151	152	154	152	150	149	149	150	151	155	155	154	153	153	152	149	143	146	144	146	146	145	145	149	152	155	153	146	138
127	138	151	152	150	153	157	152	143	149	146	152	155	157	160	162	160	159	161	159	157	157	157	159	153	158	157	153	157	153	155	160	154	157	149	152	156	158	157	154	133	84	42	58	112	143	163	178	188	187	189	187	189	189	191	188	184	181	172	164	152	139	121	105	90	78	62	49	39	34	34	25	23	20	19	17	17	16	15	40	132	141	141	135	135	139	147	146	148	144	147	152	154	152	152	151	149	148	151	154	155	159	158	160	161	155	154	151	153	149	150	147	146	146	156	156	160	160	146	141
110	134	148	149	147	150	155	154	147	147	138	139	157	156	159	159	159	162	164	163	166	163	167	166	160	160	155	152	154	156	159	161	154	157	151	152	161	161	157	126	100	67	41	69	115	148	161	179	175	180	178	180	177	182	181	179	179	172	161	151	145	140	131	119	111	98	86	73	57	36	26	23	21	22	19	17	15	12	14	17	78	118	113	121	131	129	132	129	126	133	139	146	143	143	148	145	150	148	151	153	156	156	153	158	163	161	156	154	158	153	151	149	149	148	155	157	163	156	150	140
99	117	130	134	130	141	139	139	133	122	123	121	146	153	152	160	162	165	159	156	149	151	164	166	162	164	160	155	154	155	162	162	157	163	164	165	165	164	128	97	54	49	39	93	131	151	162	169	173	175	181	182	182	179	181	177	180	170	166	159	153	154	144	141	136	126	116	98	69	43	27	31	24	20	21	22	16	16	13	18	27	99	102	99	109	110	110	108	115	127	140	138	129	141	140	127	147	152	152	158	160	162	158	158	158	161	159	154	158	157	157	151	142	143	148	156	165	154	151	132
90	107	113	123	115	109	102	110	124	119	116	111	116	132	139	140	143	140	137	134	134	133	134	152	155	154	160	163	166	167	168	171	165	171	170	175	167	150	114	73	46	45	39	97	138	157	167	167	167	172	176	177	179	181	178	169	158	151	150	155	152	153	147	140	134	124	114	96	68	46	32	28	21	23	18	19	22	20	18	18	17	82	89	81	89	99	100	107	109	116	114	114	128	126	118	116	140	152	155	158	158	161	159	158	160	163	165	164	165	151	150	142	134	132	141	141	145	133	119	110
58	68	86	97	100	93	92	95	104	113	112	113	114	117	119	119	115	116	120	120	114	115	120	109	111	121	129	135	158	165	165	165	163	169	169	166	158	122	95	73	45	45	45	85	126	132	124	120	116	120	148	167	167	164	142	106	92	96	109	119	114	104	94	92	87	84	84	83	69	47	31	28	26	23	21	20	23	22	21	22	22	62	69	73	84	89	92	98	109	104	105	112	111	124	102	111	124	127	144	156	158	162	162	159	165	170	174	172	165	154	150	141	137	138	138	125	128	126	121	113
50	61	79	82	92	93	93	92	108	106	107	104	113	117	110	106	99	105	105	99	95	94	97	101	103	122	115	115	117	164	162	167	159	165	162	151	143	109	79	61	54	53	49	77	80	83	114	103	84	93	110	144	169	149	99	85	95	119	136	103	80	81	81	70	71	82	104	103	84	60	38	30	31	28	25	20	20	22	21	21	23	42	77	73	77	74	75	85	97	98	96	104	105	87	85	97	111	119	137	156	163	162	164	159	161	166	164	160	154	148	149	138	143	130	130	134	153	136	122	122
50	59	70	89	93	94	100	98	108	100	101	108	111	102	100	103	100	104	106	92	86	90	94	98	101	117	103	100	140	153	150	140	113	114	126	137	139	121	68	48	50	38	44	107	139	135	149	138	116	121	142	155	180	148	104	105	130	151	156	147	132	125	123	130	147	154	145	123	91	62	37	26	31	27	23	19	19	24	24	23	22	33	75	70	73	73	75	78	85	89	87	88	88	88	88	96	97	108	128	154	165	164	164	161	160	161	160	156	151	146	145	139	131	120	129	135	146	135	121	121
54	62	77	89	92	89	91	102	101	97	100	102	104	98	96	95	93	91	97	80	83	90	88	84	85	90	89	85	93	114	111	95	100	99	83	104	110	91	75	42	41	33	37	122	161	170	173	169	163	167	166	164	173	149	126	127	147	169	174	173	177	176	175	170	160	148	132	112	80	50	30	26	26	26	26	20	23	19	22	27	26	19	64	64	68	73	78	84	92	95	90	86	86	84	83	87	91	94	111	132	155	158	155	157	154	151	147	146	151	150	145	139	130	126	133	131	134	129	123	120
63	85	94	90	84	90	92	90	89	90	97	100	95	89	83	84	92	89	76	79	81	89	84	78	75	77	79	72	76	75	83	80	94	84	72	85	77	77	73	49	41	35	34	96	147	163	173	179	177	171	168	177	178	150	136	139	149	171	177	180	185	177	173	163	145	129	113	92	65	40	29	28	28	29	32	25	30	23	23	28	28	21	68	91	88	89	86	93	95	94	92	93	92	89	84	88	88	90	99	109	126	139	142	142	145	142	142	141	140	140	134	131	128	130	129	127	130	119	120	119
65	89	91	71	63	60	72	81	80	79	75	80	86	82	83	87	99	91	91	82	86	82	75	74	71	71	72	71	78	72	70	72	74	71	68	61	61	58	51	46	44	40	34	63	133	164	169	173	174	164	163	176	172	150	132	129	141	164	168	171	173	165	160	147	130	110	94	76	52	35	30	26	30	29	32	29	27	21	25	20	26	27	40	68	75	73	78	89	95	99	98	101	101	104	105	111	117	121	122	125	130	133	135	136	134	130	123	120	116	108	105	115	123	127	126	118	122	110	99	93
64	87	78	75	64	59	67	74	81	79	75	76	85	81	79	82	83	87	87	91	89	89	85	76	79	78	77	81	77	75	75	73	74	66	64	58	49	44	44	44	41	31	31	41	101	137	157	162	160	153	140	168	150	114	99	102	105	167	169	166	161	153	141	126	110	95	81	69	47	36	29	29	28	28	32	30	24	29	22	22	27	29	33	50	52	61	60	62	65	72	71	76	76	76	74	76	76	80	86	101	103	104	102	101	102	101	95	104	95	87	82	86	93	91	83	83	91	86	88	90
58	74	65	62	56	60	57	66	79	81	77	77	76	86	81	79	83	75	75	75	85	89	88	74	81	79	76	77	79	74	72	72	71	64	64	60	47	49	44	39	32	33	35	33	69	110	128	138	155	170	169	139	91	74	75	85	113	149	152	146	142	139	128	112	103	91	80	63	46	36	29	27	28	31	29	27	27	26	23	25	24	27	41	44	53	59	60	61	65	60	65	68	68	68	64	69	76	75	76	81	75	76	79	78	85	89	90	95	89	89	83	76	83	82	77	79	86	88	90	104
45	51	50	61	57	69	58	65	77	79	78	79	78	81	73	75	83	77	77	73	80	81	78	77	76	77	76	77	81	75	73	70	69	66	64	66	53	44	42	40	42	42	36	39	42	103	126	133	130	125	141	144	135	115	105	104	104	97	107	128	139	138	129	115	102	88	79	61	45	34	28	25	29	26	30	28	25	24	22	22	18	30	38	42	61	63	65	69	69	66	68	69	72	68	67	71	69	71	73	76	74	79	84	88	93	98	98	95	87	92	79	75	74	77	76	78	89	88	90	94
54	58	62	64	59	55	66	78	77	79	76	77	79	77	80	82	80	86	81	76	75	74	70	70	70	73	69	70	69	69	71	69	68	70	72	70	59	58	47	48	47	36	35	35	32	54	109	135	145	158	165	153	140	129	118	109	110	125	134	138	141	134	121	106	90	80	68	54	42	35	32	29	28	33	30	29	27	22	21	19	28	30	38	40	58	68	69	69	73	72	75	77	72	74	75	76	76	78	80	79	82	86	91	93	90	86	85	84	81	80	74	78	80	79	77	76	84	87	94	95
47	53	57	62	56	55	69	75	73	76	75	75	72	77	73	76	73	71	74	71	69	70	70	71	71	70	72	70	76	73	75	75	77	79	77	83	62	58	55	43	35	34	31	33	36	32	41	76	112	140	156	159	147	138	133	130	128	122	121	123	121	109	95	81	70	64	61	48	38	30	27	28	30	29	27	25	23	23	20	20	26	28	37	46	62	78	71	66	72	75	78	80	81	81	82	73	73	75	75	78	76	78	78	74	70	70	72	76	77	78	80	88	84	83	78	80	88	89	90	84
45	50	44	55	59	63	55	64	62	62	71	71	79	81	79	77	68	66	70	69	67	72	69	69	73	75	84	78	84	81	82	84	84	86	89	94	78	66	59	48	38	37	42	37	39	35	33	35	43	77	129	165	173	175	165	142	133	122	113	101	90	79	68	64	63	59	52	39	30	32	30	27	28	27	29	26	26	26	21	26	27	30	36	41	57	75	81	75	77	82	92	93	88	85	83	73	78	77	76	79	79	81	80	79	77	76	78	80	86	82	81	88	81	80	75	78	85	90	88	73
42	48	46	50	59	58	62	57	61	57	50	62	76	80	77	76	71	71	70	68	63	67	68	67	67	72	75	70	72	79	81	84	88	93	93	98	94	61	48	49	45	36	35	35	39	31	27	33	31	35	46	82	111	116	109	101	94	84	73	67	66	64	61	55	47	43	44	43	38	34	30	25	27	27	26	30	31	26	19	24	29	27	29	39	42	72	72	77	74	73	79	84	84	86	79	78	78	84	75	77	79	77	78	76	70	70	74	81	84	82	86	92	88	80	78	82	89	86	86	75
40	47	48	54	58	60	67	66	50	58	59	58	63	79	76	77	74	75	74	70	68	67	70	76	78	78	90	81	86	86	91	93	98	107	108	109	103	70	56	45	38	34	33	31	32	29	23	24	29	31	34	36	41	51	58	58	59	56	57	55	52	46	46	44	47	52	52	51	50	47	43	38	29	28	25	28	23	23	22	23	26	26	27	30	36	58	67	68	62	68	73	76	79	80	74	70	69	70	69	71	72	73	69	66	65	62	66	71	76	83	85	88	88	88	92	90	93	89	82	68
43	45	48	54	52	57	58	49	46	58	74	61	61	66	77	82	81	82	82	78	81	85	86	87	86	91	94	95	103	106	110	111	108	108	101	104	100	93	64	49	37	38	34	37	31	34	35	31	30	34	34	35	40	50	99	92	84	78	70	62	59	57	59	62	63	66	71	73	74	69	63	47	34	30	29	26	22	27	23	23	27	30	25	27	38	58	67	68	74	74	73	75	75	82	79	75	75	70	69	73	73	69	67	66	67	70	75	75	69	72	78	77	75	73	85	90	100	94	91	74
47	48	52	54	56	57	61	60	48	53	57	57	67	74	77	78	81	90	93	92	95	95	99	98	101	100	102	101	91	107	101	106	102	104	100	103	99	94	85	48	41	38	44	39	37	37	32	30	37	37	37	38	41	50	99	129	123	113	103	92	86	83	80	81	82	86	93	99	97	89	78	58	46	35	30	27	25	23	24	22	32	28	25	23	25	52	57	77	78	86	92	100	94	87	84	93	93	84	83	90	90	88	92	91	93	93	98	103	105	101	92	83	82	86	94	95	97	108	94	79
49	48	57	72	70	67	72	74	72	71	77	82	81	81	84	85	91	92	84	87	84	86	86	82	83	88	99	101	95	100	98	101	101	98	95	99	86	77	82	41	45	39	33	42	36	35	33	34	36	40	38	45	49	54	83	133	141	137	133	125	115	110	109	109	110	112	118	119	120	110	102	85	56	46	39	33	28	28	31	30	44	37	28	22	19	25	43	50	53	58	65	67	65	67	80	85	97	102	101	101	92	98	109	112	114	111	111	107	103	92	92	103	94	87	89	84	94	104	93	81
56	58	65	73	78	83	84	82	82	86	85	89	93	90	100	97	96	100	90	88	78	69	74	73	82	68	56	66	71	83	80	67	70	85	64	59	65	60	60	32	37	36	32	28	32	32	33	39	40	45	54	63	81	102	119	131	141	147	149	143	140	137	134	135	136	141	138	138	140	132	118	106	79	52	45	42	43	43	47	39	55	48	28	26	24	24	22	30	35	44	51	57	59	50	53	77	66	66	51	48	66	93	111	128	124	110	109	104	92	102	106	104	93	90	81	78	82	88	95	82
71	71	71	74	82	82	87	84	85	83	78	92	95	89	90	93	97	87	81	74	73	83	76	78	87	76	53	48	54	45	53	54	55	63	56	50	40	49	41	32	36	31	36	33	36	38	44	53	60	82	105	120	139	157	165	161	160	161	159	152	154	156	155	159	161	163	163	158	155	153	143	131	97	71	57	43	51	48	67	46	55	46	28	32	30	30	28	25	43	50	51	48	52	56	69	72	74	83	81	76	88	95	113	128	123	117	89	91	98	93	110	109	100	86	75	76	89	99	97	83
73	71	68	71	66	75	84	89	80	70	71	81	76	89	89	91	83	79	71	67	69	85	83	81	77	68	48	43	52	52	40	39	44	65	59	47	42	37	28	34	34	34	36	41	44	51	69	100	130	143	151	162	168	170	174	180	173	175	174	170	172	171	175	179	180	176	172	168	165	159	147	136	104	70	60	47	52	66	73	54	61	42	33	37	33	34	30	31	31	40	57	70	77	82	97	115	127	130	132	134	130	126	123	125	109	103	104	105	94	96	97	94	86	87	87	86	95	86	94	75
71	74	77	79	79	77	70	64	67	59	65	79	86	91	87	86	92	84	90	94	94	99	90	88	77	56	54	49	61	66	43	34	44	62	59	49	45	30	25	35	33	36	35	45	55	73	122	150	163	171	177	183	187	188	183	190	190	188	184	181	182	182	184	185	188	181	177	176	167	157	145	137	99	70	66	58	58	69	69	50	48	32	30	36	34	39	31	39	32	30	36	46	56	59	64	78	114	131	127	131	128	121	112	115	114	106	107	104	102	97	103	107	107	105	104	95	87	90	88	88
69	89	81	79	79	76	75	75	82	71	72	86	95	94	86	98	93	84	95	95	93	94	81	71	71	62	65	59	65	68	61	48	50	61	63	53	38	27	28	31	34	41	51	63	78	114	153	173	180	180	186	192	194	197	194	193	190	190	187	182	190	188	191	193	189	185	180	179	173	155	150	134	109	76	70	65	53	66	70	48	36	30	28	34	35	36	44	49	39	38	34	32	41	52	63	75	87	103	99	108	107	117	121	119	122	118	115	116	113	120	121	122	116	101	106	96	98	89	87	90
71	82	77	73	85	83	73	79	92	75	69	76	91	117	109	108	108	102	107	112	95	99	88	78	74	74	66	67	76	76	66	63	63	57	48	31	26	30	33	37	47	62	71	83	105	144	170	182	187	191	193	195	196	197	195	191	191	191	190	187	192	196	195	193	188	186	180	176	173	160	149	125	88	69	63	66	58	62	73	42	28	30	32	38	49	69	77	74	60	60	55	41	31	33	39	57	71	73	100	101	107	119	115	127	129	106	108	122	120	118	117	116	117	115	118	114	101	88	89	87
68	78	83	77	72	73	68	74	81	65	61	72	71	102	88	113	125	121	119	117	108	110	108	92	81	75	71	76	83	81	66	52	43	25	27	28	28	36	33	48	73	95	111	110	128	167	182	188	192	193	196	200	197	198	197	196	192	192	193	188	192	197	196	194	189	185	178	173	169	159	145	122	93	81	72	62	62	59	61	48	55	61	71	81	81	82	87	86	78	70	64	55	45	35	30	30	31	47	58	72	80	85	97	102	122	128	124	127	126	137	141	142	147	145	141	134	123	113	100	91
67	77	76	77	81	76	75	79	71	63	65	75	75	80	70	64	73	87	104	117	110	107	100	97	94	84	83	78	77	64	40	30	30	33	35	36	33	32	41	70	104	128	144	157	174	183	192	192	195	195	194	197	197	197	198	199	199	202	198	196	196	198	195	195	192	190	184	179	175	160	146	113	86	80	67	65	68	78	90	96	102	107	111	115	116	112	114	108	100	82	73	62	47	35	32	34	29	31	26	32	45	52	61	70	70	77	87	90	85	91	100	98	110	114	110	110	117	123	127	118
60	66	80	87	86	83	84	87	91	86	80	75	79	77	73	70	74	77	81	87	104	101	93	96	106	110	107	91	55	34	29	31	35	35	39	35	33	37	59	94	131	158	169	179	191	192	193	196	196	195	192	194	195	196	198	202	204	203	203	203	201	199	198	201	198	196	191	177	167	157	133	116	98	94	93	87	88	95	102	114	122	125	113	105	85	76	67	59	47	44	42	38	32	33	27	29	23	28	35	32	28	34	52	62	63	64	60	62	59	67	83	103	124	123	130	138	134	130	129	118
59	64	81	85	84	81	80	83	83	76	78	80	86	91	89	81	82	80	86	90	87	89	90	90	104	114	106	59	31	30	29	28	36	37	35	29	34	44	62	79	107	158	181	192	194	194	200	195	187	190	185	189	193	198	202	208	205	209	207	209	205	205	205	203	203	200	194	184	171	158	141	126	108	95	98	103	109	102	88	73	61	46	46	44	43	38	33	26	26	28	22	24	23	21	24	28	21	25	29	30	34	32	28	45	60	60	60	62	63	62	68	67	76	91	119	139	133	126	118	116
60	56	75	87	82	82	76	74	86	89	87	94	102	105	109	98	102	105	114	115	114	121	114	110	92	69	43	37	30	28	26	29	38	41	34	36	46	54	69	80	83	97	120	137	159	179	188	187	181	174	183	192	199	203	202	206	207	210	206	203	207	206	203	199	199	194	189	174	155	131	116	105	90	81	65	59	52	43	43	43	46	37	36	29	23	28	28	20	19	17	22	19	21	19	23	25	24	31	31	30	31	37	30	31	46	62	69	69	69	67	67	65	74	80	79	79	79	91	102	105
56	50	55	75	81	83	82	94	98	100	105	103	102	102	92	91	104	99	101	99	93	89	81	60	36	34	37	37	28	28	27	43	43	37	36	52	54	64	73	85	76	82	90	86	89	96	106	110	117	130	153	169	186	192	195	195	194	196	198	200	200	197	194	187	180	163	143	115	97	94	90	76	56	45	42	45	44	38	43	28	31	25	31	38	33	35	39	29	32	23	19	20	19	20	22	25	25	29	32	28	33	33	36	37	43	55	74	71	77	82	81	77	74	73	83	83	82	75	74	94
60	49	54	62	72	84	89	94	94	93	109	104	94	92	86	92	101	95	94	95	87	82	60	29	38	43	37	44	37	32	39	42	42	38	49	64	69	76	77	76	68	72	65	74	81	82	80	86	93	96	97	104	102	104	112	114	117	127	130	133	137	138	137	129	113	102	97	85	73	69	70	53	45	41	31	28	29	27	29	40	44	46	57	58	44	47	46	34	37	25	21	20	22	17	25	25	26	23	29	28	32	33	35	38	38	45	57	67	66	75	81	68	68	68	76	89	92	72	69	74
55	49	46	44	49	72	86	88	88	96	99	104	104	105	104	105	110	111	110	114	113	92	52	37	47	43	43	45	39	38	44	39	42	44	59	70	64	65	64	73	53	49	68	75	70	62	84	87	92	92	93	88	91	94	97	94	90	94	92	89	93	97	92	91	92	84	62	57	60	56	36	26	21	20	24	30	35	33	39	42	57	68	63	45	49	43	43	31	33	24	22	22	22	20	24	24	24	22	30	31	29	32	36	38	37	40	45	55	55	59	60	61	61	65	71	81	92	80	75	79
57	53	50	41	34	41	62	68	75	79	81	89	88	92	94	92	89	92	88	90	90	70	48	45	44	42	45	41	41	39	44	40	38	42	60	66	53	52	65	52	42	56	55	52	49	65	79	84	87	89	88	86	87	88	90	81	80	78	78	72	76	80	79	76	71	60	53	41	35	26	25	21	21	24	29	36	44	41	50	45	64	56	44	45	58	43	43	47	66	60	54	46	47	52	40	36	28	29	37	33	30	31	33	34	38	39	43	44	73	70	72	66	72	70	76	70	73	71	62	71
59	57	58	47	34	40	50	68	68	73	76	75	85	79	77	76	77	78	81	80	77	57	43	40	38	40	39	39	39	36	42	37	39	47	60	58	43	53	47	40	49	59	47	49	56	60	76	76	77	85	80	84	77	77	68	66	65	64	70	77	69	68	63	50	41	39	31	32	28	26	21	21	28	33	34	40	47	43	40	46	42	39	50	53	58	64	80	76	73	65	50	52	54	48	48	46	41	39	36	29	31	31	33	35	34	39	42	45	59	82	91	85	91	83	71	65	67	75	76	82
54	54	51	50	42	44	59	84	78	78	89	91	88	80	79	79	83	83	74	69	60	51	43	42	40	43	33	33	30	30	33	38	37	46	50	49	45	51	36	37	50	52	45	46	48	60	64	58	62	70	65	65	70	62	61	56	65	67	70	64	62	60	54	47	37	30	32	25	22	22	23	25	31	32	32	40	34	28	34	33	31	46	52	48	56	69	74	73	62	68	59	61	63	44	44	38	28	21	23	29	29	34	35	35	33	38	41	38	38	51	59	64	68	69	59	62	65	66	70	77
58	62	63	60	50	64	94	104	100	109	109	112	110	110	109	113	115	111	105	82	74	53	47	45	44	40	35	35	39	30	33	39	40	41	44	42	43	42	41	40	53	42	43	39	44	55	50	51	52	55	57	55	58	53	52	64	67	61	62	71	60	51	37	37	32	35	29	27	26	26	30	32	29	30	36	36	26	25	23	30	40	55	48	57	67	79	73	70	68	68	52	48	45	25	24	21	24	24	25	29	25	28	42	43	41	44	42	42	45	46	65	65	72	78	65	61	66	67	70	66
70	62	62	66	65	100	110	113	112	117	118	117	121	121	118	118	122	116	102	68	51	43	44	40	37	43	41	42	42	34	35	40	39	46	41	38	42	42	41	42	49	38	39	31	45	49	45	54	55	48	46	48	46	57	65	61	63	63	63	53	47	42	38	37	34	25	24	28	28	27	29	27	26	31	33	30	27	32	32	45	54	53	54	56	66	75	65	59	60	46	30	25	19	20	19	24	23	24	25	28	28	29	41	46	52	46	43	42	47	50	65	81	77	85	94	71	72	69	71	75
80	75	78	86	102	107	100	108	112	111	114	109	111	116	120	116	107	111	68	47	43	45	44	42	43	45	41	41	41	42	44	41	41	43	44	36	39	39	36	43	43	41	34	34	48	44	44	50	47	42	41	43	50	60	58	64	59	49	47	47	47	44	41	34	27	22	24	26	25	29	24	24	27	32	26	26	28	39	45	49	55	56	56	49	62	60	57	41	27	21	20	24	19	21	20	24	26	25	28	28	28	30	34	49	49	52	49	45	46	51	50	80	86	89	91	94	93	89	85	85
95	78	71	71	70	73	70	75	81	81	83	86	85	89	92	83	71	59	43	43	42	40	45	50	51	53	51	44	46	42	38	34	36	40	43	40	37	34	33	42	41	44	34	33	41	43	43	47	43	43	42	52	56	51	56	56	50	49	48	47	47	47	32	27	26	27	25	23	26	24	23	27	28	27	25	28	28	44	37	46	56	42	42	40	40	32	33	25	22	17	23	27	25	22	22	22	27	28	26	30	29	33	36	39	47	46	46	44	46	45	42	53	67	64	63	64	65	72	69	67
81	65	58	58	58	60	62	67	68	75	77	73	70	60	62	49	44	46	40	42	37	38	41	51	49	54	58	52	48	44	44	38	39	37	39	35	36	33	33	37	35	40	30	34	40	37	40	42	38	42	51	50	49	55	54	50	49	48	46	47	41	35	27	30	26	28	23	25	23	22	25	23	23	22	21	25	28	33	47	40	34	35	34	27	24	22	22	20	16	22	24	30	24	21	25	22	24	25	25	29	29	31	34	37	39	35	37	36	39	42	38	44	50	51	52	51	56	63	66	63
84	72	64	66	67	67	68	68	69	75	75	65	59	55	46	44	40	46	45	44	43	46	47	50	54	56	59	56	57	50	46	42	40	36	40	35	26	30	30	28	27	32	32	35	35	34	40	36	35	45	50	44	49	53	49	47	51	49	41	33	32	29	27	28	28	27	29	23	26	20	23	21	18	19	23	25	27	31	41	40	27	22	19	21	21	23	21	21	22	26	24	21	26	21	21	21	26	26	23	29	29	29	36	36	39	38	37	39	40	37	41	45	48	52	52	51	63	63	66	65
88	70	61	65	64	64	65	67	67	59	51	44	44	43	48	49	54	47	45	47	53	50	54	54	59	58	63	58	56	49	49	40	40	33	36	33	23	26	29	25	28	32	32	38	37	38	32	36	38	44	44	51	54	52	51	51	43	36	30	30	25	30	27	28	30	31	25	26	24	21	21	23	21	23	24	21	23	33	33	25	17	16	15	17	18	18	25	21	26	25	24	19	22	22	21	19	20	25	20	24	26	29	38	36	39	39	36	38	42	42	41	42	46	52	54	59	67	69	69	67
80	65	63	63	63	57	63	65	50	42	47	43	41	47	58	46	54	46	51	50	53	58	55	53	56	57	58	59	57	44	45	43	42	37	35	32	29	26	25	33	29	30	27	33	33	28	33	36	39	42	49	58	58	53	40	39	32	35	30	28	22	29	27	30	29	29	24	26	25	24	20	22	21	22	25	23	27	25	23	14	15	13	14	14	19	19	28	26	26	23	25	19	18	18	21	18	17	22	24	23	25	29	38	41	40	42	36	37	38	41	43	43	51	54	59	64	66	65	69	67
79	71	69	64	62	52	55	43	49	46	42	47	48	44	46	42	41	47	52	47	43	43	40	42	44	44	43	41	43	43	37	41	38	38	36	25	26	24	26	34	34	29	28	30	26	27	30	36	44	53	52	52	43	42	33	33	32	32	23	27	24	26	26	29	30	27	23	26	23	28	22	22	20	23	21	29	28	22	18	14	15	15	14	16	18	25	26	27	28	28	26	23	33	25	29	24	18	21	21	23	26	29	31	37	34	39	35	34	37	42	41	43	48	50	61	69	69	64	73	80
89	71	67	60	57	51	42	48	47	47	52	50	46	34	37	41	39	39	39	36	34	35	36	35	40	44	39	32	31	29	34	40	39	36	32	27	24	25	27	28	28	27	26	26	25	29	38	42	46	44	41	40	38	36	34	36	34	30	26	29	26	26	26	24	24	24	22	25	26	24	21	20	20	19	23	24	22	19	17	14	17	19	17	18	21	22	20	24	25	24	24	28	39	33	28	24	20	19	18	20	26	27	33	32	30	33	30	35	37	38	40	43	44	48	54	74	72	72	74	78
88	70	59	52	47	36	37	41	45	51	46	44	36	37	47	39	52	62	67	67	65	64	61	63	67	60	57	57	49	40	29	30	38	35	31	26	23	27	26	27	26	23	25	26	26	31	32	36	36	34	38	37	36	36	33	31	29	27	26	23	26	26	22	20	18	25	20	24	24	19	17	16	17	19	19	15	18	15	15	14	16	14	16	18	19	23	25	28	22	23	24	22	24	25	21	22	20	16	17	18	21	26	33	27	29	36	30	34	33	36	39	35	36	42	45	64	70	69	69	78
86	70	57	51	39	35	41	43	42	42	40	37	33	57	47	67	63	67	83	80	55	48	56	68	69	61	65	68	54	46	37	31	28	29	32	24	25	29	28	28	29	30	25	31	38	32	28	25	33	35	32	28	29	26	28	27	28	24	27	23	26	22	23	23	22	25	23	23	21	17	17	15	20	22	16	16	15	16	16	13	18	15	18	23	20	22	20	25	21	21	21	21	20	19	18	21	18	24	19	16	22	23	26	27	27	28	33	30	30	35	36	35	38	38	42	50	54	58	63	78
77	62	53	54	35	37	40	41	40	40	40	29	38	45	61	55	64	67	69	69	79	105	86	66	64	84	83	71	71	70	77	78	45	42	46	47	57	68	70	65	59	49	37	33	35	33	30	30	30	27	26	25	26	25	25	23	24	25	25	23	23	24	23	25	24	22	24	17	16	16	14	14	18	16	17	18	18	17	18	15	21	20	20	23	22	19	19	22	24	27	24	25	21	18	20	23	22	22	23	18	17	20	26	25	25	37	32	30	33	31	36	38	36	37	40	40	46	52	60	66
81	62	51	43	36	38	42	41	40	40	29	26	44	57	51	67	81	87	89	89	96	58	59	73	89	71	73	82	74	96	78	72	96	110	137	162	169	172	163	157	149	140	130	114	95	80	58	39	30	30	26	24	25	23	22	20	21	21	23	24	21	25	26	24	23	22	19	16	16	13	13	15	16	19	17	20	18	19	18	18	17	18	20	17	21	20	21	25	27	29	28	22	21	19	19	17	17	15	15	18	18	20	26	26	26	32	31	31	31	34	32	31	37	39	38	39	41	54	55	64
81	55	41	44	38	39	41	38	38	40	33	28	38	46	46	62	78	83	75	63	55	77	95	81	49	65	80	64	69	53	72	108	121	159	168	167	173	173	171	166	163	158	150	150	146	141	132	127	118	107	92	74	49	28	23	23	23	23	24	25	24	24	24	22	23	22	21	18	15	12	12	16	16	16	16	16	15	19	15	20	16	17	16	21	22	23	26	24	27	28	28	24	20	19	20	17	19	20	21	20	25	27	28	27	29	35	31	35	30	34	31	32	38	39	41	44	46	48	53	64
77	54	42	42	38	39	40	38	42	35	30	32	33	39	52	55	73	64	48	68	82	63	53	45	60	60	61	62	58	63	96	93	139	151	155	157	163	160	158	157	160	158	159	156	155	151	146	144	143	144	145	140	129	108	67	44	27	25	23	24	25	22	25	24	24	25	19	17	15	15	14	13	15	15	14	16	18	17	15	19	15	16	15	15	16	20	20	22	23	24	27	25	19	19	21	19	20	28	35	36	24	28	25	29	44	36	29	35	35	35	36	32	37	43	41	44	47	48	51	68
79	54	39	41	37	36	41	37	39	33	28	30	21	32	44	42	44	39	44	73	65	42	53	48	53	61	71	56	56	66	79	79	124	134	140	140	144	143	143	143	147	152	154	155	154	155	153	150	146	146	143	141	139	133	129	127	121	100	80	55	31	21	19	18	18	16	17	14	15	12	13	14	13	12	13	18	17	17	13	12	14	12	13	10	12	18	14	15	17	22	24	24	19	17	19	17	18	23	23	23	21	31	28	34	31	30	33	30	32	39	31	33	38	42	38	41	38	43	51	60
79	52	37	38	35	33	38	35	37	31	29	26	20	25	29	36	38	37	39	42	42	40	43	50	45	49	49	53	43	64	68	60	90	104	112	109	111	115	121	127	134	138	141	145	147	150	150	151	148	149	147	149	148	146	146	149	146	142	136	126	103	80	61	44	22	19	17	12	16	13	13	14	18	12	15	20	28	38	51	53	50	44	38	32	25	31	31	25	17	16	18	21	17	21	23	23	22	23	25	33	64	41	36	27	28	38	27	26	34	46	28	31	38	39	44	40	35	40	48	56
67	54	37	34	30	28	27	25	30	31	28	22	19	19	22	28	29	33	36	30	33	32	31	36	40	39	44	41	32	37	52	53	56	66	73	75	78	91	103	115	123	126	131	133	138	141	144	144	139	138	140	145	146	139	126	119	128	145	155	158	148	119	77	72	72	62	59	58	78	96	94	84	74	66	64	53	50	64	73	77	76	60	60	63	63	62	55	53	52	29	24	17	15	16	22	21	22	26	22	36	73	70	49	32	32	29	28	24	29	32	35	30	39	37	40	39	36	41	53	49
76	66	48	35	25	22	22	23	21	21	19	20	17	18	17	17	20	23	27	25	23	23	23	27	35	38	35	38	29	32	31	41	46	47	54	68	90	99	98	111	119	119	121	126	130	130	136	134	132	131	132	137	142	138	128	105	72	73	96	119	130	132	127	102	83	82	77	81	83	84	97	92	75	65	68	78	73	68	58	71	72	78	79	63	52	52	47	42	47	46	36	25	19	15	12	18	20	15	23	23	39	36	25	30	28	26	32	29	29	34	32	32	35	31	35	30	35	43	51	53
62	43	35	34	25	27	26	29	30	22	22	19	16	23	21	20	22	24	20	19	16	19	18	18	20	22	21	26	22	30	54	80	101	113	118	126	139	136	120	100	102	105	110	113	118	121	121	121	124	128	122	114	113	124	136	144	134	96	68	56	61	76	93	94	89	89	84	84	82	75	63	55	71	67	63	63	71	68	55	50	57	57	70	76	62	46	44	44	46	44	40	36	28	16	15	15	16	14	15	18	21	22	23	31	24	23	26	25	28	32	27	26	29	34	31	34	40	46	51	52
42	36	34	30	26	30	29	26	25	19	21	19	21	25	25	25	26	25	25	20	20	20	20	18	20	18	20	20	66	110	107	104	99	100	113	139	141	138	134	123	105	89	89	95	102	107	109	112	119	127	132	129	102	84	96	116	128	132	129	103	74	62	58	58	66	80	85	83	75	72	66	56	51	61	67	60	63	70	72	63	51	45	38	38	46	49	46	39	43	38	40	42	33	21	13	12	10	17	12	10	16	14	22	25	19	20	21	26	31	29	27	24	27	35	32	34	43	54	53	58
46	32	31	26	22	21	25	29	23	22	25	23	22	24	23	23	23	24	23	24	20	18	18	17	18	17	18	31	91	86	81	80	101	126	131	124	131	147	145	133	125	110	91	79	82	92	97	98	95	96	113	127	137	134	104	74	76	96	110	109	105	93	64	51	53	46	49	55	58	43	56	49	49	45	52	41	40	53	65	71	52	38	41	46	36	36	38	29	29	28	30	31	26	16	14	14	10	10	12	14	14	14	18	23	21	22	20	19	36	24	25	24	32	32	39	36	42	53	58	61
37	32	30	21	19	22	20	24	28	25	25	24	23	23	26	25	25	25	24	24	24	24	23	22	21	18	23	51	89	78	83	111	118	109	101	110	135	138	135	132	126	113	103	89	76	72	79	93	97	83	71	78	100	122	131	127	94	63	64	78	95	100	97	82	62	41	46	49	45	48	36	34	41	38	49	33	28	34	42	44	42	37	35	32	36	38	36	31	26	22	22	26	21	15	11	9	9	10	12	13	11	13	18	19	21	20	19	17	25	24	26	28	36	40	40	30	44	53	56	55
34	30	23	18	17	18	19	22	25	24	24	25	23	26	26	28	25	25	29	22	23	22	22	25	24	23	29	65	81	74	102	97	88	85	98	123	119	132	133	122	106	94	85	80	72	64	59	54	66	78	81	70	60	68	84	91	88	79	68	55	55	61	76	92	93	73	40	36	40	40	25	31	32	35	32	23	26	24	33	31	28	27	26	25	28	28	29	27	24	19	15	19	15	13	9	9	8	9	10	10	9	14	15	16	20	20	28	24	27	25	25	26	35	39	38	32	41	49	54	53
33	24	16	24	18	15	17	14	19	18	19	19	23	21	21	21	20	19	21	21	21	22	26	28	28	30	35	43	61	65	79	85	78	94	110	113	127	120	102	87	77	67	58	54	53	49	44	39	40	41	50	51	55	55	51	47	46	51	58	60	58	47	36	41	53	65	51	22	26	24	20	23	28	27	20	21	20	19	22	20	18	21	20	18	20	18	19	19	16	13	12	12	11	9	10	11	11	11	12	12	13	15	13	24	21	22	22	21	25	23	26	25	29	34	39	33	39	40	47	44
35	22	13	16	18	18	22	23	24	24	23	20	18	17	17	17	16	16	17	15	20	21	20	24	23	28	32	35	39	46	58	68	73	94	109	119	99	82	63	51	49	48	49	52	54	51	50	51	54	54	51	52	52	55	58	54	50	45	41	38	39	38	34	29	27	25	22	16	16	14	15	16	15	13	10	13	12	11	13	13	13	15	13	14	14	13	11	14	10	12	12	10	9	10	8	9	10	11	10	12	15	16	17	19	18	18	22	19	23	27	27	31	28	29	35	27	32	37	40	38
33	25	26	23	24	22	21	25	23	22	25	26	24	21	23	20	20	26	22	19	22	23	19	22	24	29	29	30	29	28	31	44	48	82	93	73	65	50	36	32	43	41	44	39	38	37	33	34	41	36	37	37	40	47	46	45	36	34	31	29	29	27	28	27	27	25	25	23	22	18	16	15	13	14	12	12	10	11	12	9	11	12	12	11	14	12	9	11	10	13	11	12	9	8	8	9	7	7	9	10	11	16	15	20	21	22	21	20	26	24	28	27	27	28	29	26	30	34	39	38
34	27	26	22	22	23	25	24	23	27	27	25	19	19	19	21	20	19	23	22	23	23	23	20	23	26	23	22	22	24	29	30	36	65	73	63	47	39	32	30	34	39	36	34	32	35	33	30	36	38	42	44	40	42	43	37	32	30	29	27	24	24	22	22	25	21	23	21	19	17	16	15	13	14	14	14	12	10	9	10	9	9	9	8	9	9	10	11	11	10	9	9	9	7	8	10	8	7	10	10	11	16	17	18	25	26	20	22	27	21	23	23	24	25	31	26	29	33	40	36
27	23	21	16	19	23	18	18	20	19	19	17	15	17	19	20	21	22	20	23	21	23	22	22	22	19	18	20	20	23	27	29	31	39	51	47	30	30	28	28	25	29	27	29	32	34	33	38	36	37	38	41	35	36	31	29	28	25	24	23	22	22	22	22	22	22	21	20	16	14	16	14	13	11	12	11	9	9	8	8	8	8	8	8	9	8	8	10	9	10	8	7	7	8	7	8	6	8	7	9	8	13	15	16	20	26	22	18	21	20	19	19	22	25	26	23	24	36	38	30
27	23	20	17	16	19	18	22	18	16	13	14	15	14	16	18	16	18	18	21	21	20	16	17	15	17	21	22	22	26	24	24	29	30	27	27	23	24	22	23	18	17	21	23	22	25	28	25	24	23	25	28	23	21	18	17	14	15	14	12	10	10	10	11	10	11	11	12	9	11	10	13	11	11	12	12	8	7	8	7	6	8	7	8	9	7	7	8	7	8	7	8	7	7	8	8	8	7	8	7	8	9	9	14	17	26	30	17	19	17	17	17	19	20	24	20	24	32	35	24
31	21	18	17	20	19	18	18	17	13	13	13	15	16	18	19	20	18	19	17	18	15	16	17	18	17	21	22	24	26	30	24	23	25	27	19	18	20	18	15	15	14	16	16	16	21	21	19	20	21	19	17	14	14	15	16	14	11	11	9	9	9	8	9	10	8	10	9	6	8	8	10	8	10	10	8	7	6	5	6	6	7	7	10	9	8	6	6	5	7	7	6	7	7	6	8	7	8	6	8	8	10	7	10	12	20	25	16	16	17	13	17	18	18	17	19	18	28	24	23
31	19	21	20	16	16	18	18	16	16	15	16	18	19	22	19	15	14	15	14	14	15	14	16	17	18	21	20	17	17	21	17	14	16	18	18	14	20	19	17	16	17	18	18	18	22	27	21	17	21	15	15	14	13	15	15	13	10	10	9	10	8	7	7	9	7	9	9	8	7	9	9	9	10	9	10	7	7	7	7	6	7	7	7	7	7	7	7	5	9	7	7	8	7	6	6	6	7	5	7	7	9	8	9	16	16	16	14	15	14	11	12	16	17	15	16	18	27	25	23
24	18	18	17	13	13	13	12	14	14	16	14	15	16	17	15	17	15	14	13	18	20	20	24	24	22	21	20	18	20	17	17	16	15	15	13	10	12	15	15	17	18	16	16	18	18	25	21	13	15	13	11	9	11	13	13	15	12	10	10	11	10	6	5	7	7	6	6	7	8	7	8	9	9	10	9	6	6	8	5	4	5	5	6	7	6	5	6	5	6	8	7	8	7	6	6	7	5	5	6	7	7	7	9	12	14	13	11	17	16	14	13	17	15	11	15	17	23	25	22
21	14	15	15	15	14	14	13	13	15	13	14	14	13	12	12	13	13	14	16	18	22	21	23	22	21	25	20	17	17	18	17	16	15	15	15	12	12	14	15	17	16	19	21	20	18	25	22	15	13	11	11	15	15	13	13	12	12	10	11	11	10	7	6	8	12	11	11	9	8	7	11	14	14	15	12	7	7	6	5	6	6	6	7	5	4	5	6	8	7	9	11	8	6	6	6	4	6	7	7	7	7	9	8	12	11	12	11	13	20	13	12	10	11	12	14	14	17	21	23
35	15	13	14	15	17	17	15	13	14	13	15	16	13	15	14	16	16	17	21	21	20	21	22	20	19	20	18	17	19	16	16	15	16	17	16	17	18	17	19	18	19	21	20	18	23	23	23	19	19	16	18	14	13	13	13	12	13	13	11	10	12	11	12	10	11	14	15	13	11	13	16	14	14	11	13	8	14	14	15	10	10	9	6	8	8	7	9	8	10	9	12	10	9	6	10	6	8	7	5	7	7	8	6	9	8	12	10	10	12	11	10	11	11	14	17	14	14	16	31
62	24	17	16	17	23	14	13	16	16	15	18	17	25	25	17	19	30	12	18	13	14	17	19	16	18	15	39	47	25	22	22	18	17	14	19	14	15	15	14	17	17	21	21	20	30	29	27	23	34	29	23	22	28	26	23	23	21	21	18	20	15	15	16	15	14	17	18	16	17	16	20	16	21	15	15	17	15	17	15	15	11	10	7	10	12	13	9	11	13	11	10	13	6	9	10	8	8	8	8	15	10	8	7	6	6	7	8	9	9	9	14	10	11	16	14	18	13	19	59
