7	6	3	7	24	29	19	13	14	2	9	20	28	15	17	17	17	25	24	13	8	13	22	4	8	3	21	13	2	4	9	2	3	5	1	9	4	4	4	3	5	0	4	1	1	2	1	8	0	0	2	0	0	2	3	1	0	0	0	0	0	0	0	4	0	2	0	0	0	0	2	0	0	0	1	0	17	0	0	6	0	0	0	0	0	0	0	0	0	0	0	0	0	0	0	6	12	67	41	0	0	0	1	0	0	0	0	0	1	5	1	2	0	3	0	0	1	0	0	0	0	0	0	6	15	0	13	3	10	0	5	5	4	9	0	15	16	24	14	13	5	0	2	12	2	17	16	0	6	1	1	9	16	26	30	30	40	44	43	49	32	24	15	12	6	2	0	2	9	9	12	10	8	6	12	21	26	27	21	23	33	34	38	58	40	45	34	26	20	22	21	23	28	32	36	33	34	38	29	36	39	52	42	32	39	40	26	11	4	7	4	2	3	0	0	1	7	6	3	0	3	1	0	0	2	6	5	11	11	23	20	22	28	29	54	24	21	17	20	12	21	16	18	15	19	42	39	28	35	66	46	36	45	51	46	35
8	5	10	5	6	8	9	8	6	7	22	18	16	10	17	14	23	62	54	43	56	44	33	25	20	17	24	10	3	1	3	0	14	7	1	12	7	0	3	1	10	2	1	7	2	0	0	0	4	4	7	3	2	22	35	8	4	0	0	0	0	0	1	0	1	3	0	0	0	1	0	1	4	0	0	0	0	3	3	0	0	0	4	0	0	0	0	0	0	0	0	0	0	0	0	0	0	0	0	0	0	0	4	1	0	0	0	0	0	45	3	0	0	0	0	0	1	0	0	0	0	0	0	4	2	6	6	13	4	18	5	31	8	31	3	5	4	9	6	3	7	0	10	6	27	8	15	13	3	1	15	7	13	17	26	32	50	57	55	54	61	52	31	27	11	3	2	2	19	32	23	19	5	3	7	19	23	21	29	30	29	38	43	44	39	39	32	22	23	19	16	22	34	27	24	29	19	25	30	27	27	25	30	30	41	50	27	15	9	9	6	2	5	1	1	4	8	1	1	0	4	3	0	0	1	6	14	7	11	14	18	33	36	33	25	19	22	23	22	25	29	36	28	28	42	43	59	43	51	72	44	57	42	46	42	35
7	9	12	6	7	20	17	15	5	10	11	29	13	15	5	4	8	5	3	14	32	43	36	12	29	31	16	8	1	14	6	6	2	2	8	6	7	3	2	4	7	2	4	6	8	4	2	4	8	2	3	6	12	4	8	10	2	0	1	1	3	4	1	0	0	0	0	0	3	0	0	0	4	0	0	0	0	3	0	0	0	0	0	0	2	0	1	0	8	0	7	0	5	8	0	0	0	7	0	0	0	0	3	0	0	0	0	0	0	0	0	0	1	1	5	0	0	5	5	0	0	0	0	8	12	24	1	6	4	12	3	11	10	10	1	7	5	8	20	11	24	3	10	5	12	6	5	18	5	3	15	8	11	19	20	34	35	49	42	46	50	51	39	38	15	4	4	8	6	18	15	9	2	6	16	6	9	11	12	16	19	21	23	26	26	27	26	31	27	26	17	20	18	29	34	44	49	46	38	28	26	30	28	37	34	31	26	22	10	3	1	3	4	7	2	11	3	0	0	3	0	0	0	0	3	2	2	6	11	17	23	28	32	33	34	24	25	40	44	29	27	27	24	47	76	100	89	52	46	45	49	37	44	32	31	30
12	6	12	11	20	20	21	14	25	26	32	26	18	18	17	5	2	3	2	3	8	3	11	4	4	27	8	7	2	2	3	7	4	1	4	3	1	1	2	2	2	1	0	0	2	1	9	10	16	2	4	2	5	9	4	1	1	0	0	1	2	0	0	1	0	0	0	0	12	6	0	0	1	0	0	0	0	1	2	1	0	0	7	1	8	2	2	3	2	0	0	0	1	0	0	0	0	14	1	32	42	3	0	2	0	0	3	2	1	0	2	7	0	0	2	0	0	0	0	0	2	1	0	0	6	10	7	21	11	7	5	6	16	18	9	4	2	1	9	10	10	4	11	13	12	5	10	0	0	6	5	9	6	11	14	22	29	30	44	31	24	22	26	15	6	4	6	7	8	16	12	17	17	13	9	15	12	12	15	18	19	20	19	19	20	21	22	23	22	22	25	31	39	49	52	50	45	44	43	50	53	52	54	48	41	36	28	23	15	10	6	2	1	0	1	6	13	11	12	17	1	0	0	5	23	1	1	2	4	10	15	18	21	27	45	25	50	51	30	15	23	26	33	46	63	79	63	43	40	41	55	34	35	38	25	18
9	4	10	16	24	26	22	27	58	45	40	26	24	17	11	9	3	6	9	13	3	10	22	14	5	5	18	57	6	12	5	6	2	5	4	2	1	0	4	1	4	5	2	1	1	12	12	17	3	5	5	7	2	15	4	1	8	2	3	1	11	3	0	0	0	0	0	0	0	0	0	1	0	3	2	0	0	0	0	0	5	1	0	0	2	0	2	0	0	0	0	0	0	0	0	0	0	0	0	39	57	8	0	0	8	8	11	3	2	0	5	6	0	0	1	3	0	0	0	0	0	0	4	0	0	0	17	19	11	8	20	2	4	0	7	2	5	1	4	13	20	9	9	2	17	20	14	13	6	3	2	5	11	9	10	28	31	23	24	22	23	19	19	12	5	4	13	16	12	3	4	17	28	24	21	16	14	13	11	11	12	14	19	18	18	19	20	23	30	37	41	46	49	47	41	40	40	48	59	71	77	71	59	53	40	47	40	31	15	6	5	2	1	3	8	13	15	15	9	7	4	1	1	0	0	0	1	1	7	7	8	33	17	11	29	39	29	22	21	32	52	39	52	42	45	43	43	47	41	53	81	41	31	23	29	28
10	12	11	21	34	36	35	40	35	25	27	21	11	15	19	20	10	15	12	15	13	18	21	18	30	20	8	22	24	15	23	22	8	8	12	10	5	4	1	4	3	8	12	15	3	14	22	23	10	6	7	8	9	3	2	1	2	1	6	2	1	0	0	0	3	0	0	1	0	0	0	0	0	0	0	2	2	0	0	0	0	1	0	3	0	8	0	0	1	0	0	0	0	0	0	0	2	0	1	0	0	0	0	2	0	0	23	46	0	0	0	4	22	5	0	0	0	22	22	1	0	0	9	14	28	1	20	51	14	6	2	4	2	5	11	9	0	15	9	4	8	2	5	10	3	3	0	3	85	87	4	0	10	3	11	18	16	18	22	27	23	28	34	34	20	14	8	6	4	5	7	10	12	13	14	14	28	9	9	12	13	13	13	11	15	16	22	28	35	43	48	48	44	44	51	63	75	88	96	91	78	60	46	32	24	19	20	31	13	7	16	3	2	1	0	3	4	3	7	9	8	5	2	1	0	0	2	2	3	7	9	16	18	11	18	36	41	39	51	34	36	43	49	47	45	42	53	34	23	20	15	23	22	16	23	26
17	7	11	9	23	18	21	31	36	35	28	31	34	38	19	26	34	27	9	17	22	34	38	26	35	40	15	17	9	4	11	9	13	56	16	31	13	4	3	1	2	1	1	3	7	18	18	18	19	20	14	5	9	3	5	1	1	3	5	1	0	8	9	0	0	0	1	0	0	0	0	0	0	10	0	1	1	0	0	0	0	0	0	0	0	0	0	0	0	6	0	0	0	1	0	0	0	0	0	0	0	0	0	0	0	8	1	0	0	0	6	79	127	75	0	0	0	46	64	2	0	0	9	2	0	0	0	4	5	1	0	1	2	0	0	3	2	2	14	13	18	5	2	4	9	31	4	4	9	26	52	5	7	3	5	10	8	13	19	23	26	24	21	26	20	23	9	7	9	2	3	14	5	2	3	2	4	7	13	27	19	12	13	15	21	32	43	51	55	52	48	52	58	65	79	94	104	102	91	74	55	36	28	25	22	21	18	9	5	5	3	0	7	2	18	8	2	4	9	9	3	2	1	1	2	0	1	2	0	6	17	5	4	10	10	4	22	22	29	21	24	32	30	32	41	35	39	36	37	25	18	14	11	14	13	19
23	13	4	11	24	7	17	29	28	25	31	35	25	29	21	26	42	34	34	38	16	24	33	42	34	38	39	22	16	8	5	9	4	5	25	25	9	5	2	3	1	5	0	2	4	7	9	5	7	5	7	5	6	4	2	5	2	5	1	1	1	0	1	1	1	0	0	9	3	0	0	0	3	1	1	0	1	0	0	0	19	46	3	1	0	0	0	2	0	0	0	0	2	0	0	0	0	0	0	0	1	2	0	0	0	1	1	6	20	52	38	43	41	18	4	0	0	1	0	0	0	11	5	0	0	3	3	30	12	2	8	5	1	2	1	3	5	47	52	11	8	6	9	7	3	6	14	0	17	16	6	18	2	0	6	5	14	7	8	11	15	16	13	10	15	6	3	4	12	3	0	0	3	4	8	14	20	22	19	22	27	21	30	44	57	68	72	68	63	65	70	77	91	106	116	111	97	81	64	48	40	39	36	30	24	14	6	6	3	0	0	1	0	0	3	5	10	13	9	10	11	11	11	7	6	7	7	7	12	22	24	26	16	17	17	17	20	8	11	10	13	16	10	18	28	29	45	35	29	28	19	13	11	18	7	16
5	7	10	13	20	31	33	23	26	24	37	37	59	57	45	44	51	48	40	45	29	38	30	34	38	33	36	17	10	21	8	13	18	24	16	11	8	10	6	4	7	3	1	4	2	3	1	0	1	0	0	0	1	2	1	0	0	10	1	1	6	7	2	5	1	0	2	0	0	1	0	2	1	3	0	0	0	2	1	0	9	2	4	2	0	0	0	0	0	0	0	0	0	0	0	0	0	0	0	0	0	0	0	0	0	0	0	2	28	54	90	124	106	36	8	0	8	8	5	4	11	5	2	0	1	0	0	0	2	1	4	8	4	6	8	0	2	10	15	9	17	10	20	25	3	0	1	6	11	2	0	3	1	1	3	18	9	7	6	8	6	8	9	10	8	29	50	20	1	3	5	8	14	20	29	32	30	44	29	44	63	58	72	83	87	82	76	79	82	91	106	120	125	119	106	95	83	65	58	56	52	44	38	27	16	13	10	13	4	1	0	0	1	7	9	12	10	15	16	20	25	26	25	21	16	9	7	10	14	21	15	19	16	9	6	4	14	4	10	13	21	19	9	13	18	19	16	20	23	19	13	12	11	9	6	8
14	15	3	5	15	13	15	10	10	18	34	47	59	56	64	73	47	62	58	62	70	61	48	44	62	55	24	8	15	10	20	5	4	19	63	88	34	10	14	8	8	15	17	3	1	4	3	0	2	2	0	0	3	3	5	1	0	0	6	0	3	6	7	20	2	2	0	2	3	1	0	1	2	0	2	0	4	1	2	0	2	1	6	2	2	0	1	0	0	0	7	1	0	0	0	0	0	1	0	0	0	0	10	25	0	0	0	2	10	27	38	38	27	7	0	0	0	1	1	8	3	1	4	31	2	0	0	1	14	11	7	1	1	6	2	0	5	24	3	12	3	2	5	4	5	0	0	2	0	2	4	3	0	11	5	16	7	2	3	5	6	2	4	10	13	65	100	32	11	14	17	30	37	44	42	41	41	50	57	74	90	98	101	94	88	91	96	104	118	127	129	127	119	113	100	84	79	86	71	54	42	36	24	13	8	11	16	16	14	11	2	10	12	13	11	14	15	51	15	25	28	65	28	29	20	11	4	4	8	14	27	39	18	16	20	13	7	13	21	20	10	11	7	15	18	25	25	13	11	10	13	10	11	6	9	4
0	0	2	3	5	2	5	11	9	14	32	43	41	51	46	50	50	70	69	70	64	57	65	57	62	49	40	9	11	7	16	10	12	5	7	7	5	28	34	12	8	7	11	3	2	5	1	3	1	16	2	3	1	5	11	2	0	0	1	7	4	6	4	2	5	3	1	4	8	6	3	1	9	7	3	5	7	3	4	5	2	1	0	2	1	3	1	6	0	0	0	1	0	0	0	0	0	0	0	0	0	0	0	0	0	0	0	0	0	0	0	1	3	4	0	1	0	4	8	0	2	0	0	0	1	10	0	0	0	2	2	1	18	7	12	11	11	17	5	1	11	1	1	5	12	1	1	4	10	6	1	3	0	8	2	0	0	0	1	0	0	2	4	6	9	8	11	19	22	32	49	53	53	54	62	61	73	91	104	110	111	104	102	105	110	116	124	132	138	140	137	131	129	126	112	102	90	79	72	56	38	20	10	10	13	14	14	15	31	18	34	35	16	22	23	23	22	17	16	18	18	30	27	58	60	27	23	22	25	29	45	38	34	43	41	26	38	26	22	27	28	19	22	28	32	42	79	27	12	15	32	20	11	15	10	5
15	14	19	25	14	14	12	18	23	20	35	33	56	73	69	62	50	62	62	57	53	56	61	50	57	43	28	29	18	9	10	25	38	41	17	19	15	11	27	46	33	7	6	19	17	6	1	2	4	2	2	3	1	6	3	3	2	2	2	2	5	1	3	5	4	4	12	25	13	2	3	3	2	7	7	5	2	1	3	10	7	1	9	4	2	2	2	0	0	1	2	3	1	0	2	3	0	0	0	0	0	0	0	0	0	0	0	0	2	0	8	0	0	0	0	0	0	0	0	0	0	0	0	0	0	5	0	0	1	0	14	1	3	0	9	6	0	15	6	3	15	2	1	2	5	1	3	13	11	8	10	11	14	11	4	0	0	1	2	2	14	51	10	11	17	18	30	54	52	61	63	65	71	74	87	103	114	119	121	119	116	118	121	123	133	143	151	155	151	146	134	156	183	169	142	113	91	78	58	30	23	27	17	14	23	26	26	36	41	40	43	58	47	25	30	36	34	29	30	34	31	25	29	32	35	38	39	38	37	47	44	55	33	39	33	31	29	39	37	32	31	35	57	56	31	27	35	35	22	20	21	30	31	21	60	37
12	13	19	24	16	16	28	38	35	37	52	47	50	59	64	64	59	57	62	65	71	51	45	48	57	81	65	61	46	18	24	63	63	67	52	37	26	20	25	55	12	6	5	9	1	2	9	5	1	6	4	4	12	14	6	4	1	1	0	3	9	5	2	5	14	18	23	45	17	2	4	8	8	17	13	11	10	5	4	5	10	5	3	0	1	2	1	2	1	0	1	0	0	0	0	0	0	0	0	2	0	0	0	0	0	0	0	0	0	1	0	1	2	0	0	1	0	0	2	1	4	0	0	10	0	0	0	2	0	0	2	1	4	1	15	2	1	0	11	4	2	1	2	4	13	8	7	23	18	13	5	3	4	4	9	0	24	9	5	8	11	26	16	19	27	40	61	68	76	79	92	93	98	108	118	125	128	127	125	127	129	135	147	158	164	165	164	160	149	138	136	135	136	151	167	154	124	71	36	33	32	32	26	22	20	31	44	28	36	56	52	55	41	41	32	28	28	42	36	33	34	39	33	33	45	34	32	30	27	25	25	26	27	29	28	36	39	48	37	31	33	39	47	34	35	44	54	31	17	9	9	11	18	10	4	7
30	8	19	12	9	18	56	43	37	39	43	36	38	50	43	65	60	50	51	38	25	32	36	47	60	73	70	86	77	50	51	65	77	79	88	92	72	55	34	13	33	42	22	11	2	5	6	5	4	6	14	1	6	26	10	7	3	11	7	14	28	13	7	4	11	27	20	10	9	13	8	16	15	11	16	16	15	6	4	1	5	6	5	5	2	1	9	0	2	0	0	0	0	0	0	0	0	0	0	0	0	0	0	0	0	0	2	5	1	0	0	13	0	0	0	0	0	0	8	2	5	0	1	1	0	0	1	0	0	0	1	0	9	13	3	3	0	4	2	2	15	11	0	5	3	1	3	2	13	2	7	0	2	4	5	9	13	10	18	17	20	21	32	43	65	80	95	104	100	99	105	116	128	136	139	133	130	134	141	152	163	170	174	176	175	171	159	152	144	142	130	124	117	105	100	125	80	73	72	60	53	42	40	41	34	32	49	52	50	54	76	73	69	59	42	29	31	24	29	33	39	33	42	56	54	43	45	32	21	20	18	17	20	34	28	33	29	20	33	28	41	39	48	37	38	48	47	24	10	3	12	10	3	7	12	2
48	60	20	11	15	21	26	26	34	41	59	42	54	53	52	50	40	37	43	41	44	37	43	26	41	54	54	71	76	67	79	80	90	63	84	103	119	118	83	67	92	79	43	18	25	12	20	23	10	10	4	2	11	4	18	7	5	3	9	14	21	18	9	3	3	22	14	17	26	29	12	11	13	25	6	11	10	8	6	3	14	12	6	12	1	2	13	0	1	0	1	3	1	0	1	1	0	0	0	0	0	0	0	0	0	0	8	0	0	0	0	1	68	25	0	0	0	0	2	1	0	0	2	1	0	1	0	6	0	0	0	0	19	0	8	0	3	18	1	3	4	2	1	0	0	0	0	5	5	1	16	9	6	8	17	16	15	20	35	38	44	55	83	95	98	101	108	99	110	123	129	134	134	136	140	149	158	166	174	181	184	183	181	177	169	160	152	143	135	127	117	102	84	70	76	86	60	51	48	56	64	72	80	87	91	65	49	54	31	42	64	95	93	57	58	33	26	27	25	26	30	31	34	42	38	33	29	27	25	30	24	19	28	24	21	20	22	23	23	21	13	10	11	15	30	30	26	12	6	10	8	10	4	6	5	4
15	19	15	20	11	16	29	29	32	52	66	66	72	62	65	56	65	42	39	37	55	55	54	46	37	41	54	76	77	86	101	113	133	152	167	156	146	135	119	118	109	114	87	84	67	45	68	65	45	19	10	5	9	3	2	11	10	28	19	38	30	22	12	11	25	11	25	19	10	12	10	15	7	8	12	14	16	8	11	11	14	14	11	3	3	2	3	4	2	0	3	6	1	1	0	2	5	5	2	0	0	0	0	0	0	0	0	0	0	0	4	0	8	1	0	0	0	0	0	0	0	0	0	0	0	0	0	0	0	3	1	0	2	1	0	1	0	7	0	0	12	0	10	0	0	0	2	6	1	4	3	10	14	15	21	26	47	126	96	75	98	109	106	125	139	182	198	173	141	151	167	167	177	179	171	177	184	188	188	185	183	180	170	158	149	140	133	123	111	97	82	75	71	61	77	100	88	68	66	63	62	67	79	76	93	78	88	81	80	83	94	123	79	70	66	59	24	20	27	26	25	31	27	27	26	25	25	24	28	22	20	19	25	25	32	33	34	34	32	27	27	30	21	18	15	13	15	12	15	12	8	6	3	3	1	2
25	35	39	30	36	30	30	12	27	44	53	61	78	76	63	69	71	56	32	49	46	33	44	52	45	42	61	68	93	111	111	117	117	129	119	106	100	110	112	126	127	124	123	116	85	64	88	82	40	18	15	5	28	4	4	13	17	17	23	24	24	25	23	21	13	5	4	2	2	7	6	9	25	18	7	22	19	18	27	56	68	38	10	4	12	12	9	9	1	1	1	0	0	1	0	1	2	3	9	13	11	4	1	0	1	0	0	2	3	1	2	0	23	4	0	5	9	0	0	0	0	0	0	0	2	1	0	0	0	1	0	0	0	13	0	0	0	0	3	0	0	12	1	0	2	0	1	2	14	10	26	23	20	21	25	34	47	66	75	85	91	115	144	132	166	213	218	214	170	159	185	182	184	194	194	193	195	188	183	176	166	155	146	135	122	114	109	96	82	74	70	69	79	73	78	93	95	83	69	65	69	89	102	85	81	79	65	58	60	59	78	96	89	89	78	62	65	47	70	68	48	39	37	33	26	22	19	20	23	25	24	23	22	22	22	22	21	22	24	27	26	23	19	14	12	20	32	24	21	13	7	2	0	0	2	8
33	40	47	42	46	45	34	27	35	52	53	56	68	66	67	76	73	67	33	21	24	24	45	43	61	65	74	73	82	108	98	106	106	108	98	102	100	103	109	114	116	99	95	103	98	83	98	105	87	49	25	21	37	5	10	9	7	9	11	20	21	16	19	12	3	17	14	8	6	5	3	8	4	11	22	26	29	29	17	35	27	11	11	6	6	7	9	10	2	1	2	1	4	1	0	3	0	4	4	5	6	16	15	13	4	2	11	1	0	0	2	0	0	0	1	1	0	0	0	0	0	5	2	0	5	28	5	1	0	0	0	0	0	5	12	1	5	1	3	20	6	5	6	5	5	3	5	9	13	17	19	51	35	38	51	65	75	81	85	92	98	109	122	145	148	159	190	177	195	191	205	206	198	206	209	196	185	174	163	150	135	120	111	116	131	133	116	106	101	92	71	57	58	58	44	42	48	62	68	71	74	79	93	100	80	68	55	58	59	83	97	86	93	100	103	86	106	90	43	25	26	22	16	14	13	18	16	16	14	14	15	11	11	12	13	17	16	14	16	15	15	14	12	14	17	10	13	35	16	2	1	13	0	5	6	8
40	42	60	54	57	47	44	25	34	43	58	61	56	75	77	79	54	51	53	51	43	51	75	95	71	61	92	90	92	93	88	84	100	102	99	91	88	93	99	105	105	111	105	106	94	62	59	57	69	50	39	27	16	13	7	7	6	4	11	15	23	17	20	11	11	6	20	14	14	6	3	9	1	1	14	20	33	47	40	25	19	11	13	21	89	118	106	59	27	2	1	2	1	0	2	2	0	1	4	12	31	43	63	87	75	71	85	86	93	91	88	85	76	64	49	35	18	5	1	0	1	2	0	0	1	7	1	1	2	1	0	4	0	0	5	3	8	8	8	25	14	14	16	34	13	23	23	19	24	29	32	83	59	65	78	91	87	92	95	102	114	127	145	162	180	177	183	193	215	218	213	213	211	210	212	206	205	193	163	138	119	124	130	124	112	113	114	109	98	86	78	76	78	81	85	78	62	54	52	55	70	91	99	106	109	90	73	81	86	77	74	83	102	115	137	128	75	83	52	36	24	14	9	7	4	2	1	13	1	0	3	3	5	3	5	5	11	13	13	15	14	8	3	2	1	1	0	11	5	3	1	0	0	8	1	2
22	30	42	49	42	48	43	29	32	47	49	43	58	70	65	77	79	55	54	56	59	66	78	90	89	82	81	81	83	84	98	96	100	89	79	81	71	79	67	83	77	67	77	76	57	53	80	76	60	35	29	15	8	4	2	2	4	1	0	5	7	18	12	17	8	8	19	3	8	4	3	0	2	4	7	10	12	17	49	57	30	19	12	96	110	45	5	8	2	2	6	5	9	3	2	17	49	79	104	118	128	142	151	159	168	152	133	126	117	110	101	104	103	106	104	107	113	109	94	67	33	9	0	0	0	1	2	1	0	0	0	0	2	5	9	10	12	14	16	18	27	23	34	36	44	36	35	30	38	44	55	65	87	97	96	99	104	119	140	149	145	149	161	171	190	197	190	196	207	207	209	201	202	191	179	188	174	108	85	92	130	121	113	110	108	92	72	49	35	27	21	15	12	10	7	19	24	26	34	42	51	66	78	91	102	122	118	105	102	107	116	103	113	103	111	114	120	97	76	61	35	30	15	5	2	3	5	11	2	7	3	3	3	0	1	1	1	1	1	0	2	0	0	0	0	3	5	6	2	2	0	0	0	0	10	13
32	40	40	43	31	35	41	43	45	46	52	74	73	71	67	70	66	68	72	68	70	77	81	83	89	64	60	77	81	58	75	66	68	68	62	66	67	68	72	58	50	31	47	49	45	41	51	60	55	27	20	8	12	1	1	1	8	5	16	45	4	4	8	20	14	7	2	3	4	4	4	3	2	1	2	4	5	16	14	26	65	53	27	46	78	11	9	6	6	1	1	5	29	81	125	140	132	126	138	139	145	147	155	152	144	147	115	94	67	61	54	51	60	53	44	48	46	51	58	74	85	91	67	30	2	3	4	79	45	0	2	6	9	12	15	22	23	26	30	32	36	41	44	48	49	49	48	48	54	60	62	80	115	120	119	133	149	176	168	167	169	168	172	179	185	200	195	185	178	161	149	149	127	107	106	121	158	101	103	121	101	93	90	78	62	43	28	21	15	12	9	6	2	0	0	0	9	8	1	0	0	9	19	28	33	41	25	49	40	28	33	37	50	43	46	61	87	117	107	68	34	30	12	6	0	1	4	7	8	21	4	3	0	0	1	2	0	8	0	0	0	0	0	0	1	5	0	0	0	1	0	1	2	0	19	8
32	29	34	50	34	25	29	47	55	42	59	90	77	84	78	76	87	90	76	73	67	77	52	64	79	93	94	77	68	74	45	41	61	56	62	68	56	60	68	61	65	54	68	56	49	37	26	47	45	34	39	22	4	2	11	3	4	14	8	5	6	12	6	13	4	6	6	10	5	2	4	3	7	1	2	3	5	7	10	5	12	37	50	53	29	16	10	9	8	20	55	120	150	134	112	101	99	108	110	113	92	77	91	88	95	111	118	71	58	65	56	41	28	9	13	8	2	1	3	4	8	12	22	37	50	36	115	247	238	74	11	14	17	21	31	32	40	48	52	59	61	62	62	60	63	69	70	71	73	86	102	126	133	146	151	155	163	163	158	164	172	172	175	180	177	180	178	154	127	112	99	85	74	69	77	87	134	136	97	79	79	62	45	42	33	15	12	8	5	3	0	0	0	0	0	0	0	2	7	11	13	20	30	30	23	34	18	17	23	44	31	28	23	20	21	26	37	56	95	86	31	15	5	0	2	8	2	4	17	18	18	5	6	1	2	1	0	0	0	0	1	0	0	0	0	0	0	0	0	0	0	8	0	7	2	0
38	39	29	32	22	33	49	53	65	67	67	88	86	100	105	102	103	112	107	102	84	59	64	69	83	102	120	120	90	84	56	50	46	57	38	23	36	55	56	48	54	55	43	53	41	43	43	43	55	42	36	33	24	18	15	12	11	12	2	12	3	6	6	8	7	6	11	4	3	2	7	19	7	5	5	3	2	1	3	5	2	5	28	37	60	54	26	14	48	129	158	142	122	102	89	80	67	61	60	70	56	46	54	66	68	95	124	128	81	44	26	21	5	0	0	0	0	0	0	0	0	0	0	0	11	151	237	67	105	244	110	23	30	34	46	53	63	74	83	95	79	74	77	74	77	96	91	91	103	109	129	145	159	176	168	160	157	157	159	164	173	178	177	160	141	127	122	117	91	86	72	68	70	72	64	85	90	106	107	77	37	36	36	40	7	4	2	3	2	1	4	2	0	0	3	5	7	8	9	10	10	12	13	14	13	28	24	4	5	16	59	43	28	35	39	43	50	42	60	62	50	17	14	6	8	9	10	18	12	17	19	15	16	3	2	2	0	0	1	0	6	0	0	0	0	0	0	0	0	0	0	0	0	9	7	0
31	35	34	27	33	38	57	57	54	68	92	100	115	110	111	115	115	111	114	118	107	96	94	92	82	104	112	122	118	114	85	64	34	34	31	34	45	45	34	42	27	29	44	50	42	34	35	30	45	46	37	32	23	26	40	32	37	40	19	16	13	5	8	6	5	1	5	4	4	1	5	11	12	7	10	7	8	2	0	3	2	3	2	16	29	33	51	119	170	167	145	111	91	77	71	64	55	51	60	69	70	69	69	66	75	73	84	107	116	67	21	12	9	1	0	0	0	0	0	0	0	1	4	20	178	222	44	0	0	75	240	149	45	55	65	57	61	70	79	87	75	75	79	96	126	118	112	116	124	136	156	170	183	163	143	148	155	156	159	158	151	145	130	118	99	90	85	101	100	73	67	68	60	45	35	82	65	60	75	68	57	35	53	16	0	0	5	5	4	9	16	19	19	18	15	12	10	5	3	3	4	6	9	19	40	58	87	44	32	20	27	32	31	37	38	48	51	33	29	40	54	42	25	17	13	7	11	10	16	12	16	20	12	11	6	0	0	3	2	1	0	0	0	0	5	0	0	0	0	0	0	0	0	1	0	0
28	34	35	25	44	34	39	48	53	72	101	106	110	103	112	118	111	111	114	113	104	92	95	96	90	105	121	122	117	111	75	53	35	43	72	71	57	51	55	37	59	44	46	48	41	37	39	48	60	66	67	52	46	54	47	51	45	41	41	22	18	8	12	10	0	3	1	1	4	3	1	9	5	3	37	23	3	5	11	2	1	2	2	5	12	52	133	172	176	177	156	109	69	70	61	54	56	57	56	76	85	91	82	79	69	53	47	91	118	112	53	17	20	7	1	1	1	2	3	5	9	12	38	203	202	25	0	0	0	0	49	226	183	71	68	64	62	70	68	62	63	73	88	91	123	128	146	178	153	162	177	190	186	122	108	113	126	132	133	126	116	113	113	97	83	77	78	95	84	67	58	41	29	23	18	57	55	38	50	76	70	59	37	0	0	4	17	30	37	26	16	10	5	2	2	5	5	3	2	3	7	25	29	28	26	25	34	23	5	6	13	20	37	20	17	25	24	20	19	25	33	28	22	13	8	15	12	21	13	16	14	23	8	12	5	5	4	3	1	0	2	12	1	0	0	0	0	0	0	0	2	4	2	0	0	0
28	24	26	36	34	43	44	45	54	80	96	93	98	107	108	110	111	111	110	100	95	91	76	91	95	121	127	118	108	111	98	103	103	89	92	84	83	50	42	47	42	40	37	42	45	52	57	50	65	67	69	90	104	97	71	70	76	53	45	39	30	25	21	12	6	1	3	3	5	5	1	3	3	5	10	5	2	2	0	1	3	3	6	4	33	125	170	169	158	144	155	142	112	89	65	72	80	71	68	87	96	104	115	94	92	71	58	104	124	124	103	42	18	24	10	11	13	15	18	21	21	59	222	178	12	0	0	0	0	0	0	29	207	208	77	57	55	47	39	43	56	78	85	94	132	130	153	173	163	180	194	199	155	119	122	125	123	118	116	100	101	119	114	93	74	68	71	72	69	37	23	18	15	21	24	43	50	43	39	50	47	58	36	23	30	33	26	20	20	18	4	4	12	13	12	3	0	0	0	13	34	14	8	6	10	19	41	40	17	2	4	6	9	9	5	18	18	17	18	21	22	26	20	10	7	9	11	36	41	48	37	32	25	41	50	7	5	5	4	0	0	0	1	0	0	0	0	0	0	1	65	39	1	0	0	2
15	18	22	27	43	66	62	66	71	76	82	76	94	102	108	105	107	110	98	76	76	78	97	79	93	113	120	116	109	120	111	108	112	95	73	64	58	30	30	38	35	35	41	53	55	53	53	61	49	63	79	54	69	85	76	58	59	40	32	21	11	9	6	4	8	15	11	3	4	2	6	7	4	5	1	1	2	2	0	1	0	2	4	13	116	155	152	138	126	127	121	90	107	133	135	103	85	85	97	109	85	104	132	130	120	120	93	117	126	126	116	78	31	35	18	17	20	24	26	29	84	236	150	4	0	0	0	0	0	0	0	0	15	183	222	72	43	47	48	42	60	61	43	73	110	116	147	149	150	194	208	199	196	185	182	159	152	153	160	157	160	137	103	81	66	58	45	32	32	16	12	21	22	13	6	7	38	45	50	54	76	68	75	46	25	33	53	59	41	23	16	11	3	0	0	0	0	0	10	51	17	8	12	12	12	29	64	46	21	9	13	11	1	5	7	13	15	12	10	12	18	25	12	5	8	3	8	22	33	24	15	20	28	15	20	16	16	8	4	0	2	0	0	1	6	1	0	0	0	3	4	3	0	0	0	0
10	19	22	31	44	53	62	68	78	76	75	80	89	97	85	97	107	98	95	96	106	101	98	102	99	100	109	122	120	125	115	103	103	102	61	60	40	64	44	38	31	31	40	38	41	47	41	46	45	42	43	35	53	64	58	51	48	38	20	8	9	5	1	2	5	5	6	24	14	16	21	13	8	2	11	14	7	8	3	1	0	2	6	77	157	147	133	115	95	84	99	106	77	78	113	157	148	123	107	96	107	116	120	136	135	136	132	127	128	132	120	84	51	73	28	24	26	31	35	112	244	117	1	0	0	0	0	0	0	0	0	0	0	5	152	235	92	45	58	112	79	36	53	95	67	89	66	57	156	207	198	182	192	201	213	212	206	185	187	199	174	130	89	70	41	25	15	8	12	11	18	10	26	50	61	64	65	64	53	42	44	78	67	90	92	107	113	85	71	74	45	16	0	0	2	2	0	0	34	71	55	44	42	34	24	30	32	35	36	39	14	3	2	8	11	0	6	12	16	13	12	17	15	3	4	2	9	2	3	5	1	7	2	17	10	8	2	1	3	0	1	2	0	1	0	0	0	0	0	0	0	2	0	2	0	0
13	17	42	87	42	55	62	72	69	83	90	87	94	95	99	92	94	98	104	90	94	103	107	104	97	115	120	126	121	115	121	137	115	112	104	93	82	73	40	39	26	36	44	39	40	49	45	39	40	51	39	28	33	39	44	34	43	28	29	17	11	14	12	8	8	5	9	13	10	14	10	2	5	15	6	17	7	8	11	12	14	10	23	130	152	144	117	81	77	73	84	92	105	93	85	78	100	143	155	131	89	81	109	136	141	140	141	134	134	134	126	83	64	86	39	35	40	44	143	243	87	0	0	0	0	0	0	0	0	0	0	0	0	0	0	119	244	144	132	141	130	109	97	44	64	55	90	171	207	167	144	168	195	213	220	216	211	194	203	193	166	116	62	48	22	5	8	19	33	42	78	108	106	86	71	65	43	21	23	38	45	74	91	83	76	66	88	84	70	53	40	43	39	27	25	6	0	6	38	51	66	51	45	31	22	20	41	35	34	26	9	1	1	5	3	5	6	19	18	14	12	18	8	6	1	6	0	12	2	2	13	3	3	7	15	29	4	2	7	6	0	0	0	7	2	3	0	1	0	0	0	4	1	4	0	0
21	15	28	35	32	41	53	63	68	81	85	100	85	87	91	89	88	80	91	80	79	82	80	104	106	106	114	116	114	114	124	126	124	125	107	98	73	74	47	48	57	69	73	55	38	35	29	31	44	53	49	31	32	25	28	24	36	36	27	23	12	9	5	5	8	21	13	14	5	5	4	5	7	9	2	5	6	9	7	11	9	24	66	161	147	132	111	85	76	101	99	68	77	82	71	63	56	58	84	142	161	137	119	148	159	156	149	143	132	144	131	94	93	83	51	49	68	174	233	60	0	0	0	0	0	0	0	0	0	0	0	0	0	0	0	0	87	244	200	128	128	152	157	146	116	147	198	211	173	149	168	184	178	179	163	189	206	194	184	162	123	94	72	65	59	56	55	55	85	109	92	74	68	68	80	65	45	51	55	60	76	77	51	43	53	56	45	53	67	86	89	61	47	38	37	30	10	11	44	29	11	9	9	4	3	19	42	38	26	7	1	0	0	0	2	3	4	13	18	8	16	8	18	11	9	8	11	16	21	18	5	1	5	8	2	3	6	2	1	2	0	2	0	0	3	17	3	0	1	0	0	0	5	5	0	0
19	29	27	24	30	33	39	51	60	61	64	68	63	69	78	89	82	74	91	83	95	97	86	102	110	102	112	106	93	102	98	116	126	118	93	85	48	86	81	98	93	68	75	69	49	36	24	29	28	33	36	36	42	26	27	38	24	17	26	21	5	6	5	7	5	0	10	20	8	3	14	10	6	4	5	8	2	2	3	1	5	2	62	148	149	160	144	123	98	91	100	128	105	55	29	42	54	54	74	91	131	169	182	178	183	182	171	162	143	147	136	115	129	103	75	79	203	217	38	0	0	0	0	0	0	0	0	0	0	0	0	0	0	0	0	0	0	61	233	214	178	176	181	187	152	188	216	202	184	182	153	128	110	107	82	92	152	189	199	184	179	169	128	73	43	52	83	98	80	59	55	60	71	83	73	71	83	90	88	67	47	43	61	79	81	79	67	71	64	53	59	51	75	81	66	47	31	10	11	13	9	6	10	22	41	50	31	10	3	3	0	5	4	0	4	34	1	2	3	7	11	9	15	21	22	29	25	34	12	2	8	8	2	7	2	1	8	4	0	0	0	1	0	1	0	3	1	6	4	10	9	1	2	4	2	5
22	40	24	27	33	37	46	40	61	53	61	64	62	62	64	67	66	63	79	79	70	71	89	94	107	105	108	108	95	85	83	92	111	100	73	64	81	75	116	109	75	58	42	31	32	34	36	27	25	25	30	38	32	30	27	24	21	27	19	17	13	22	13	32	4	3	6	3	2	2	8	5	9	11	7	9	2	2	2	8	4	7	66	133	134	148	118	131	120	110	120	142	127	84	83	47	42	58	74	112	144	135	159	208	207	203	196	178	166	158	161	152	142	119	116	220	197	21	0	0	0	0	0	0	0	0	0	0	0	0	0	0	0	0	0	0	0	0	38	217	228	196	206	212	213	220	219	202	208	210	179	122	125	111	106	121	158	169	159	141	168	141	148	141	106	100	79	68	56	56	71	89	95	90	83	89	108	124	114	75	51	52	60	90	88	88	77	75	96	110	108	91	68	55	55	41	15	6	0	0	5	14	19	19	13	6	3	1	1	0	5	0	1	3	0	0	0	3	9	3	2	6	14	16	28	30	18	12	17	18	9	7	7	9	2	0	0	1	2	0	2	4	5	28	15	29	5	0	2	3	14	5	2	8	3	11
24	23	21	21	35	33	37	47	52	49	57	58	65	71	67	65	60	56	70	60	66	81	74	64	100	105	100	92	107	115	102	114	104	92	79	100	101	101	93	80	49	31	21	20	28	26	22	16	17	17	28	23	24	29	23	25	25	17	23	28	23	18	10	13	18	17	12	7	1	1	4	10	4	12	10	4	3	2	4	1	0	0	37	123	131	133	145	140	121	94	61	65	80	125	88	96	88	104	73	102	147	151	151	165	201	218	216	201	188	173	188	177	156	168	239	171	10	0	0	0	0	0	0	0	0	0	0	0	0	0	0	0	0	0	0	0	0	0	0	21	194	242	215	220	223	224	225	197	220	211	193	178	165	169	166	176	184	187	185	171	167	166	136	112	83	72	61	60	74	95	101	96	108	121	125	133	121	103	100	116	88	79	93	117	118	91	85	78	101	108	106	77	81	62	65	74	36	6	0	2	0	3	5	9	15	14	11	24	10	8	2	2	0	2	3	5	0	12	8	13	7	9	12	8	9	17	24	14	11	14	8	10	9	1	0	0	2	1	0	1	4	1	27	50	43	1	5	0	1	3	7	13	10	3	4	9
16	25	20	30	24	47	40	62	44	52	63	67	67	67	71	77	75	68	62	61	50	81	76	52	60	86	99	95	97	96	106	83	80	70	81	90	107	115	103	91	70	36	30	16	25	19	21	30	22	19	12	17	18	24	15	21	25	13	13	21	18	12	9	15	17	18	10	12	4	8	3	5	12	13	10	5	1	15	4	0	1	2	14	106	117	127	137	128	112	75	42	32	31	23	39	88	130	140	150	147	166	164	163	161	170	196	224	226	215	204	210	199	189	247	140	3	0	0	0	0	0	0	0	0	0	0	0	0	0	0	0	0	0	0	0	0	0	0	0	0	8	165	246	226	223	221	215	216	216	196	165	163	170	178	175	164	149	148	136	84	76	70	78	46	39	50	50	61	81	98	99	113	107	98	91	54	31	35	39	49	78	35	34	90	113	86	75	77	107	110	100	92	66	59	69	95	96	7	0	2	0	1	3	14	20	40	27	15	15	8	4	7	1	1	1	4	11	2	8	8	11	4	7	8	5	3	13	8	4	3	10	19	9	2	1	6	0	3	0	1	2	1	0	0	0	1	4	0	4	11	6	8	5	2	0	0
9	15	22	16	24	32	34	37	31	36	38	50	47	45	57	66	68	71	61	56	42	46	38	31	35	42	58	71	75	67	52	38	39	43	56	60	81	99	96	76	48	23	17	15	9	10	12	19	7	13	12	12	12	13	14	9	13	12	10	24	22	25	7	9	15	10	7	11	11	9	10	13	9	4	12	4	3	4	9	7	5	5	1	61	124	115	125	106	79	48	55	44	27	15	23	48	96	128	144	155	157	166	177	184	184	191	197	211	231	235	236	231	247	110	0	0	0	0	0	0	0	0	0	0	0	0	0	0	0	0	0	0	0	0	0	0	0	0	0	0	0	2	135	249	226	223	230	227	209	185	173	130	143	135	115	113	123	117	47	29	13	35	62	78	70	86	84	109	131	121	114	104	92	77	56	53	58	62	67	74	86	98	85	99	126	125	84	71	97	81	82	83	85	87	89	99	67	40	30	21	16	17	10	8	16	16	7	1	5	13	5	7	0	0	3	23	32	5	3	12	10	9	6	3	10	10	2	7	2	1	3	6	8	22	1	3	1	0	7	6	2	1	1	3	0	4	2	6	19	15	4	3	2	1	1	16
19	14	9	16	20	29	35	28	10	17	20	34	45	54	62	61	62	51	64	56	51	29	17	35	45	46	43	43	35	48	52	46	62	59	62	29	63	69	59	51	53	44	17	14	22	5	9	8	12	6	10	8	11	10	11	18	18	12	11	12	8	17	11	12	11	13	8	11	6	6	15	7	8	7	5	15	2	2	2	15	23	3	0	10	102	125	119	118	90	49	43	37	25	20	38	63	116	127	134	134	143	153	155	160	172	171	176	201	218	227	236	242	79	0	0	0	0	0	0	0	0	0	0	0	0	0	0	0	0	0	0	0	0	0	0	0	0	0	0	0	0	0	0	101	247	230	193	178	156	127	130	155	166	107	95	104	114	70	22	9	48	92	135	147	154	134	137	125	109	93	83	69	66	47	39	36	32	31	30	34	44	62	60	68	81	103	140	160	148	150	144	131	112	95	74	54	48	45	44	44	44	41	38	35	32	30	35	29	19	16	14	8	5	4	4	4	2	4	6	4	8	7	3	2	4	4	7	0	1	2	1	26	7	12	2	6	3	5	8	20	6	17	13	12	5	1	0	3	6	8	20	7	0	0	3	2
141	135	142	150	140	145	145	142	139	167	147	160	169	169	163	164	165	168	168	182	159	153	155	167	168	161	170	170	167	167	187	198	196	208	187	170	163	150	141	146	154	146	137	140	127	130	133	135	144	143	148	155	143	135	135	129	121	126	131	125	142	141	144	144	146	143	139	143	144	148	147	153	165	164	158	164	149	143	150	155	150	147	162	152	172	210	211	209	196	177	164	156	159	170	188	191	197	197	194	192	199	196	200	210	211	215	235	229	231	239	230	54	0	0	0	0	0	0	0	0	0	0	0	0	0	0	0	0	0	0	0	0	0	0	0	0	0	0	0	0	0	0	0	0	71	237	191	117	163	183	170	164	162	127	98	95	93	78	84	91	105	130	118	124	144	136	121	119	91	88	87	81	65	56	46	39	34	30	28	29	35	54	50	50	63	83	85	66	58	51	46	44	42	36	31	27	25	24	25	22	19	18	16	20	16	15	23	28	20	21	18	13	13	16	17	22	22	23	14	19	12	12	10	12	8	38	4	5	4	0	2	6	13	16	5	2	4	18	35	13	10	19	7	5	2	19	1	20	5	1	7	1	3	0	0	4
227	236	232	228	230	225	228	235	234	224	231	212	217	224	217	214	222	223	230	234	236	240	243	245	242	246	247	246	247	247	244	247	246	241	236	222	199	202	202	212	229	236	237	235	232	225	213	211	210	215	228	230	230	229	218	221	229	230	231	241	232	238	238	230	227	232	237	243	248	249	248	248	248	243	245	243	240	244	243	246	248	248	245	247	243	245	250	251	249	250	250	251	251	251	250	249	247	243	242	243	244	246	249	250	252	253	253	248	249	213	34	0	0	0	0	0	0	0	0	0	0	0	0	0	0	0	0	0	0	0	0	0	0	0	0	0	0	0	0	0	0	0	0	0	0	45	223	224	163	156	169	159	160	158	135	114	96	84	83	83	75	88	112	128	137	131	125	113	110	107	101	89	80	73	66	57	44	35	31	29	30	43	56	42	50	52	43	41	45	38	27	23	20	18	18	16	16	15	15	15	13	12	13	10	10	15	17	34	18	14	11	11	19	17	15	18	30	36	41	79	75	51	43	38	35	24	23	11	13	5	6	25	19	5	12	7	6	8	5	11	27	15	25	40	18	17	4	2	11	3	1	1	4	11	1	2
27	23	22	29	26	30	32	32	41	31	33	28	35	42	33	41	33	45	52	53	46	44	59	73	54	64	58	43	37	35	62	66	73	64	41	21	21	28	8	7	14	22	10	13	5	13	8	11	7	7	21	14	16	18	5	7	15	13	12	19	22	24	12	7	23	25	21	28	50	115	136	81	34	26	33	24	35	21	15	20	46	55	75	87	119	136	150	140	138	149	152	137	124	118	114	127	136	134	141	149	160	178	195	196	198	198	210	247	190	18	0	0	0	0	0	0	0	0	0	0	0	0	0	0	0	0	0	0	0	0	0	0	0	0	0	0	0	0	0	0	0	0	0	0	0	0	27	203	229	145	127	133	127	152	145	120	119	117	108	103	100	100	121	120	110	134	126	107	118	101	96	93	91	89	88	79	65	51	40	36	35	40	70	53	45	37	29	30	38	37	19	15	13	12	12	11	11	11	12	11	13	9	10	12	13	8	7	11	8	10	7	7	16	23	14	24	24	14	30	35	43	48	90	118	105	54	57	30	17	10	4	19	11	3	12	5	4	1	2	11	11	42	67	80	46	42	16	10	8	1	6	4	3	7	7	2
9	26	19	22	35	31	38	33	28	31	39	38	39	31	34	21	12	35	35	42	43	57	29	38	48	33	28	26	27	41	45	61	53	36	29	29	10	4	0	4	20	2	2	6	2	3	2	5	0	2	2	3	2	8	2	2	4	6	5	7	3	20	12	14	26	26	12	14	15	49	88	72	7	19	26	40	35	39	45	48	58	73	87	110	132	136	132	130	129	135	123	114	111	113	120	125	132	147	164	175	172	169	154	159	163	186	246	162	7	0	0	0	0	0	0	0	0	0	0	0	0	0	0	0	0	0	0	0	0	0	0	0	0	0	0	0	0	0	0	0	0	0	0	0	0	0	0	12	176	233	115	110	121	121	107	125	111	100	98	88	86	89	112	126	121	124	118	107	101	88	82	79	77	74	69	72	82	68	53	45	43	45	55	72	40	31	24	22	30	38	18	12	11	10	10	10	10	10	10	11	10	10	9	7	5	7	5	5	5	5	16	13	10	10	12	10	7	9	13	3	6	9	31	51	43	21	37	56	35	44	22	8	9	14	7	4	5	4	5	8	12	31	48	70	48	56	28	27	9	22	29	18	8	4	7	3
12	16	16	28	33	29	33	40	33	45	36	38	58	38	42	36	40	49	52	52	39	41	52	32	49	38	44	39	50	49	35	28	36	26	33	23	14	4	0	4	9	0	0	2	0	0	0	2	1	2	0	2	1	4	4	5	1	0	1	2	3	6	2	7	5	4	10	12	29	28	24	35	33	25	35	38	22	41	34	39	66	74	94	94	119	121	120	119	118	121	118	115	112	123	129	147	156	159	150	135	134	152	153	165	196	248	130	1	0	0	0	0	0	0	0	0	0	0	0	0	0	0	0	0	0	0	0	0	0	0	0	0	0	0	0	0	0	0	0	0	0	0	0	0	0	0	0	0	3	144	240	142	113	124	128	125	125	121	105	96	91	81	94	82	75	103	118	120	108	103	90	87	84	82	76	70	62	74	64	49	43	39	39	64	43	25	20	20	28	40	27	16	14	13	13	13	13	14	17	15	12	10	8	8	9	10	12	15	11	11	38	35	21	20	16	9	10	17	8	18	7	1	2	3	17	16	10	14	14	7	15	19	19	22	5	1	5	3	12	8	1	6	5	29	41	48	66	76	45	13	42	36	20	4	1	7
33	24	18	32	24	22	19	31	32	43	33	30	38	32	45	45	50	44	36	41	29	28	31	36	39	46	37	44	50	41	35	32	51	44	43	20	8	1	1	1	1	1	0	0	0	0	0	4	0	0	0	3	2	0	2	6	10	4	10	12	9	9	2	3	5	11	12	17	15	7	4	8	15	20	22	14	20	38	21	35	67	71	97	100	107	114	110	110	112	104	104	113	122	129	129	125	126	125	119	111	126	135	149	202	246	97	0	0	0	0	0	0	0	0	0	0	0	0	0	0	0	0	0	0	0	0	0	0	0	0	0	0	0	0	0	0	0	0	0	0	0	0	0	0	0	0	0	0	0	0	110	245	164	138	145	149	150	157	138	113	113	115	118	128	128	130	139	137	126	111	98	96	92	87	83	78	72	63	71	50	39	50	52	56	63	43	39	35	36	46	35	27	22	21	22	22	21	19	13	9	6	4	5	2	2	2	6	5	8	6	13	11	11	12	17	24	16	18	17	18	17	12	16	8	13	18	15	19	7	12	10	16	12	9	15	4	4	2	3	1	2	5	3	7	33	52	64	75	77	49	30	24	29	6	20	2
17	18	16	18	19	24	18	38	30	50	41	44	38	45	35	35	44	51	42	46	40	27	14	36	18	24	24	44	44	42	47	37	29	31	35	19	8	5	1	9	0	10	2	0	9	8	5	2	9	12	5	3	2	0	0	3	7	2	11	8	1	3	2	3	3	2	10	18	14	18	27	21	10	10	16	17	25	13	26	55	67	78	102	111	107	94	90	89	94	103	105	102	86	83	88	90	87	80	90	82	105	151	215	237	69	0	0	0	0	0	0	0	0	0	0	0	0	0	0	0	0	0	0	0	0	0	0	0	0	0	0	0	0	0	0	0	0	0	0	0	0	0	0	0	0	0	0	0	0	0	0	80	241	200	158	143	132	144	137	118	112	117	116	97	78	96	125	134	138	140	111	98	94	91	87	83	77	70	63	57	71	99	82	72	71	58	42	36	35	46	36	30	24	22	19	13	6	1	0	0	0	4	6	1	2	0	2	1	4	5	4	5	2	2	1	1	2	16	8	20	8	7	7	14	9	12	14	18	14	3	4	6	16	16	2	14	3	9	11	9	2	3	1	5	8	27	40	54	63	57	34	29	16	18	11	11
11	16	27	21	36	28	30	27	27	24	36	35	42	39	41	48	36	44	38	50	41	32	44	43	39	45	43	55	51	46	29	38	37	35	26	23	8	16	9	3	1	1	0	3	9	23	4	6	6	67	78	5	0	3	17	1	2	13	6	2	2	10	4	5	12	23	24	36	24	6	2	0	10	22	11	6	4	8	31	63	83	91	97	98	92	80	78	68	56	72	78	70	60	61	57	54	55	49	62	106	146	217	223	44	0	0	0	0	0	0	0	0	0	0	0	0	0	0	0	0	0	0	0	0	0	0	0	0	0	0	0	0	0	0	0	0	0	0	0	0	0	0	0	0	0	0	0	0	0	0	0	0	54	229	207	136	131	139	145	141	126	116	116	126	123	141	159	169	170	173	163	139	122	122	124	133	130	85	65	64	91	84	69	64	60	53	37	28	25	36	30	25	14	6	1	0	0	0	0	0	1	0	0	0	1	2	1	0	6	1	7	11	3	2	5	5	19	9	13	19	19	3	3	12	13	25	16	21	18	21	14	8	9	6	4	10	24	44	10	4	4	0	14	9	1	2	16	12	13	13	35	21	19	10	12	4
8	18	19	14	23	18	26	29	28	31	23	43	36	37	50	40	38	39	41	40	41	58	62	47	49	72	70	51	54	44	34	29	28	29	31	22	26	28	13	6	5	3	7	4	9	9	2	6	9	4	4	3	3	8	4	3	3	7	0	6	5	19	6	8	29	46	34	3	6	3	6	15	10	4	5	4	3	10	33	36	63	82	81	83	70	45	42	34	37	50	56	44	37	47	55	28	40	63	118	121	212	203	26	0	0	0	0	0	0	0	0	0	0	0	0	0	0	0	0	0	0	0	0	0	0	0	0	0	0	0	0	0	0	0	0	0	0	0	0	0	0	0	0	0	0	0	0	0	0	0	0	0	0	33	211	221	146	145	137	110	89	78	85	102	127	143	171	177	176	177	177	175	170	165	159	149	139	130	112	97	87	82	68	52	40	40	28	23	27	19	14	13	0	0	0	0	0	0	0	0	0	0	0	0	2	0	0	4	1	0	5	11	11	4	9	16	16	16	35	25	18	23	13	34	18	18	19	16	11	12	35	11	10	18	7	10	17	8	9	6	10	4	5	3	5	21	7	5	5	12	2	7	4	0	1	1
21	19	21	13	14	18	32	23	25	32	44	36	33	38	60	57	45	41	49	52	47	44	51	60	60	74	70	72	66	65	37	24	16	18	21	26	40	37	30	17	6	14	16	2	10	10	0	3	6	0	7	11	4	8	6	10	34	2	0	2	5	7	30	19	12	7	1	9	2	11	11	14	7	9	8	0	1	21	35	28	34	65	67	65	67	39	25	25	28	35	39	36	34	39	29	30	80	103	95	224	179	13	0	0	0	0	0	0	0	0	0	0	0	0	0	0	0	0	0	0	0	0	0	0	0	0	0	0	0	0	0	0	0	0	0	0	0	0	0	0	0	0	0	0	0	0	0	0	0	0	0	0	0	0	17	187	234	161	124	106	100	71	55	56	56	80	152	166	174	176	173	164	145	133	128	122	116	107	99	93	86	81	74	63	52	46	30	23	18	17	20	7	0	0	0	0	0	0	0	0	0	0	2	1	0	0	0	0	2	4	1	4	7	17	8	11	25	33	33	38	27	36	27	25	27	40	48	41	31	17	16	20	19	15	2	14	23	51	38	13	9	6	16	13	32	16	9	2	3	0	4	12	0	3	12	6
15	12	15	15	8	13	19	23	17	21	28	40	32	38	41	50	59	52	53	59	57	48	56	66	59	74	77	80	87	79	49	48	37	47	31	33	41	28	17	37	44	37	13	1	3	22	1	0	8	2	11	9	4	12	8	2	2	1	0	2	4	2	4	5	1	0	0	4	11	5	4	2	1	0	1	0	6	7	9	26	28	65	71	58	55	52	32	21	20	20	25	31	25	23	47	76	64	88	236	149	4	0	0	0	0	0	0	0	0	0	0	0	0	0	0	0	0	0	0	0	0	0	0	0	0	0	0	0	0	0	0	0	0	0	0	0	0	0	0	0	0	0	0	0	0	0	0	0	0	0	0	0	0	0	0	7	158	241	134	100	117	132	113	112	106	119	131	156	160	160	159	150	132	115	108	96	82	72	66	63	60	58	54	47	39	32	28	25	23	18	9	0	0	0	0	0	0	0	6	1	0	0	1	1	0	0	0	0	2	0	0	3	9	14	17	15	12	18	22	27	32	36	36	54	58	59	51	58	46	22	10	13	10	11	4	8	29	50	12	7	9	15	15	15	38	5	5	8	4	12	1	4	1	1	5	1
15	12	8	12	10	14	21	36	41	27	39	32	30	42	47	45	34	38	47	51	47	46	62	57	65	53	51	85	105	101	96	94	70	64	30	34	44	31	35	45	40	29	15	5	4	15	5	1	13	3	5	4	30	9	4	2	10	13	1	1	1	1	1	0	1	7	3	6	3	1	1	2	2	4	1	2	1	1	7	26	19	34	60	52	35	30	34	33	18	16	21	23	38	52	65	28	100	244	117	0	0	0	0	0	0	0	0	0	0	0	0	0	0	0	0	0	0	0	0	0	0	0	0	0	0	0	0	0	0	0	0	0	0	0	0	0	0	0	0	0	0	0	0	0	0	0	0	0	0	0	0	0	0	0	0	0	1	123	244	118	45	51	72	69	67	100	106	133	140	151	137	115	107	92	59	52	48	43	39	37	33	28	22	16	11	9	9	8	6	4	2	1	1	1	1	0	0	0	0	0	0	0	1	0	0	0	0	0	0	0	2	1	3	4	12	17	20	22	35	27	15	22	22	44	64	69	65	54	52	36	23	16	15	14	8	18	4	3	14	1	1	4	6	10	20	11	10	7	2	11	1	1	3	4	1	3
6	16	10	15	25	21	25	24	29	25	27	29	37	36	41	44	48	45	42	35	38	51	60	60	74	63	55	62	95	108	109	78	65	68	58	68	48	43	41	43	49	46	26	20	24	11	2	2	8	2	4	4	11	10	8	3	3	3	4	0	0	0	2	0	1	6	3	3	0	0	1	4	0	0	1	4	25	5	15	9	12	24	55	59	41	29	19	30	26	16	22	31	52	38	18	125	243	86	0	0	0	0	0	0	0	0	0	0	0	0	0	0	0	0	0	0	0	0	0	0	0	0	0	0	0	0	0	0	0	0	0	0	0	0	0	0	0	0	0	0	0	0	0	0	0	0	0	0	0	0	0	0	0	0	0	0	0	0	90	244	134	30	35	31	36	70	80	71	70	67	87	74	61	65	50	19	17	18	17	12	10	10	10	10	9	8	5	3	3	2	3	3	3	2	2	1	1	1	1	0	1	0	0	3	0	0	1	2	0	0	7	3	3	8	15	16	23	18	22	10	18	25	47	59	59	62	73	68	72	59	40	32	24	27	41	59	51	33	33	9	8	7	3	4	4	31	33	8	10	8	6	8	7	8	2	3
9	9	21	16	18	25	28	21	24	43	30	45	32	60	41	45	38	41	44	49	41	34	36	47	50	45	65	72	80	82	91	82	65	69	75	75	72	51	24	23	34	26	24	19	13	8	5	2	7	4	2	2	5	2	1	1	5	19	11	17	0	1	0	0	0	0	0	6	0	0	2	0	8	3	1	10	14	18	14	3	2	7	27	41	48	37	17	14	17	26	36	40	12	12	155	234	59	0	0	0	0	0	0	0	0	0	0	0	0	0	0	0	0	0	0	0	0	0	0	0	0	0	0	0	0	0	0	0	0	0	0	0	0	0	0	0	0	0	0	0	0	0	0	0	0	0	0	0	0	0	0	0	0	0	0	0	0	0	0	61	234	156	19	17	15	20	18	19	21	19	20	29	29	21	8	5	7	5	6	7	7	7	5	8	6	6	7	8	8	7	6	5	4	4	2	2	2	2	2	2	1	1	1	4	1	1	1	6	10	1	0	2	12	14	11	17	21	17	29	26	29	30	40	61	62	72	92	91	88	86	68	46	54	77	77	77	65	58	62	31	38	26	18	31	29	12	15	9	12	22	18	11	17	4	13	6
16	16	12	13	15	11	30	18	16	29	28	33	29	29	27	37	36	36	46	63	40	58	34	29	37	58	64	66	71	66	78	68	52	61	69	66	51	49	52	41	20	22	12	19	3	2	12	4	9	6	0	7	5	3	3	11	4	2	0	1	1	0	0	0	1	5	3	0	0	5	2	0	3	0	8	0	1	7	1	7	1	5	26	26	31	63	26	17	28	33	20	8	21	183	224	51	13	13	13	13	13	13	13	13	13	13	13	13	13	13	13	13	13	13	13	13	13	13	13	13	13	13	13	13	13	13	13	13	13	13	13	13	13	13	13	13	13	13	13	13	13	13	13	13	13	13	13	13	13	13	13	13	13	13	13	13	13	13	13	13	52	224	182	17	2	2	6	2	7	5	1	1	1	3	1	1	1	1	2	4	5	7	6	8	5	5	5	4	5	6	8	9	8	7	5	4	3	3	2	3	2	1	1	1	1	0	0	3	8	4	1	2	3	3	2	5	10	16	33	31	32	36	26	37	41	45	69	82	84	91	98	82	89	75	86	82	83	106	113	118	94	54	69	80	61	17	16	7	9	11	9	18	44	2	30	4
14	15	14	6	13	16	23	14	27	19	29	23	21	25	33	44	43	33	35	37	29	31	24	18	28	49	55	55	59	65	67	48	42	60	53	37	33	58	30	36	56	28	22	27	17	24	9	17	2	2	1	0	0	0	0	2	1	2	0	0	0	0	9	1	0	1	0	8	0	0	0	0	1	6	1	6	3	3	12	1	5	9	15	11	18	26	35	39	35	15	10	10	136	183	181	182	182	182	182	182	184	182	182	182	181	182	184	183	182	183	181	181	181	185	182	181	181	181	182	182	181	181	181	181	181	181	181	181	181	181	181	181	181	181	181	181	181	181	181	181	181	181	181	181	181	181	181	181	181	181	181	181	183	181	181	181	183	181	182	182	181	181	181	136	7	6	0	4	1	15	0	0	2	3	1	0	2	0	4	3	1	3	5	5	6	7	7	9	6	3	3	2	4	4	6	7	6	5	5	4	2	5	3	7	1	1	0	2	5	2	2	1	2	3	1	5	6	10	26	32	15	23	42	61	56	55	56	64	65	90	90	88	96	101	113	100	101	104	121	122	113	114	117	100	77	64	66	35	38	56	41	24	11	7	4	2
5	10	3	8	19	12	12	17	17	19	14	28	26	23	24	22	26	37	38	30	32	37	21	39	38	45	39	45	49	49	43	46	60	54	33	22	24	24	25	14	19	19	15	20	22	14	9	5	0	0	3	5	0	3	3	0	3	2	0	1	0	0	1	20	9	1	4	4	0	1	0	0	0	0	3	4	3	26	4	11	15	6	9	14	21	10	13	15	28	26	25	19	5	9	4	2	15	24	0	0	0	0	0	0	1	4	4	8	2	1	0	0	0	2	0	0	0	1	1	0	0	0	0	2	0	0	0	0	0	0	0	0	0	0	0	0	0	0	0	0	0	0	0	0	0	0	1	1	1	0	0	0	0	0	1	0	0	0	1	0	2	3	0	12	1	0	0	3	0	11	0	7	2	7	0	1	6	2	3	5	8	12	5	5	4	4	7	4	6	7	6	7	6	5	4	4	3	4	6	7	6	5	5	4	4	2	1	1	4	5	48	9	2	1	6	5	8	13	5	12	12	29	53	57	73	63	54	60	66	85	105	132	134	129	123	129	113	99	96	118	117	126	124	123	130	119	90	69	93	85	48	24	24	13	14	4
8	18	8	11	16	16	12	19	32	46	18	21	25	29	28	34	37	29	56	27	30	35	26	26	32	34	39	42	36	36	42	32	34	28	18	11	11	13	14	5	16	7	13	7	6	3	4	2	0	1	0	0	0	0	0	0	0	0	0	0	0	0	3	32	0	0	0	0	1	0	0	1	9	6	2	3	30	11	0	1	15	13	7	5	11	9	5	2	6	17	22	16	20	20	14	2	12	0	0	1	0	0	2	1	0	1	0	0	0	0	0	0	1	0	0	0	0	0	0	0	0	0	0	0	0	0	0	2	0	0	0	0	0	0	0	0	0	0	0	0	0	0	0	0	0	4	0	5	7	0	1	10	3	0	2	2	0	1	1	8	1	4	0	0	0	0	0	9	0	5	0	8	1	1	2	2	1	0	3	1	4	5	5	5	4	3	2	3	3	3	4	4	7	7	6	5	4	4	4	3	3	4	5	3	4	4	3	3	2	2	2	2	15	30	25	5	7	4	13	15	17	7	16	27	39	45	50	31	62	83	94	130	134	137	132	130	121	110	128	121	114	123	119	119	112	112	97	75	92	101	79	37	15	15	5	3
14	13	10	9	9	12	13	24	16	29	19	31	24	27	31	34	45	22	45	34	24	35	22	22	35	26	23	22	33	29	31	29	17	29	21	6	2	10	12	12	4	10	2	6	1	2	4	5	1	2	5	1	0	0	0	0	0	0	0	0	0	1	0	6	6	0	0	1	1	0	0	0	5	4	3	5	0	0	9	11	7	5	9	6	13	7	7	0	4	6	4	6	14	18	9	4	15	28	1	0	1	0	7	0	0	1	2	5	4	0	0	3	3	0	0	0	0	0	0	0	0	0	0	0	0	0	0	1	0	0	0	0	0	0	0	0	0	0	0	0	0	0	0	0	3	0	0	0	0	0	0	0	10	0	0	0	0	1	2	1	8	9	7	0	2	3	0	0	6	1	2	5	0	0	0	5	5	0	0	6	0	1	1	4	4	4	7	3	2	5	3	3	8	4	4	5	5	11	4	5	7	6	4	3	3	4	5	3	3	2	4	2	2	1	1	2	5	4	3	3	1	6	10	9	16	39	43	38	52	62	74	102	115	116	125	122	130	133	122	113	105	114	106	108	97	102	104	78	87	87	92	63	49	24	10	2
6	5	9	10	15	12	14	11	9	11	14	17	23	20	27	31	18	20	26	38	26	27	32	21	17	30	21	17	65	56	41	26	33	22	18	13	8	2	1	2	0	0	7	3	7	4	1	3	1	1	0	0	0	7	5	1	0	0	0	0	0	0	0	0	0	0	0	0	0	1	1	1	0	0	1	4	3	1	2	1	4	1	4	6	4	9	9	0	0	0	2	4	13	3	8	7	8	0	2	1	0	0	0	0	5	0	0	0	4	0	0	1	0	0	0	0	0	0	1	0	0	0	0	0	0	2	0	2	0	0	0	0	0	0	0	0	0	0	0	0	0	0	0	0	0	0	0	0	1	0	2	1	1	0	3	4	2	0	7	2	0	2	0	0	0	0	0	0	0	0	3	6	1	3	0	4	0	11	0	2	0	0	0	0	0	0	3	4	5	2	6	7	2	5	4	6	4	6	4	5	6	5	3	6	3	2	3	2	4	3	2	2	3	3	4	11	14	20	13	21	20	30	24	21	28	33	40	46	52	67	88	109	119	123	123	123	126	127	112	105	95	91	85	98	93	94	81	46	49	66	71	53	32	20	10	5
5	7	14	15	17	11	14	11	14	9	15	19	16	34	18	17	34	33	23	21	28	20	19	22	27	27	24	19	16	42	29	25	29	9	7	12	5	36	4	0	5	0	1	12	4	6	5	1	6	2	0	5	2	0	1	0	0	0	0	3	1	0	0	0	5	4	0	0	0	14	1	0	0	1	0	5	0	0	0	6	2	6	2	1	4	3	1	0	6	1	4	5	6	7	11	0	0	1	0	7	8	0	0	0	0	0	0	0	0	4	0	1	0	0	4	0	0	0	2	0	0	0	0	0	3	0	0	0	0	0	0	0	0	0	0	0	0	0	0	0	0	0	0	0	0	0	0	1	0	0	0	1	0	0	0	0	0	1	0	0	0	0	0	0	1	8	2	0	0	6	2	6	0	0	0	3	0	0	0	0	0	3	0	3	6	5	1	0	6	6	2	2	3	2	1	3	5	4	4	4	4	6	5	7	4	6	6	5	4	3	4	5	8	12	12	8	25	19	19	14	13	23	26	16	29	39	54	48	51	60	85	81	101	111	117	108	94	96	102	87	74	65	66	40	64	48	58	52	61	69	67	34	29	19	14	15
4	4	13	14	24	9	15	10	6	15	14	28	22	23	21	24	28	27	21	37	36	13	22	14	27	28	13	14	14	17	16	16	16	21	7	4	1	3	2	6	12	4	6	0	1	10	10	3	1	2	4	0	1	0	0	0	0	0	0	0	0	0	2	16	1	1	8	1	0	0	5	2	0	0	3	1	0	0	2	0	0	11	0	1	16	6	2	2	35	2	2	4	9	10	4	0	2	16	5	3	9	0	0	0	0	0	0	0	1	1	0	0	0	0	2	0	0	0	2	0	6	0	0	0	0	0	0	0	0	0	0	0	0	0	1	0	0	0	0	0	0	0	0	0	1	0	1	1	1	0	0	2	0	3	1	0	1	0	0	0	0	1	0	0	0	1	3	3	0	0	0	2	0	1	4	5	0	10	3	2	3	0	5	4	1	0	3	0	1	3	4	1	1	0	1	3	3	2	2	6	5	4	3	3	2	6	5	5	5	3	4	8	5	4	7	7	13	25	33	18	19	16	13	15	36	63	55	46	52	59	57	67	75	80	89	88	83	92	81	74	79	63	55	39	48	62	62	54	37	45	64	38	45	40	11	9
4	9	4	5	9	11	5	12	12	11	11	12	10	27	27	27	19	26	33	22	18	20	16	23	25	29	20	25	30	27	17	7	2	7	11	6	2	7	4	0	9	4	4	0	2	5	11	64	30	3	6	10	1	9	4	6	2	0	0	4	0	0	0	3	4	11	7	3	2	2	23	8	0	0	1	0	0	5	0	0	0	1	11	4	22	13	3	4	9	4	1	0	0	2	3	2	0	0	3	1	10	2	7	2	13	1	4	0	3	0	1	0	0	0	0	0	0	0	0	0	0	3	0	0	0	0	0	3	1	0	4	2	0	0	5	1	0	0	15	23	0	0	0	0	0	0	1	0	0	3	2	0	0	2	0	1	2	6	0	0	0	3	0	0	0	1	0	0	0	0	7	4	2	0	1	0	0	3	2	1	4	4	1	1	0	2	2	1	1	2	2	2	0	0	5	1	3	1	4	2	2	2	2	5	4	2	4	2	3	3	2	3	1	3	7	14	15	11	12	75	39	19	12	20	26	29	31	48	56	73	69	78	70	74	76	75	60	55	66	56	67	56	61	61	49	45	52	43	32	51	60	54	57	49	25	16
4	5	14	11	2	6	10	13	20	15	9	13	17	31	15	32	34	16	21	22	33	17	32	15	24	22	15	17	23	26	13	3	2	11	4	7	4	3	2	6	11	18	6	7	14	4	8	25	15	1	32	6	2	5	11	0	0	0	0	3	0	1	2	0	0	1	1	2	1	14	6	4	0	0	0	0	0	0	0	1	0	0	8	6	1	18	2	3	5	2	0	0	0	0	0	1	1	0	3	1	4	2	2	1	0	0	0	0	2	0	0	0	2	0	0	0	0	0	0	1	0	0	1	0	0	0	5	14	2	0	0	0	1	1	15	0	0	6	0	0	0	0	0	0	0	0	3	1	0	0	0	0	0	0	0	1	0	3	0	0	3	7	0	0	1	2	1	1	0	0	0	0	0	5	0	0	0	0	6	0	8	10	2	5	2	2	4	0	3	0	0	0	1	0	2	1	1	5	6	2	4	3	0	3	2	0	4	1	4	1	3	5	7	7	7	9	10	9	17	20	23	22	18	14	19	32	28	40	64	73	79	83	77	84	70	82	62	46	54	55	49	46	40	36	42	55	42	40	42	36	52	88	120	139	113	80
4	2	11	5	5	7	9	7	8	11	9	13	9	8	11	26	12	20	16	16	15	15	25	17	15	22	21	16	9	13	11	7	3	4	6	4	7	6	1	0	9	43	2	9	4	4	0	1	3	1	49	10	1	0	12	5	3	1	0	1	0	0	0	0	0	0	0	0	0	5	1	0	1	2	2	0	0	2	0	0	2	2	3	19	1	4	7	2	2	3	3	2	2	0	0	0	5	2	0	0	0	0	2	0	0	0	0	0	2	0	0	0	0	0	0	0	0	0	0	0	1	4	1	5	0	0	2	0	0	1	4	0	0	0	1	2	2	0	0	0	1	0	0	0	0	0	0	0	0	0	0	0	0	0	0	0	0	1	0	0	5	0	0	3	0	4	0	0	6	0	0	0	2	7	2	0	0	0	0	0	1	3	2	1	0	7	4	2	9	0	2	8	7	0	10	4	0	2	1	2	10	0	2	2	4	0	1	0	2	3	1	4	7	3	7	6	4	6	18	34	39	37	38	39	38	29	15	37	55	53	71	85	81	79	80	80	63	45	60	45	32	48	41	44	50	60	40	49	33	37	49	70	71	73	46	39
5	5	8	11	2	6	11	11	11	6	6	14	12	8	8	12	8	27	24	17	16	15	16	13	20	28	18	14	13	11	8	15	17	2	5	3	4	7	5	0	0	2	18	19	6	10	3	1	2	2	6	3	1	2	0	2	0	0	0	15	9	0	0	0	0	0	0	0	0	0	1	1	0	0	2	1	1	6	1	0	0	9	1	1	0	0	0	0	1	1	0	1	1	0	0	0	0	0	0	3	0	8	0	0	1	13	4	1	2	2	0	0	5	2	0	0	0	0	0	0	1	0	0	0	0	0	0	1	0	0	1	0	0	0	0	6	0	0	0	0	2	0	1	0	0	0	2	0	3	0	1	0	0	0	0	2	0	0	0	0	0	2	0	0	0	0	1	0	0	3	4	0	1	0	2	0	7	15	9	0	0	0	0	2	0	0	0	5	6	0	2	2	2	2	3	0	3	0	5	2	0	0	17	9	6	12	4	1	4	7	6	4	4	2	10	21	34	22	31	41	45	52	45	50	48	33	27	48	55	59	67	76	74	82	90	79	77	54	49	48	50	50	63	70	77	73	70	67	46	53	58	72	80	79	87	81
5	6	5	3	4	5	4	8	7	8	12	9	9	12	15	16	7	12	22	13	17	8	11	11	18	24	22	24	31	10	9	8	29	84	13	3	4	0	1	5	24	34	19	4	6	6	5	7	1	4	3	6	6	0	0	1	3	0	2	2	2	0	0	7	1	2	1	0	0	0	0	0	0	3	2	2	0	2	2	1	0	11	1	10	0	0	1	1	0	10	2	0	1	0	0	0	2	15	0	0	0	0	0	0	0	12	2	0	3	0	2	2	4	0	0	0	0	0	0	5	0	0	0	0	0	1	15	7	0	1	2	1	0	0	1	0	3	0	0	0	8	0	8	2	4	1	8	0	0	0	4	0	4	0	3	0	0	0	2	0	0	0	0	0	0	0	1	0	0	0	1	0	0	0	0	2	0	2	0	0	6	0	0	0	0	0	8	3	1	6	8	7	2	7	9	4	1	4	1	1	1	1	0	0	3	0	5	2	2	1	2	4	5	10	11	10	12	42	33	41	49	59	53	51	43	42	29	43	55	70	62	68	84	87	83	57	66	64	73	61	76	106	94	73	72	98	98	69	78	60	54	71	72	66	82	98
1	3	1	1	8	6	2	6	4	10	14	8	6	7	37	10	11	9	13	12	11	15	17	13	27	16	9	6	5	6	8	11	13	16	16	16	3	3	5	4	3	5	17	1	5	4	18	9	9	17	3	4	8	8	1	0	5	9	21	6	0	1	1	7	0	0	3	0	0	0	1	0	0	5	0	1	1	6	3	2	1	4	0	0	0	0	0	0	15	15	0	1	4	2	0	1	23	31	6	2	0	0	0	2	0	0	0	0	0	0	1	21	1	0	0	0	2	0	1	3	1	1	0	0	0	0	0	0	0	1	1	1	0	0	0	0	0	0	0	0	0	0	1	0	0	0	0	0	0	0	0	0	0	0	0	0	3	1	0	0	0	4	0	0	1	0	0	1	10	11	0	2	0	2	0	0	0	3	5	0	0	7	9	0	0	0	1	20	19	46	56	38	15	5	8	9	4	0	6	0	1	0	1	3	0	0	4	1	1	1	1	3	3	2	4	10	10	13	15	26	34	44	49	47	53	41	38	47	61	55	58	71	74	71	87	77	64	75	68	71	91	89	95	96	94	91	85	76	69	70	50	62	55	48	63	69
1	1	9	3	2	1	1	6	4	9	10	6	3	10	9	8	13	12	10	9	7	11	42	8	28	52	10	5	8	11	18	13	9	5	14	14	18	8	6	3	2	0	2	1	0	6	13	4	7	7	9	7	6	7	2	0	3	11	5	5	12	2	6	0	0	0	0	0	1	0	3	2	1	5	0	0	0	1	5	8	6	8	4	1	0	1	0	1	1	0	0	0	0	0	2	0	4	1	5	0	3	0	0	0	0	0	2	0	0	0	0	0	0	1	0	0	0	0	0	0	0	0	0	0	0	1	0	0	0	0	0	4	1	2	2	0	0	0	4	2	0	0	0	8	2	0	2	0	0	0	0	1	1	0	2	1	0	0	0	0	3	14	0	11	6	0	7	0	0	3	5	1	2	0	3	0	0	0	0	1	0	0	0	0	2	0	0	9	23	70	113	112	76	21	4	1	0	4	22	1	4	1	1	4	2	4	3	1	1	1	5	0	4	3	7	14	10	17	24	48	46	41	43	33	40	51	50	52	51	66	87	76	73	92	77	72	78	90	78	82	91	83	94	91	67	76	76	63	68	71	47	61	47	29	25	47
3	2	7	3	3	0	1	0	1	4	4	3	4	11	6	2	7	12	9	18	6	7	7	11	19	28	4	1	9	11	10	20	19	12	12	16	7	10	13	0	1	0	1	4	8	9	5	5	7	3	4	3	6	8	4	3	5	3	7	2	1	1	5	15	1	0	5	0	4	7	5	6	2	4	6	4	2	4	10	21	1	2	0	9	13	4	2	1	1	0	0	0	0	2	2	1	0	0	0	0	0	0	1	0	0	0	4	1	0	0	0	0	0	1	1	2	3	1	2	7	1	0	0	0	0	0	0	0	0	0	1	6	0	1	1	0	0	0	0	0	0	2	0	0	0	0	1	1	0	0	1	3	2	1	1	3	1	1	1	2	2	2	0	0	0	0	1	2	5	8	1	5	1	3	0	0	0	1	0	0	0	8	0	0	0	0	7	5	7	52	114	122	116	68	10	0	4	10	0	8	11	4	6	7	3	6	6	2	7	2	4	8	13	6	5	5	7	10	34	35	37	34	55	25	31	38	62	52	48	76	88	81	88	81	88	95	93	86	79	80	74	56	69	88	112	102	88	91	68	37	56	41	36	36	35	31
13	7	1	2	1	3	2	0	8	13	5	8	3	7	1	3	9	3	5	20	5	10	9	10	10	19	7	4	9	11	23	17	24	16	6	10	7	4	2	1	1	0	1	4	9	5	5	6	8	9	5	2	3	11	5	4	1	3	8	8	3	2	5	5	5	13	18	12	1	10	2	10	2	2	2	6	3	3	0	0	1	1	14	10	3	1	0	1	0	0	0	0	0	1	2	7	3	0	0	0	0	2	1	5	0	1	3	4	0	0	2	3	0	0	0	2	0	1	0	0	1	1	0	0	1	4	0	0	0	0	0	5	1	0	1	0	0	0	15	35	0	0	0	0	0	2	0	5	0	0	2	0	0	0	0	0	1	14	0	0	0	2	0	0	0	6	8	0	0	0	4	7	0	1	2	0	7	3	0	2	0	3	4	6	0	0	0	0	4	16	60	100	103	65	15	8	8	2	0	2	16	11	21	18	4	9	3	5	6	14	13	11	17	15	15	18	16	23	33	45	37	36	30	29	43	51	60	67	71	70	94	98	105	108	106	107	111	115	107	81	68	75	82	99	117	124	112	98	78	63	47	41	55	34	34	31
6	1	12	2	6	2	2	3	2	3	37	6	1	2	2	2	3	6	4	4	5	6	10	16	14	8	13	6	9	12	10	6	11	8	4	9	17	1	1	4	1	3	5	7	13	4	6	9	14	13	6	6	16	3	1	0	0	1	0	0	1	5	1	4	14	12	3	2	1	6	4	1	0	0	2	1	4	4	1	3	11	5	3	21	6	0	0	0	0	1	0	0	1	0	0	0	0	0	6	0	2	1	0	0	0	0	0	0	0	0	1	0	0	0	0	8	0	1	0	0	1	0	0	0	1	0	0	2	2	1	4	0	0	0	0	2	0	0	20	5	7	0	0	0	0	0	1	0	0	2	0	0	0	0	5	0	0	0	8	0	1	2	1	2	4	4	0	0	1	0	4	8	8	6	3	0	0	0	0	0	8	10	6	13	3	0	0	0	10	1	16	23	39	28	12	24	32	14	27	29	17	25	18	8	8	4	7	4	10	9	18	28	28	29	26	27	26	35	38	43	40	38	36	35	50	58	54	57	80	100	105	112	112	113	120	113	117	117	120	107	114	105	101	94	118	118	126	124	119	80	58	38	46	27	39	39
3	1	4	1	6	1	4	3	2	8	21	5	1	4	8	0	3	3	13	22	26	6	7	18	16	10	6	7	10	10	21	7	5	7	15	21	8	2	2	7	0	3	4	2	4	5	7	12	17	13	5	3	1	4	1	1	6	3	2	1	0	2	1	0	8	1	0	3	12	0	0	1	0	0	1	1	0	5	16	32	15	5	5	4	1	0	14	3	4	5	8	4	1	2	1	5	0	0	0	0	0	0	0	1	0	0	1	0	0	0	0	1	0	0	0	3	1	0	0	0	4	1	0	2	3	2	0	0	0	1	2	0	0	0	0	0	1	1	1	0	4	0	0	0	0	0	0	0	3	1	0	0	0	3	0	2	3	3	0	1	0	4	3	3	4	6	0	5	4	0	0	4	0	4	0	5	0	0	0	0	0	0	0	0	9	5	0	0	4	1	0	7	21	31	44	25	58	48	30	38	21	12	12	7	8	6	12	18	32	28	35	47	51	55	72	46	32	26	28	33	39	36	39	41	37	46	50	56	80	108	108	107	105	116	117	105	119	113	116	95	102	99	97	100	117	122	121	120	102	64	48	45	64	66	80	40
2	0	0	1	2	1	3	1	3	1	2	10	1	3	5	16	3	1	7	4	5	3	3	4	3	7	5	12	7	3	7	4	12	11	3	5	3	1	3	4	1	3	6	10	17	15	15	8	10	9	3	0	4	3	3	1	2	3	3	20	0	11	2	0	1	0	0	0	0	0	0	0	0	0	0	5	2	0	2	12	1	0	9	3	3	6	10	3	1	0	2	1	1	1	0	0	1	0	0	1	0	0	8	0	0	0	0	0	0	0	0	1	4	0	0	0	4	5	0	0	0	0	3	4	1	2	9	4	0	0	0	0	0	0	1	2	2	0	0	0	0	0	0	1	1	1	0	0	5	4	0	0	1	0	0	0	2	0	0	1	1	8	3	5	6	5	0	1	0	0	0	0	0	0	4	1	9	0	0	2	1	0	15	5	1	1	4	12	13	19	13	6	9	39	27	33	18	16	26	22	24	34	23	18	31	23	35	66	71	59	61	72	84	68	63	50	36	33	31	39	31	32	35	44	42	47	47	62	93	89	92	101	110	107	112	112	112	101	95	91	90	77	87	102	126	129	114	116	115	94	106	102	95	80	84	72
0	1	1	7	2	1	1	8	3	4	6	3	2	7	1	1	3	24	1	0	2	4	2	5	4	8	6	3	6	12	8	7	3	7	5	4	7	13	17	20	3	13	11	8	11	6	8	10	2	1	1	2	3	2	5	2	0	1	4	3	4	9	12	20	3	0	24	0	0	0	0	0	0	0	0	0	0	1	2	4	7	2	0	2	1	4	8	7	4	3	0	2	6	10	4	7	4	2	0	10	0	1	6	0	0	0	0	0	0	1	0	0	0	0	0	0	0	1	3	1	0	0	9	3	5	10	5	0	0	1	0	0	0	0	0	0	2	6	2	1	5	0	0	0	1	2	1	1	4	4	1	0	3	4	0	1	0	0	0	2	2	4	4	0	0	0	2	2	1	5	1	0	1	1	5	5	9	7	7	4	4	1	18	9	10	17	30	25	30	31	11	24	50	65	16	16	36	21	25	28	26	31	38	53	59	77	82	75	68	63	56	45	38	36	44	32	20	16	16	18	22	21	34	49	65	66	70	75	76	80	78	99	103	106	105	104	111	89	79	81	92	94	96	99	121	119	115	118	121	115	114	101	89	61	57	32
0	0	1	0	0	1	0	0	1	2	2	6	2	1	2	0	3	10	2	3	2	0	0	0	1	5	8	5	1	2	2	4	2	4	4	5	5	11	3	4	0	2	3	2	4	4	7	4	8	1	0	0	0	1	4	2	0	0	0	0	1	1	2	13	4	2	0	0	0	0	3	1	0	1	0	0	2	0	0	0	0	0	0	4	2	4	2	2	1	0	2	1	17	18	5	10	1	5	0	1	0	3	6	9	1	0	0	0	0	0	0	0	1	0	0	0	0	0	1	0	0	3	5	1	2	15	4	0	0	0	1	0	1	0	1	0	0	0	0	0	1	0	2	1	0	0	0	0	0	0	0	0	3	2	0	0	0	1	2	1	2	1	0	1	0	0	0	0	2	6	7	11	11	9	18	27	16	10	14	15	19	26	21	29	29	21	17	27	25	50	27	17	21	9	15	21	14	25	57	40	53	64	75	70	77	86	66	66	59	52	55	55	41	44	18	13	9	19	23	11	23	28	32	49	58	63	71	79	77	77	85	91	95	84	101	108	101	94	102	111	99	97	102	96	106	122	129	122	125	112	101	106	95	51	48	47
