45	44	39	36	39	47	45	49	48	44	42	43	52	46	40	40	36	43	38	46	50	83	56	46	65	56	78	90	59	47	45	41	56	55	44	39	38	39	39	38	36	35	37	40	49	46	47	44	39	39	32	39	38	38	37	39	42	42	43	78	56	35	41	47	47	36	42	31	29	29	28	29	29	44	46	50	62	64	80	143	118	37	67	76	65	48	55	46	44	39	49	53	50	48	40	40	39	39	46	75	115	101	72	65	78	162	152	120	111	174	224	220	204	180	151	135	142	122	118	135	156	149	148	148	118	104	105	106	123	120	125	152	155	112	106	105	83	86	96	104	95	98	102	102	95	94	80	95	100	76	66	70	98	120	124	115	126	133	130	119	118	117	135	129	126	117	119	129	128	135	129	118	123	123	124	122	117	118	124	133	133	134	142	204	218	215	210	206	209	202	196	189	184	181	183	186	188	186	184	184	177	179
46	45	51	50	51	46	46	46	41	40	47	44	46	37	50	42	33	36	41	41	43	41	44	45	81	99	54	60	43	39	41	36	39	46	42	45	37	38	40	38	35	34	32	31	30	31	30	29	29	30	32	30	28	28	28	29	29	29	31	38	36	29	30	37	37	32	29	27	26	26	26	31	43	67	73	58	36	36	37	40	127	89	115	101	82	70	64	60	44	39	46	52	47	41	37	36	37	37	39	45	58	66	71	75	162	178	162	151	118	130	227	220	180	136	118	111	109	100	116	149	152	150	153	151	116	104	112	107	115	112	119	153	152	111	109	110	104	111	97	98	100	107	105	103	97	103	109	88	81	88	84	72	64	95	116	124	119	114	120	133	120	123	118	121	128	125	122	120	121	125	128	122	119	121	126	121	120	121	124	129	133	139	142	199	209	213	214	213	203	200	202	201	195	188	184	180	177	186	186	182	184	182
45	50	42	43	40	47	40	41	55	46	45	34	36	41	68	55	38	38	41	34	38	40	38	59	98	67	36	43	46	39	42	36	35	45	52	46	38	39	40	37	38	40	42	46	38	44	45	44	51	46	34	39	47	41	31	42	34	32	39	37	33	32	37	54	58	40	32	31	33	31	33	98	125	119	99	84	76	93	77	85	148	170	146	102	87	84	79	59	42	42	41	40	40	40	41	36	36	37	39	40	47	51	61	101	190	192	171	176	151	120	167	168	129	114	112	110	114	101	107	130	147	151	156	150	116	108	109	106	105	110	120	171	143	111	111	111	100	105	115	113	102	101	104	97	102	91	107	111	104	76	84	90	76	66	90	115	122	124	114	111	121	125	125	125	121	123	126	127	120	115	121	124	130	128	121	116	124	130	134	123	127	136	150	205	204	208	210	205	202	201	198	201	201	197	191	185	181	178	181	180	182	184
56	52	51	43	38	39	39	57	53	53	42	40	43	48	42	78	98	78	89	59	49	51	52	61	58	44	56	47	47	37	39	37	32	32	38	38	34	29	30	31	32	33	34	40	36	32	37	38	36	43	46	46	49	58	49	40	36	39	60	44	36	36	36	45	50	51	51	35	29	30	47	92	108	126	116	77	64	102	137	171	180	152	95	87	85	86	86	59	39	38	37	40	46	45	41	39	38	39	39	41	44	63	79	119	191	200	177	185	202	191	183	168	146	118	111	132	142	105	99	111	132	145	156	147	118	111	109	109	102	103	125	174	134	117	112	115	101	101	131	144	109	110	103	100	98	99	109	114	106	108	77	83	88	78	65	76	109	115	124	118	112	113	131	123	125	124	119	119	125	124	115	117	124	128	128	128	122	121	125	130	129	130	149	201	209	216	213	207	202	186	186	194	193	199	204	196	186	184	178	173	167	165
47	44	41	41	47	41	41	50	51	55	49	41	44	56	46	67	71	90	63	62	61	58	70	72	81	69	69	60	61	97	112	44	38	38	46	38	35	30	29	30	29	28	28	26	24	23	24	25	26	26	30	37	42	43	46	43	47	42	44	42	40	36	35	33	40	56	64	81	55	51	72	72	76	77	84	64	59	137	175	183	161	88	82	82	83	84	84	64	42	45	46	40	38	42	43	39	39	40	41	49	73	76	81	139	199	201	185	187	195	151	115	154	174	150	148	152	144	118	102	104	124	147	160	146	112	114	106	104	105	103	123	150	119	120	114	115	156	178	164	142	116	104	103	101	103	105	100	96	111	111	108	84	84	87	83	67	65	96	111	126	121	113	113	121	136	128	122	119	119	123	120	117	115	116	123	128	135	125	116	122	127	133	170	200	196	200	212	216	199	200	203	196	199	203	199	191	192	186	184	184	167	161
39	39	39	45	44	40	42	49	57	46	41	46	48	47	43	42	43	56	60	49	51	59	56	61	56	60	64	47	53	55	45	38	40	59	44	41	48	55	46	40	38	43	39	43	51	34	29	29	27	27	26	26	26	27	29	29	28	29	30	34	32	36	38	35	39	44	55	54	51	51	55	53	51	45	40	42	138	181	188	182	104	83	80	84	79	80	81	73	43	43	47	45	41	40	41	41	42	42	43	53	82	78	74	104	174	198	186	149	105	78	128	171	181	168	161	148	145	132	104	105	122	145	165	145	115	111	105	98	100	106	118	154	117	118	123	161	189	187	175	141	117	116	105	100	97	106	105	102	104	105	120	107	94	91	91	82	73	63	80	107	114	123	116	113	122	126	128	124	125	121	119	124	118	118	114	119	126	130	130	123	119	121	181	213	206	198	206	199	203	206	198	205	198	183	189	189	197	199	188	183	182	178
44	48	46	47	44	42	43	47	59	56	56	50	42	44	50	55	67	62	61	60	59	63	62	72	71	75	71	51	61	56	38	39	50	49	39	41	44	41	36	37	36	38	37	41	47	42	35	33	33	38	41	34	32	33	32	31	33	38	40	34	30	37	51	45	53	67	56	41	50	54	55	57	59	57	49	78	183	189	192	182	90	81	80	84	77	74	74	76	55	51	48	53	46	44	43	42	43	43	43	55	79	72	75	119	177	141	89	69	105	197	216	166	129	175	165	149	148	136	111	109	131	159	159	151	131	112	108	100	101	104	110	167	161	146	169	189	194	191	177	157	115	115	111	100	107	97	110	109	98	105	105	112	104	94	89	97	85	78	65	70	107	114	127	129	119	115	124	129	124	126	123	119	126	132	124	110	104	112	134	126	125	133	186	196	211	205	198	194	199	207	208	206	199	195	188	175	183	185	192	191	185	181
40	45	42	51	51	44	41	45	62	62	66	65	55	52	57	60	52	67	74	66	64	60	59	65	67	67	63	53	49	42	34	35	44	40	44	44	43	37	36	35	38	38	39	42	49	47	36	38	35	38	56	55	44	60	50	43	45	39	37	41	48	57	65	72	58	75	69	104	110	109	114	102	110	126	126	168	189	193	195	177	89	80	80	83	78	73	71	72	75	70	51	89	69	41	38	38	40	43	44	61	72	76	81	92	72	96	140	122	163	243	241	195	113	135	165	152	148	143	120	117	139	165	164	155	158	138	123	104	100	100	110	154	162	174	187	202	193	192	185	156	119	118	112	118	114	112	102	107	109	99	101	97	103	101	104	98	94	91	81	66	70	102	117	124	129	122	117	118	130	131	123	131	123	124	123	119	116	113	116	127	131	150	202	202	209	205	208	206	197	198	204	202	198	196	188	191	185	180	191	192	190	183
53	45	41	41	43	41	42	49	62	55	67	93	72	72	60	54	46	78	79	75	62	71	62	73	73	64	64	58	45	36	38	34	39	39	40	48	47	43	40	43	39	43	44	46	46	43	45	39	33	41	50	50	43	48	54	45	44	45	40	42	50	53	62	61	62	50	65	108	119	117	112	108	118	126	159	188	190	198	202	196	96	81	84	82	76	71	71	70	91	97	79	74	59	38	36	38	43	51	55	67	75	66	65	106	176	207	193	190	155	243	244	227	149	103	134	151	145	144	126	120	150	171	174	160	155	149	129	99	98	98	108	141	157	169	184	197	199	188	197	160	116	108	114	117	120	112	119	102	111	110	100	103	103	107	107	97	99	99	94	82	66	64	91	120	114	125	123	118	112	118	129	131	128	111	119	121	123	119	111	108	116	173	216	215	205	202	205	208	207	204	198	194	194	196	201	190	188	184	190	190	187	178
62	56	59	56	51	50	46	43	56	59	66	71	64	68	63	55	51	53	92	111	135	133	78	53	50	49	63	53	42	39	34	39	37	37	40	49	62	51	40	34	38	37	36	35	38	41	42	37	35	37	33	36	36	33	35	41	37	44	29	29	29	28	28	35	44	35	34	57	81	84	91	98	110	123	172	196	201	207	213	206	126	83	84	83	80	75	73	71	101	53	49	71	78	75	63	54	58	59	55	57	60	74	98	167	188	186	192	213	215	173	243	231	183	120	100	133	110	84	66	57	63	75	89	101	112	122	113	92	92	95	104	137	151	164	186	190	201	201	197	158	114	110	114	109	116	118	104	112	104	109	110	104	109	107	104	100	96	105	94	94	80	68	63	83	110	112	112	124	118	115	116	126	120	123	125	113	122	123	127	119	112	171	203	215	218	213	196	200	204	208	204	199	189	191	192	190	189	185	181	181	168	156
64	65	60	53	41	56	58	52	50	50	52	51	53	45	55	62	58	54	65	75	80	63	49	46	48	42	37	41	45	37	39	49	42	39	44	55	53	38	41	34	38	38	49	50	41	39	43	40	41	40	47	39	34	40	48	44	41	36	32	28	29	31	31	28	29	28	29	30	31	36	48	66	56	57	84	163	203	208	207	207	162	84	91	84	79	74	73	72	71	104	36	37	61	72	73	72	70	62	53	57	72	76	97	158	180	172	185	214	236	216	174	231	192	137	84	60	60	57	53	46	44	44	43	43	43	44	45	67	84	91	100	136	142	159	181	193	199	209	208	149	112	104	110	116	115	121	110	99	108	107	102	112	106	109	110	100	96	97	104	101	104	80	69	66	76	108	115	109	112	126	113	117	121	128	122	112	110	122	123	126	135	190	193	202	208	215	217	209	205	205	208	209	197	196	191	193	191	189	185	178	176	168
70	69	71	71	59	69	75	67	68	63	47	39	44	52	52	66	61	60	70	65	76	67	58	66	65	60	46	46	42	38	36	34	36	37	49	39	48	44	52	97	66	43	47	43	39	39	46	49	44	39	36	40	47	38	41	47	58	54	32	22	38	37	34	31	30	87	45	33	32	32	34	53	64	58	54	71	185	199	207	206	195	98	91	84	78	76	76	77	73	110	37	36	36	56	63	64	62	58	58	66	67	75	109	150	164	153	164	187	203	193	127	122	114	79	55	52	50	49	48	46	43	43	42	42	41	41	42	54	77	86	104	131	139	152	176	198	209	205	212	156	108	105	97	105	111	105	108	107	94	101	103	103	115	103	108	106	98	106	99	107	99	107	87	69	60	63	91	118	114	128	121	119	111	117	126	125	120	130	113	119	145	202	203	190	190	206	215	219	215	207	205	201	201	205	199	187	184	185	184	176	174	171
93	64	61	63	59	62	65	60	69	72	64	54	43	39	42	52	72	70	60	55	61	48	62	75	54	42	46	56	51	43	35	36	39	43	46	36	47	51	54	57	85	83	62	54	49	42	57	52	47	38	38	65	90	76	42	31	39	44	28	23	35	39	38	34	33	140	113	45	35	31	31	32	32	36	48	61	140	189	199	203	200	171	92	85	81	79	77	74	73	105	40	37	36	37	40	57	61	59	72	66	69	76	118	155	143	137	167	214	198	134	96	95	91	75	74	75	76	77	76	76	75	72	64	60	57	52	48	48	73	87	123	137	134	148	182	200	211	215	207	156	110	104	102	98	106	105	104	107	100	93	101	94	94	109	103	102	102	97	111	100	105	105	107	96	77	68	67	85	123	117	115	121	119	112	107	112	123	130	124	125	168	202	216	216	209	192	204	208	210	214	208	193	187	200	204	197	185	184	180	176	176	175
59	59	55	52	54	63	64	66	62	71	63	53	41	47	47	39	40	41	46	49	42	40	36	31	31	35	34	39	34	33	34	32	33	40	53	48	64	78	68	47	48	37	39	38	47	48	34	28	26	27	27	31	41	42	32	26	27	27	26	26	29	30	31	30	28	50	106	135	72	35	37	37	34	33	49	58	70	156	204	198	203	201	142	84	79	75	72	72	76	61	43	40	37	38	50	58	64	79	84	96	108	118	129	136	131	128	127	125	123	115	115	115	115	115	114	112	110	109	109	110	111	113	109	114	115	114	115	114	111	109	122	129	134	150	181	201	212	214	212	153	108	101	101	101	99	99	104	97	107	103	94	97	97	99	107	107	99	105	106	111	109	101	113	113	109	80	71	67	83	119	125	112	114	116	113	102	110	123	137	143	197	205	195	209	223	217	202	205	206	207	206	212	206	191	187	188	193	184	170	169	163	161
50	60	62	56	59	62	64	73	67	71	72	53	53	78	85	76	75	57	46	39	34	36	37	48	53	51	50	54	48	44	39	42	39	39	54	65	66	62	59	65	62	53	51	48	50	43	38	37	41	58	53	68	110	112	95	27	25	27	31	33	31	31	30	29	26	27	30	41	89	116	109	92	55	41	53	60	63	65	103	182	196	190	198	148	85	78	79	78	80	45	41	40	42	55	70	97	134	152	161	162	163	155	147	140	139	140	145	142	139	129	128	123	122	122	126	124	123	118	115	111	111	113	109	110	116	118	121	125	128	125	122	117	118	116	130	155	185	206	213	166	103	101	97	92	96	92	93	93	96	101	103	90	95	93	97	105	98	97	109	107	103	104	105	107	106	111	92	77	73	80	112	124	110	101	120	120	106	101	120	175	203	213	211	199	204	209	218	215	195	193	192	202	209	207	191	184	183	177	177	174	163	154
57	83	70	64	66	61	53	62	67	87	79	62	52	55	83	83	63	51	43	40	39	36	32	38	42	42	52	48	51	40	40	37	36	41	50	49	50	59	55	64	56	60	50	51	57	50	39	37	40	39	43	47	97	113	73	28	29	32	36	39	37	33	31	28	24	24	26	27	30	36	41	74	115	136	132	107	75	67	64	70	132	186	185	175	154	104	81	78	77	55	40	60	96	120	152	162	168	171	166	159	146	137	132	135	134	147	154	145	145	138	132	133	126	124	126	131	130	134	126	125	127	130	132	132	139	132	127	126	128	126	119	117	111	110	112	110	113	111	125	127	98	95	94	91	90	95	84	86	96	91	97	100	92	93	95	93	107	110	92	107	107	99	105	107	109	109	116	99	82	74	78	101	123	111	108	116	128	116	131	189	197	216	222	214	201	183	199	207	210	202	184	179	196	205	205	192	184	171	170	172	167	168
67	69	74	65	59	60	58	57	58	64	73	62	55	63	57	69	53	51	41	48	65	64	43	40	34	42	46	36	39	46	38	35	48	46	47	50	53	58	58	52	49	52	56	53	58	46	37	37	37	39	46	50	52	37	28	30	33	34	34	36	37	34	29	28	26	30	35	40	44	49	50	56	52	60	72	103	134	134	101	87	84	140	203	172	148	152	128	88	79	91	114	140	151	155	155	161	164	155	147	140	131	129	131	129	134	141	141	137	140	148	142	133	127	121	122	118	121	122	122	116	116	114	116	104	102	112	113	115	118	113	124	126	122	120	121	120	117	111	102	101	95	90	88	90	87	84	89	83	84	86	84	86	94	90	92	95	94	105	102	91	100	99	101	111	108	110	105	116	106	85	77	79	93	123	115	109	120	129	179	186	186	198	212	217	212	191	180	181	197	211	209	181	175	178	190	197	196	187	171	166	164	173
37	37	36	36	38	38	39	38	39	38	40	39	41	53	41	40	41	43	44	51	98	53	47	81	62	48	41	34	35	39	40	42	48	44	43	49	50	57	58	50	48	59	83	54	64	54	43	39	38	41	39	39	27	27	29	29	30	33	41	36	37	34	31	30	52	56	47	40	42	44	46	50	47	58	103	99	83	101	132	144	136	119	117	124	109	130	133	128	140	149	154	155	158	159	163	165	159	155	149	142	133	134	137	136	137	140	146	142	150	144	140	123	125	133	128	123	123	115	110	114	103	104	107	107	106	103	103	98	104	107	121	127	125	126	122	114	106	102	100	97	96	95	93	87	85	84	78	83	78	79	81	76	81	88	84	89	95	88	101	102	90	98	102	100	106	101	101	109	117	107	91	79	83	86	119	121	114	143	185	193	188	179	189	207	219	218	205	202	185	191	204	193	186	176	162	172	179	184	177	171	161	163
37	37	37	37	38	38	37	38	38	37	36	37	38	38	37	38	37	35	34	33	33	36	32	38	38	32	32	33	33	34	33	32	29	30	31	34	35	37	38	38	42	44	50	62	81	60	50	43	37	38	42	37	31	28	25	23	23	25	42	39	36	32	38	43	57	59	64	61	54	49	47	47	46	39	71	101	100	92	84	103	131	174	113	79	108	143	155	156	155	157	162	159	154	151	144	142	143	147	134	134	143	142	146	142	142	146	142	145	134	124	127	128	131	123	124	128	121	115	114	110	111	106	104	105	106	114	113	114	113	126	129	128	134	138	143	132	122	110	105	98	102	104	102	95	85	81	77	72	69	70	72	74	75	83	83	82	89	96	96	99	101	99	106	108	100	107	104	109	114	113	112	92	81	82	83	112	131	183	171	183	203	188	188	193	208	214	214	201	185	186	193	194	194	194	180	161	161	169	179	172	163	155
57	54	49	46	45	41	40	40	40	40	39	38	37	36	35	35	34	34	36	37	34	36	36	34	38	37	33	34	35	35	34	38	33	29	27	28	26	24	24	25	25	26	26	27	27	28	28	27	27	28	29	28	28	27	26	27	28	28	29	30	29	46	60	47	35	33	34	29	28	28	28	28	28	30	42	53	66	61	57	68	77	97	120	154	167	164	159	155	155	147	141	136	134	131	139	139	137	141	147	140	144	148	153	153	144	120	130	125	127	124	124	121	130	124	121	122	110	107	102	99	101	94	97	99	99	104	94	100	113	140	142	141	138	146	150	155	150	135	119	103	100	105	105	97	93	84	83	76	69	65	62	63	67	73	78	82	83	90	94	95	95	109	99	105	109	104	108	103	102	114	114	120	103	86	85	85	131	198	195	174	175	192	191	179	182	194	205	206	199	194	187	179	181	188	182	177	167	154	142	167	165	162
133	147	105	147	182	102	94	122	123	56	62	49	49	48	59	50	49	40	48	61	83	87	94	78	56	51	50	49	49	44	54	76	72	52	50	43	54	46	37	38	41	38	35	34	32	30	29	29	31	32	35	33	31	31	37	38	32	32	29	29	30	33	35	33	31	31	31	31	31	32	32	33	33	33	34	33	35	37	52	110	157	176	174	166	165	165	163	162	149	156	151	139	132	126	123	128	133	132	136	145	147	149	144	137	134	130	123	116	122	127	122	122	122	112	114	104	99	97	93	94	97	93	94	95	94	93	97	101	104	119	128	150	140	146	149	155	163	151	127	110	96	93	94	99	91	92	86	85	79	71	67	59	58	63	69	73	78	82	88	91	88	96	109	102	104	113	102	103	107	97	107	112	117	113	97	88	90	123	188	199	184	183	188	188	180	171	180	203	195	203	194	186	180	178	178	183	187	166	146	140	143	153
166	110	151	215	210	166	161	102	72	56	70	65	56	55	50	44	63	62	58	68	104	135	169	152	101	121	111	141	59	59	41	42	47	48	46	57	75	63	54	56	60	67	50	42	41	33	28	24	21	32	41	42	40	43	38	34	32	32	34	35	36	35	35	37	36	36	37	37	36	44	68	72	53	50	52	52	62	110	160	173	171	191	193	187	184	176	177	173	170	151	141	133	127	134	125	127	131	133	129	123	127	134	138	133	127	112	110	120	120	116	114	121	118	116	122	115	100	97	96	91	85	88	87	90	92	91	96	98	99	106	121	136	136	125	125	138	146	149	143	134	101	89	86	90	87	90	96	91	92	83	75	66	54	55	60	62	68	76	77	84	91	88	95	107	101	99	111	112	107	109	102	108	111	117	112	102	93	93	107	174	198	192	175	179	192	191	178	178	185	194	201	177	171	170	164	158	167	168	166	144	126	134
202	206	209	195	222	170	145	84	65	92	128	122	84	55	56	47	45	43	57	67	69	98	152	137	96	85	82	76	107	84	47	52	46	50	51	75	75	82	61	109	70	82	47	42	43	42	33	26	26	29	39	43	44	42	39	31	29	33	36	40	38	46	47	45	39	54	51	48	57	108	138	137	98	90	95	102	150	155	169	186	164	177	167	175	176	148	146	158	160	142	133	132	132	134	128	124	123	127	121	122	125	136	126	126	124	117	116	112	107	118	122	125	121	128	125	110	97	90	87	84	85	84	87	93	96	96	95	92	97	100	106	108	98	94	92	111	142	141	129	107	100	87	87	95	97	95	91	99	93	87	83	81	68	46	49	55	60	66	71	72	81	92	94	93	107	102	99	112	112	110	110	104	107	117	110	112	109	98	94	100	155	201	202	174	182	191	195	176	171	184	190	192	192	179	172	153	150	156	164	165	142	126
113	205	225	188	99	153	149	124	124	105	74	81	92	90	53	50	46	52	57	60	68	70	69	71	78	59	54	54	60	88	59	49	54	64	58	49	51	60	46	65	58	35	24	22	29	33	32	27	31	32	36	43	44	93	110	102	104	123	123	121	124	127	126	125	126	126	121	116	114	117	111	104	108	110	137	165	175	179	195	189	186	184	181	183	176	166	136	153	145	127	135	139	138	138	130	130	126	131	125	124	118	117	120	129	124	120	109	115	117	109	108	113	112	123	120	112	112	105	88	80	79	76	78	75	77	81	87	89	86	87	98	98	88	94	97	123	102	85	79	73	76	75	80	88	91	93	94	92	103	95	89	79	77	71	49	46	51	54	61	63	73	83	97	94	95	112	108	105	108	114	104	122	110	104	106	117	122	112	108	101	101	128	191	195	179	177	185	182	170	158	163	180	195	188	180	166	144	139	142	148	156	155
105	201	216	123	121	136	94	62	83	99	68	49	58	140	119	51	50	56	51	49	52	60	56	56	65	52	43	65	80	109	111	105	54	54	56	67	52	58	60	60	50	41	27	22	23	21	23	27	34	37	38	38	49	111	166	143	142	141	136	134	134	127	128	126	127	125	125	123	127	123	118	120	137	155	163	186	187	182	191	179	165	179	180	179	177	172	153	146	136	124	123	137	143	137	133	131	118	113	110	107	114	115	119	120	106	108	116	126	112	107	116	116	109	120	113	109	109	106	94	81	77	74	81	81	85	86	84	85	79	87	93	97	88	96	116	121	73	69	65	50	50	63	70	82	88	86	85	91	104	116	97	86	78	76	71	47	45	48	50	58	68	81	88	94	96	96	112	113	96	104	114	107	121	109	99	116	152	150	127	113	100	99	107	184	196	177	166	170	171	176	158	155	170	175	181	159	150	140	135	133	144	158
89	149	197	211	174	112	70	56	50	59	68	53	55	97	77	60	53	68	58	51	53	58	55	58	60	46	69	61	75	66	63	92	72	59	51	53	49	60	47	58	64	70	60	41	28	22	21	22	24	28	31	33	40	44	106	149	139	143	141	141	141	138	135	135	129	128	124	123	118	113	114	145	158	162	178	175	165	176	185	178	168	174	180	176	173	164	158	153	151	137	137	145	142	125	125	116	105	103	98	96	94	98	100	102	106	110	112	114	107	109	110	116	111	113	113	111	104	99	85	76	75	77	77	76	85	87	86	87	86	94	94	95	100	108	124	106	81	73	63	52	53	57	61	77	89	87	80	84	90	97	88	91	84	70	76	63	41	43	46	52	56	73	86	87	100	106	100	111	114	99	108	112	110	117	114	120	162	193	175	133	112	98	99	102	151	193	189	164	155	174	174	158	153	154	166	165	159	145	143	147	135	145
134	113	128	157	147	142	117	71	53	54	65	86	52	47	51	52	50	71	84	86	61	63	62	66	50	42	46	52	51	44	63	90	58	52	45	41	40	59	50	54	71	54	42	51	60	38	28	25	23	22	24	27	29	36	41	118	138	133	132	130	130	126	123	125	119	120	121	115	115	117	154	154	161	180	177	163	173	184	187	174	162	168	177	172	171	166	161	148	145	135	125	135	126	124	128	124	121	111	106	104	94	98	96	94	101	104	118	114	113	119	114	122	115	107	104	100	95	95	89	74	80	81	84	83	91	91	97	96	99	96	101	114	111	123	114	88	85	74	67	61	65	67	71	77	70	67	70	74	73	75	79	82	82	90	90	83	51	40	43	48	52	61	78	90	94	99	98	101	114	112	109	110	113	116	119	115	149	184	199	189	150	114	102	97	89	118	183	181	171	155	157	163	149	141	147	157	154	155	152	152	144	134
139	105	79	137	127	124	83	67	56	56	52	55	57	56	60	40	43	77	100	99	62	52	73	81	49	45	43	49	54	38	37	59	49	44	45	35	33	64	43	64	48	38	37	54	41	43	38	36	30	23	24	29	32	35	37	37	69	95	98	108	117	115	126	115	117	119	113	110	109	147	168	164	172	177	167	165	168	177	178	159	168	173	168	168	168	166	157	152	142	140	134	132	128	133	136	136	127	122	109	104	98	102	96	90	94	98	109	106	96	103	116	121	124	113	100	103	104	102	103	82	77	81	87	87	89	93	95	89	92	103	111	117	127	117	99	93	90	78	73	84	83	68	68	66	63	64	63	66	68	73	78	85	84	84	79	80	48	38	39	43	47	57	66	81	87	80	93	102	104	104	115	105	102	113	110	104	123	176	192	199	193	155	113	101	88	81	96	161	185	172	154	153	159	147	130	136	141	144	146	143	130	139
145	128	144	168	87	68	63	69	56	49	49	53	70	61	47	41	45	59	81	79	61	44	43	47	37	38	41	41	40	39	37	35	37	28	29	27	27	29	30	37	32	36	44	40	40	36	37	35	34	32	31	31	32	34	32	31	31	32	33	37	37	39	43	51	42	43	45	53	75	175	164	174	176	176	163	167	168	176	168	151	167	167	163	153	168	165	161	154	152	138	147	143	140	141	135	133	129	119	121	107	103	102	93	92	100	113	100	102	104	97	95	98	114	107	95	100	104	102	102	100	98	101	89	90	86	82	81	93	104	118	120	111	100	89	83	67	54	48	52	69	78	99	84	69	64	64	61	62	64	61	61	58	59	61	53	49	36	36	38	40	44	52	63	72	84	87	87	99	109	102	99	112	108	97	116	122	109	141	186	191	191	179	160	114	96	90	80	89	146	175	169	140	128	136	150	137	125	128	141	144	140	134
71	58	124	142	103	70	79	148	85	52	51	66	52	39	39	38	41	40	41	45	48	46	51	58	55	47	58	45	43	41	36	33	44	44	42	43	30	32	36	40	48	59	65	46	52	55	66	48	42	36	38	40	58	37	29	26	29	47	38	39	39	40	44	46	48	62	82	96	124	175	168	174	179	180	167	169	169	168	162	162	133	174	162	154	163	168	163	140	139	131	134	130	124	139	135	127	126	125	110	108	118	100	99	98	96	99	107	99	94	90	88	91	87	85	87	78	75	85	93	93	95	86	88	84	77	91	105	113	134	122	111	99	96	81	78	52	46	41	38	37	51	70	78	91	90	69	62	61	56	57	50	42	33	32	32	32	33	36	38	41	44	50	61	69	71	82	93	101	102	109	95	97	111	111	94	111	123	123	176	189	182	189	185	170	123	98	92	82	78	122	162	160	136	125	126	145	133	122	121	145	146	143
75	163	204	228	142	62	59	59	67	59	43	43	44	41	45	40	44	57	61	59	57	61	60	60	63	54	50	45	57	42	36	37	39	55	64	36	49	59	40	37	39	39	42	50	61	95	72	45	42	34	33	37	74	64	50	30	30	29	27	26	39	53	50	48	74	87	89	100	142	172	176	181	182	181	178	175	175	163	169	170	167	164	171	153	134	162	156	145	129	125	132	130	134	133	132	125	116	121	121	120	113	118	109	110	99	100	101	92	93	90	80	80	79	80	90	85	87	79	84	86	86	74	82	83	98	104	112	127	159	147	117	112	113	100	74	45	40	38	37	35	37	49	63	70	89	104	96	71	54	49	42	34	32	32	32	33	34	35	37	41	45	48	59	69	71	72	84	92	98	101	109	91	99	118	117	99	113	140	183	184	189	179	183	181	166	143	105	95	83	80	99	142	158	140	120	116	126	133	121	119	133	143
82	103	159	198	102	65	58	58	60	50	48	45	48	51	52	46	42	48	63	57	52	69	70	55	47	52	77	53	48	48	36	41	44	39	37	44	54	52	56	56	50	39	35	43	57	91	69	46	40	33	34	37	48	85	63	49	48	30	25	30	58	64	67	75	77	85	115	126	148	174	177	177	179	178	177	154	153	153	157	152	164	159	159	156	138	144	153	151	142	132	138	137	133	127	123	116	106	107	100	107	115	114	108	97	95	93	90	92	91	83	79	84	81	73	75	75	72	73	87	77	76	80	95	100	106	107	125	131	142	127	111	118	123	122	84	45	42	39	37	35	34	36	54	69	73	84	100	111	102	76	53	38	35	34	34	34	35	35	37	42	46	52	56	65	70	77	79	88	94	94	105	110	100	103	116	116	113	122	190	180	178	187	171	181	182	168	160	115	97	85	78	83	121	145	143	117	118	129	137	124	119	122
59	58	62	79	89	57	50	62	60	53	56	54	53	51	50	48	40	44	57	56	50	44	47	48	44	45	49	44	33	41	46	40	50	47	51	51	55	37	60	64	63	52	41	45	46	43	38	39	33	30	34	38	38	47	79	70	71	62	48	48	58	72	79	80	99	124	117	122	146	168	160	171	172	173	174	172	164	138	147	154	158	162	169	165	159	137	144	154	153	138	146	138	135	130	116	109	106	105	105	107	114	108	103	95	90	90	88	89	84	86	87	90	88	84	79	82	84	86	91	89	91	91	97	98	102	130	147	115	117	110	122	129	138	131	112	62	47	45	38	39	36	36	39	67	86	85	90	96	102	112	114	101	81	66	52	43	38	38	39	43	47	53	56	58	63	69	77	77	85	98	109	112	111	109	118	116	122	117	175	198	185	177	185	181	157	163	172	171	134	101	87	78	78	106	148	145	118	115	124	130	119	110
131	131	124	70	70	60	73	80	57	53	56	56	56	51	47	48	58	51	44	69	68	57	55	40	44	41	40	40	40	45	45	44	46	67	85	58	62	36	38	39	56	55	57	50	46	43	37	37	33	31	33	36	36	36	74	84	71	89	91	74	73	70	72	111	119	106	121	121	119	156	160	160	162	167	166	166	160	151	145	149	161	163	166	167	159	158	160	161	162	144	137	136	137	128	129	120	115	123	120	107	106	103	103	94	95	92	91	89	93	98	100	113	117	108	103	115	122	122	126	121	119	118	124	135	147	145	131	107	113	125	116	129	142	138	119	87	54	52	48	49	46	43	48	84	98	85	92	103	101	102	105	114	117	121	116	110	103	99	96	88	83	81	77	82	77	70	71	71	73	89	105	108	98	118	118	115	116	129	173	194	196	183	168	188	183	155	171	173	165	141	105	87	77	77	89	133	131	117	112	123	121	119
82	63	82	75	76	72	63	68	60	68	57	55	50	50	51	48	59	54	45	63	60	52	48	45	43	37	35	43	41	38	45	46	38	56	53	47	43	42	56	67	48	54	57	67	49	37	36	41	53	73	40	37	38	44	71	74	69	77	81	71	67	59	70	105	100	115	100	69	106	139	144	152	155	159	157	154	142	135	138	152	156	153	153	155	151	154	160	146	139	138	133	120	125	125	135	128	122	118	114	117	109	104	107	101	100	88	86	91	102	123	150	168	156	155	155	162	160	160	167	164	162	162	162	158	168	158	140	123	107	105	100	115	138	140	130	100	71	59	61	60	67	75	87	90	90	82	90	107	105	97	95	106	120	120	121	118	117	104	92	87	83	87	97	111	102	101	93	83	71	68	89	109	111	119	121	120	115	116	201	191	198	204	181	164	182	190	163	165	169	153	144	113	91	77	77	83	117	138	120	111	112	119
75	75	103	101	134	96	74	66	69	60	56	64	111	74	69	62	70	71	57	54	90	77	89	52	49	42	41	41	46	41	43	55	55	54	44	47	45	41	39	39	39	39	39	39	39	39	39	40	41	42	42	42	44	43	42	42	42	41	41	40	41	57	78	80	93	95	70	66	89	108	123	138	145	150	151	141	143	142	149	160	156	149	150	149	145	153	151	149	149	142	128	130	123	115	121	118	107	110	115	117	116	117	112	111	110	113	132	151	170	180	181	188	184	181	186	199	188	203	202	204	200	199	189	183	173	160	147	133	119	100	99	108	109	131	131	102	75	70	70	68	71	81	80	80	84	87	91	106	119	115	121	132	134	134	129	123	118	114	107	102	102	96	93	89	93	80	83	97	104	80	67	86	113	119	122	119	121	116	201	212	195	195	198	181	163	165	175	163	155	155	138	134	117	97	80	77	77	103	133	136	118	119
77	95	102	81	94	92	92	155	174	99	62	65	89	89	79	78	83	104	92	60	51	62	50	48	46	47	46	51	60	55	45	40	44	46	53	43	39	38	38	38	37	36	36	36	36	36	37	37	38	37	37	37	37	37	37	36	35	34	35	38	41	44	46	52	54	59	61	60	51	72	93	113	126	132	133	134	144	144	143	140	142	137	145	154	151	151	145	140	152	143	133	131	138	136	135	142	135	127	120	117	114	128	134	142	153	156	157	157	169	188	195	204	206	202	208	225	222	215	216	210	201	205	213	210	206	199	182	140	124	107	101	96	100	120	131	106	76	66	65	68	71	72	80	91	93	88	90	104	104	110	109	119	125	133	130	123	117	117	118	117	116	112	105	101	105	100	94	94	109	114	81	62	91	119	124	125	124	135	195	205	204	187	188	181	182	164	156	167	154	146	150	130	124	117	104	88	77	77	93	122	132	129
89	81	76	79	85	128	109	107	181	141	93	72	71	81	107	152	141	119	77	112	147	117	122	44	43	47	46	53	63	57	70	66	61	44	38	37	36	35	35	35	35	35	36	36	36	36	37	38	37	37	35	34	33	32	33	33	34	37	39	42	42	44	49	55	46	45	48	75	57	51	65	89	102	113	110	112	118	133	132	139	139	136	141	138	145	145	140	141	139	138	138	133	136	151	172	174	155	144	141	137	139	148	157	165	167	158	142	130	151	187	215	216	229	223	222	218	213	215	210	209	203	184	198	209	208	213	212	167	131	113	95	99	107	132	139	115	90	66	63	66	71	80	88	93	98	114	117	117	109	107	102	102	109	123	122	113	115	112	110	107	105	99	97	95	96	93	99	115	141	132	101	71	65	105	120	119	131	162	200	185	188	196	188	181	176	179	162	141	142	139	137	140	130	125	117	107	94	84	76	87	119	135
155	166	108	105	97	99	107	74	153	156	169	100	84	211	228	178	103	145	82	162	207	124	88	58	60	69	54	46	49	52	52	52	48	60	64	59	43	37	35	35	35	36	36	41	52	58	53	53	53	53	54	50	45	41	40	42	44	45	45	47	49	51	57	50	46	44	41	44	76	48	51	62	76	97	96	90	95	104	116	121	119	122	128	138	142	146	142	135	124	125	136	139	165	183	180	190	197	196	189	187	185	179	183	170	159	142	118	100	107	109	106	103	112	139	165	204	229	231	230	225	217	200	173	204	208	210	217	179	138	129	106	97	104	122	126	120	87	59	63	73	82	87	95	108	111	114	114	120	124	124	121	121	123	118	112	107	106	105	101	99	100	98	104	104	107	98	110	139	132	124	113	102	60	86	112	120	127	161	212	203	187	173	195	192	173	157	163	150	132	139	146	137	132	133	115	119	114	100	84	75	77	105
157	196	152	112	119	120	86	65	58	70	95	110	84	93	139	149	147	112	77	94	90	57	54	96	126	77	65	53	48	42	41	42	42	41	40	38	37	37	37	36	37	45	55	60	61	59	57	55	56	56	59	73	74	66	62	58	54	51	50	51	53	56	55	49	46	44	41	39	35	46	42	49	63	79	89	87	82	94	103	112	111	112	119	121	126	123	128	128	123	117	124	149	186	197	198	192	192	193	199	197	204	209	197	166	128	115	93	49	47	48	49	50	51	54	58	64	88	152	224	245	244	234	224	219	220	221	228	196	165	123	106	103	106	103	101	99	58	45	42	42	46	50	50	47	46	50	56	67	80	98	114	121	117	128	117	111	116	113	117	114	113	121	112	104	109	114	135	133	137	133	120	110	71	80	111	121	126	139	205	198	208	188	170	186	183	161	144	148	147	129	128	136	130	126	129	124	129	115	97	84	77	71
85	72	53	51	58	51	55	56	60	66	58	54	54	53	59	50	55	48	47	48	49	45	49	64	78	66	61	58	47	43	42	41	40	39	38	37	37	39	43	51	58	56	54	52	52	52	53	52	54	55	59	68	81	90	89	87	71	59	54	54	54	55	54	52	48	45	42	40	37	32	33	43	51	62	72	73	81	88	87	91	94	97	98	103	103	104	102	104	111	122	140	166	178	188	196	196	188	193	204	217	219	213	189	145	127	81	51	45	43	42	42	45	49	55	53	55	64	77	92	163	236	246	238	232	237	247	241	225	189	171	138	126	115	121	102	67	49	46	44	42	42	40	40	39	39	39	40	43	49	53	65	82	115	116	117	127	127	123	124	130	122	110	107	107	115	130	130	128	138	137	127	114	82	69	106	106	112	131	205	192	179	204	177	162	173	176	149	136	145	146	126	123	131	126	114	124	127	118	110	99	88	78
110	88	66	76	96	193	133	185	187	216	227	123	72	55	54	48	46	50	50	64	54	54	55	89	91	86	71	61	54	54	53	42	39	38	38	37	42	57	69	85	80	93	86	62	47	44	43	40	39	40	43	46	51	60	77	93	97	84	65	56	55	56	56	57	55	47	43	42	40	35	31	38	48	54	57	67	73	79	82	88	92	91	96	100	98	95	101	104	109	148	179	167	179	189	200	208	203	212	221	230	229	208	181	112	62	53	48	42	41	42	42	43	51	53	54	57	66	77	88	95	141	240	241	240	235	244	247	240	229	209	202	187	174	133	90	59	56	54	53	50	50	48	46	46	50	49	45	41	40	44	50	60	68	97	110	118	117	123	128	126	126	121	125	122	127	139	144	144	147	146	137	112	94	60	104	114	106	118	198	214	179	160	188	178	166	171	175	151	132	140	146	128	122	135	136	118	126	132	121	124	105	93
66	57	56	62	88	104	98	108	129	128	91	67	54	72	59	47	47	47	60	65	53	46	49	98	81	78	69	53	49	47	46	46	46	45	48	55	62	66	81	77	74	87	91	86	86	74	65	54	47	43	40	37	34	34	35	37	56	78	89	72	70	65	62	81	70	58	48	44	42	39	36	55	51	57	59	64	72	78	79	83	86	89	95	97	102	101	106	111	136	175	171	186	186	190	194	209	219	231	243	241	224	188	103	66	60	55	44	43	47	49	49	51	57	61	63	64	70	87	95	102	120	223	243	244	243	241	212	214	215	225	218	193	176	152	100	80	65	62	59	58	56	57	55	57	57	60	46	42	41	46	60	79	79	78	71	105	124	119	111	112	115	111	106	96	99	114	127	140	139	140	133	119	106	70	85	112	114	109	185	215	202	173	157	180	173	157	154	167	149	143	146	143	124	115	133	132	127	133	143	126	125	117
76	81	87	83	62	65	64	65	62	64	64	70	73	120	71	47	48	52	71	96	94	97	74	100	74	64	57	60	65	64	64	65	70	75	77	80	80	80	78	74	66	66	71	70	71	72	69	62	59	55	51	49	48	46	42	38	36	39	41	49	62	77	69	68	71	67	67	51	45	43	37	86	73	62	62	64	73	83	82	85	87	91	93	101	108	112	110	120	171	175	186	194	194	196	205	217	220	240	243	243	195	111	71	68	69	61	53	51	51	51	53	54	58	64	63	64	73	84	93	109	132	205	246	247	237	196	205	215	226	231	228	228	229	207	137	97	87	76	74	73	70	72	73	75	72	82	65	62	62	57	55	60	64	66	66	98	137	148	141	140	134	137	135	130	132	132	128	132	123	119	115	113	106	86	64	96	114	123	187	193	211	200	176	162	177	164	151	150	163	158	145	141	149	132	122	120	133	136	131	146	132	135
184	156	100	67	67	60	58	61	57	57	53	57	70	62	74	76	57	52	59	59	110	118	72	90	68	59	60	75	72	77	81	83	85	87	88	89	88	84	83	84	86	86	76	79	78	73	68	62	60	59	57	54	50	48	49	50	48	43	40	45	66	70	70	68	61	57	59	62	50	45	39	50	82	97	69	67	73	77	85	89	93	94	98	103	112	123	128	137	203	195	198	195	203	207	218	213	222	230	235	228	164	77	74	69	66	60	56	57	55	53	57	60	63	65	67	67	73	89	102	109	152	206	239	248	225	200	207	220	228	232	233	234	222	204	184	143	91	98	88	84	85	86	86	89	97	102	79	76	102	93	88	62	93	98	85	67	124	148	152	155	154	152	147	147	146	150	144	136	130	129	117	120	116	100	66	79	107	118	190	184	187	202	200	171	162	158	147	147	142	152	155	141	133	143	137	123	123	147	139	127	139	135
128	99	78	71	88	57	58	53	52	54	48	43	54	68	81	57	49	47	55	51	61	69	78	106	90	81	93	85	79	78	84	87	90	92	87	81	85	91	91	90	86	89	88	90	90	90	87	89	84	81	71	64	62	65	66	65	55	52	50	43	68	75	77	65	62	63	60	57	56	50	46	44	56	120	121	85	79	80	90	96	102	106	109	114	127	137	138	180	218	208	212	211	220	223	205	203	204	222	218	197	121	85	74	67	63	73	70	65	59	62	64	64	63	60	65	72	85	94	110	124	183	224	241	241	227	208	193	206	222	225	227	228	221	226	218	178	126	115	109	103	108	106	102	103	106	115	85	53	77	95	113	74	95	132	113	67	122	146	147	154	153	157	150	141	133	140	139	138	131	119	119	120	110	113	86	60	90	112	169	205	189	200	202	200	176	145	155	149	143	137	157	159	140	124	140	147	130	122	142	141	126	127
62	76	64	58	57	56	50	52	53	52	45	51	49	52	63	50	46	46	46	44	45	48	79	97	88	87	96	95	91	90	91	96	100	83	86	89	93	94	78	71	59	59	67	69	71	76	78	79	82	79	80	83	79	77	72	68	71	75	66	64	70	68	61	64	69	70	74	78	74	72	75	76	62	56	49	94	109	103	112	174	193	197	196	196	190	190	171	214	225	229	227	230	217	197	183	184	185	185	156	120	97	91	90	79	84	89	92	88	85	83	80	74	74	74	80	94	109	126	152	195	217	238	243	237	227	192	137	111	132	199	216	221	219	212	213	209	180	152	126	120	118	116	120	123	124	127	86	70	79	95	96	70	98	104	91	87	136	133	128	136	147	157	154	149	145	144	136	127	119	116	124	120	121	121	107	67	75	95	149	189	207	185	175	193	198	168	146	168	156	132	132	148	153	128	115	145	146	132	130	148	147	132
182	113	81	74	64	61	52	62	115	58	60	54	49	46	56	47	42	42	45	71	49	56	87	88	86	84	93	95	89	88	89	93	95	90	88	91	84	79	86	84	74	65	78	83	73	71	76	79	85	85	83	83	82	74	70	84	86	75	74	75	75	65	53	43	47	55	56	54	55	54	55	59	63	59	47	38	61	120	157	173	181	212	221	219	219	218	223	218	228	237	237	237	222	203	188	181	179	175	157	136	105	96	92	92	95	96	96	89	93	82	75	72	78	83	115	133	149	182	204	223	231	240	235	217	199	177	150	145	145	141	156	180	198	201	214	211	202	191	170	135	124	123	122	124	138	120	80	111	139	139	126	85	65	64	68	122	134	132	136	149	159	150	156	157	155	144	140	131	117	121	129	128	132	122	116	87	68	94	122	200	202	197	168	161	191	189	156	158	172	156	131	125	144	147	134	129	146	149	144	133	144	142
125	86	61	50	48	46	76	61	47	63	59	46	45	47	45	43	44	45	52	51	52	52	90	85	78	73	78	92	89	87	92	84	93	87	89	89	88	76	94	63	53	49	76	57	49	67	72	59	66	79	84	78	75	79	82	74	68	76	80	68	59	70	85	75	53	40	52	62	70	63	60	56	59	58	39	39	44	49	99	172	219	216	233	235	227	232	233	223	226	235	248	249	235	219	198	187	180	184	172	155	118	112	97	94	101	102	108	112	117	111	110	113	119	128	134	139	146	155	152	185	204	233	232	222	212	202	193	184	177	159	145	143	143	141	147	168	187	181	164	141	128	125	122	128	138	106	63	75	102	126	126	111	115	112	81	135	147	147	147	151	157	156	155	152	155	148	133	129	119	120	167	161	154	149	129	104	71	97	106	177	205	200	190	167	176	187	178	167	170	167	155	134	124	134	146	144	136	147	152	139	130	127
70	60	51	44	50	59	130	73	46	50	52	47	52	55	42	40	42	51	47	67	75	57	75	60	61	57	59	68	85	89	91	78	70	77	88	80	67	55	59	68	56	49	45	50	51	63	71	71	67	56	75	81	80	76	74	71	76	77	72	83	87	67	61	80	90	70	50	58	87	85	71	65	61	51	50	47	49	52	63	77	106	162	206	229	233	234	236	241	239	237	237	245	246	235	208	195	196	209	201	169	140	133	133	108	110	118	121	126	125	120	120	125	126	132	132	134	132	135	139	139	145	148	167	189	203	206	207	210	208	199	194	177	167	160	152	144	146	153	151	139	129	126	130	136	124	104	109	120	124	118	86	88	113	122	113	143	138	141	151	150	154	156	156	152	158	155	154	146	127	116	155	170	157	154	138	118	84	84	110	160	196	202	199	194	179	178	178	179	175	166	161	155	143	124	140	156	155	132	141	151	133	121
67	50	48	49	50	60	54	51	52	52	61	68	57	59	48	42	42	49	53	49	56	92	98	71	71	73	74	80	87	87	94	82	70	62	62	72	74	66	60	56	54	54	51	49	48	51	62	65	76	65	64	68	69	83	78	72	57	69	66	61	84	92	84	68	66	78	67	55	70	95	93	82	85	73	60	53	56	50	51	54	63	71	83	116	162	202	234	241	242	241	237	229	239	246	230	214	220	217	200	189	149	174	181	165	165	157	152	143	127	123	122	122	123	124	121	119	125	126	128	125	132	135	137	138	155	181	198	205	209	217	209	199	192	178	160	149	146	139	129	125	123	130	146	136	98	74	80	89	108	97	72	70	77	86	121	123	105	111	116	132	138	152	156	157	159	160	145	135	131	125	153	165	151	144	137	125	100	75	106	146	191	188	199	203	201	173	167	180	183	170	150	153	154	135	119	138	158	149	134	131	148	138
49	48	50	49	47	47	50	51	59	68	55	56	53	45	43	42	38	40	63	70	63	59	73	55	55	53	57	59	80	71	61	74	90	85	81	77	80	78	72	71	72	70	66	60	57	55	54	55	60	70	73	70	71	71	92	70	58	73	63	62	71	94	88	90	66	62	65	56	67	93	93	93	100	103	76	53	54	53	57	52	51	53	58	62	70	85	103	144	202	240	247	244	238	237	235	222	217	214	210	193	147	139	132	138	163	183	186	149	134	121	119	114	108	111	113	122	126	128	131	130	138	141	139	129	128	136	150	173	185	187	210	221	219	214	196	168	143	132	127	127	137	137	129	109	112	134	124	128	113	85	83	98	101	109	128	119	98	102	113	122	122	130	136	137	150	155	149	146	141	138	143	157	152	150	134	141	117	75	100	131	199	181	182	198	196	194	176	159	164	178	166	139	148	149	132	119	134	154	160	146	133	151
49	52	51	48	45	51	54	55	63	104	63	50	49	47	45	50	42	50	73	76	84	52	52	59	59	52	45	51	82	75	58	56	68	74	85	84	84	82	86	81	77	74	73	71	65	68	66	66	64	63	64	64	70	79	83	74	68	82	82	67	86	92	88	92	94	70	58	64	78	86	91	91	94	95	74	61	69	75	71	49	51	46	51	53	58	60	64	70	82	104	139	169	184	193	203	213	201	195	166	99	83	77	78	77	78	85	123	179	200	158	142	139	144	154	157	156	147	138	133	117	92	84	80	77	80	79	80	93	134	205	193	204	225	230	233	236	225	203	185	162	144	121	96	76	75	88	101	116	98	77	69	70	73	87	133	119	95	102	112	108	110	114	114	121	137	154	158	160	162	164	165	165	163	157	130	132	123	81	99	130	203	200	196	191	191	189	195	173	158	164	170	159	135	144	147	134	124	132	158	157	135	131
59	57	71	62	51	41	43	47	55	68	52	51	50	41	42	40	49	48	48	60	108	73	85	74	64	74	82	83	121	81	74	70	64	58	57	74	83	90	82	81	84	81	75	68	64	61	62	61	62	66	69	71	66	68	70	74	80	84	79	78	86	91	91	84	89	73	77	86	87	87	89	91	93	100	96	84	51	52	53	47	39	36	40	44	54	53	56	58	64	69	69	73	75	75	85	116	170	201	195	130	105	112	129	148	154	155	160	171	193	218	195	180	158	144	110	103	95	98	107	107	121	126	133	141	117	89	88	100	105	166	192	208	214	226	225	223	223	240	233	217	192	194	184	165	144	125	117	104	82	103	110	98	83	83	111	118	93	101	105	108	109	108	110	112	141	153	155	157	159	163	168	165	158	155	143	135	126	85	95	139	194	201	205	203	190	192	192	188	175	157	166	171	165	143	147	152	146	126	137	161	164	147
48	42	42	43	47	40	66	44	45	47	45	47	44	43	41	46	46	45	85	113	73	78	65	81	101	110	107	100	148	94	61	63	54	51	52	57	56	81	71	69	67	73	80	83	80	80	80	78	77	77	78	77	78	79	80	82	82	84	84	87	88	89	90	93	74	73	73	71	68	74	79	82	86	83	61	53	49	40	39	37	37	33	33	38	52	51	53	53	57	61	62	65	68	62	68	74	112	99	100	117	99	85	82	93	90	95	101	118	134	153	155	160	151	148	150	148	137	111	98	91	95	107	117	113	135	176	134	103	121	114	119	181	212	216	222	238	241	224	203	166	139	131	144	160	170	180	176	159	124	83	111	113	107	107	108	126	115	117	124	123	118	109	110	119	160	148	154	165	162	167	173	166	159	158	148	141	143	96	94	164	188	192	209	204	187	179	188	188	192	183	173	175	177	167	159	153	163	151	131	140	162	168
41	42	42	46	51	45	39	46	46	43	47	50	58	52	50	47	49	50	62	48	43	40	38	44	44	37	40	77	105	54	50	55	45	48	66	56	45	51	39	40	42	39	43	49	54	70	87	84	73	72	78	82	83	84	85	83	85	85	86	84	86	85	88	77	60	58	58	57	58	65	46	47	47	46	45	44	46	43	44	51	45	35	34	35	55	57	54	51	51	57	57	58	55	55	62	81	104	104	82	80	81	77	71	77	77	73	75	78	81	73	76	86	103	144	191	230	236	229	228	202	178	170	163	165	157	157	210	193	145	115	133	193	223	226	226	232	241	221	210	197	217	225	209	175	143	130	97	98	101	93	91	87	83	89	108	122	131	144	143	159	163	158	162	164	168	163	162	164	164	183	179	162	151	150	148	146	136	87	99	193	196	186	196	203	198	181	175	181	184	192	186	180	185	175	170	159	136	156	151	135	142	152
50	47	46	47	46	48	47	47	47	45	49	53	58	49	50	49	49	49	47	65	89	80	104	109	66	52	46	67	72	55	56	56	43	57	66	48	50	53	40	47	44	40	40	39	47	82	142	100	100	79	68	58	63	83	90	69	56	52	51	65	76	77	73	44	53	60	62	57	59	54	46	46	48	48	47	48	47	42	38	57	51	43	41	40	55	64	52	50	48	55	52	56	54	50	60	91	109	103	91	76	75	77	73	75	75	69	75	75	72	73	73	83	79	78	85	102	172	203	213	217	216	209	199	198	202	201	205	223	211	214	218	222	224	235	245	239	236	212	189	162	151	165	179	196	211	213	163	167	200	190	174	158	156	150	154	151	154	170	187	201	205	206	204	193	179	184	191	187	183	190	189	164	141	141	143	139	122	78	114	214	207	201	196	197	200	198	184	171	182	188	185	168	166	173	179	176	155	138	157	149	135	135
49	46	41	44	46	52	44	51	57	52	49	49	54	57	55	51	49	48	43	66	58	40	48	54	92	60	46	66	74	76	58	60	57	67	70	84	56	56	43	46	44	35	36	51	51	79	113	124	156	79	49	43	54	81	118	70	82	60	54	66	87	79	65	41	50	49	51	56	56	52	52	52	54	54	53	52	51	42	40	48	46	43	45	42	46	75	52	53	47	52	52	62	58	51	60	85	101	107	107	83	99	100	69	80	79	72	74	79	76	83	79	77	75	77	82	79	82	109	124	135	141	136	145	169	167	183	192	206	215	230	228	230	232	228	230	217	198	176	222	240	231	227	230	220	213	156	157	184	191	180	160	148	146	203	184	191	203	206	218	219	220	220	227	225	210	204	210	199	214	222	217	191	152	151	152	146	101	88	171	209	215	205	199	191	192	201	197	179	168	186	177	179	170	170	172	176	181	159	143	159	152	138
44	42	43	48	59	61	50	48	51	50	49	61	99	89	55	62	55	63	47	65	48	40	43	50	53	52	49	66	75	71	69	61	62	67	51	43	46	43	43	53	49	35	33	38	57	68	114	149	95	43	59	44	47	79	85	63	65	55	95	105	72	87	59	32	48	51	53	54	54	55	51	55	56	55	54	51	49	42	30	45	50	54	50	50	50	73	53	49	44	49	52	70	51	51	56	75	73	94	124	109	86	98	70	71	73	74	74	78	86	93	75	73	73	83	79	71	71	85	102	98	91	95	103	144	159	173	191	200	208	216	219	220	232	240	239	220	220	213	192	181	191	199	220	228	188	198	199	186	169	168	164	186	221	225	226	223	224	224	230	237	237	230	222	223	221	208	205	204	212	218	219	181	157	164	156	142	83	137	214	216	210	207	196	193	180	191	203	202	181	169	188	188	179	181	187	174	183	177	165	149	167	164
38	41	49	75	58	52	50	49	65	83	69	58	76	64	66	81	50	51	47	39	40	46	49	50	48	64	55	63	72	60	63	64	76	53	58	41	42	38	41	39	37	36	36	36	39	41	50	50	65	49	41	57	66	73	63	82	47	58	70	65	50	54	43	29	39	47	49	51	49	52	55	53	52	50	49	45	44	40	31	38	46	54	51	50	49	68	53	47	44	48	55	55	47	54	57	74	75	100	131	113	91	110	92	82	75	77	78	82	95	104	81	74	74	89	74	66	66	73	89	107	105	123	115	129	159	164	178	197	200	216	221	216	210	215	208	220	229	238	242	240	243	236	225	204	199	217	221	207	203	206	214	219	234	240	243	244	250	246	241	237	234	236	223	219	220	227	209	209	214	208	198	186	162	158	157	104	149	216	220	215	214	202	206	205	185	178	199	206	202	189	174	191	192	184	188	179	171	184	183	171	153	171
44	52	54	68	42	39	42	48	77	102	90	76	81	69	57	47	46	43	42	34	38	41	44	47	53	60	57	67	68	63	54	72	62	51	47	42	42	42	46	39	33	36	36	40	77	108	66	76	64	41	42	44	45	46	44	43	39	41	49	49	51	43	39	32	34	39	41	45	46	50	50	48	49	45	45	47	44	42	31	45	39	39	39	43	45	55	55	45	42	47	53	48	48	52	56	69	68	97	148	131	89	100	97	92	87	79	80	88	86	74	71	74	68	80	70	67	70	76	102	119	128	132	128	112	144	171	181	193	199	212	215	216	207	195	191	182	171	182	205	216	223	221	225	221	211	200	186	180	193	218	202	212	234	242	246	247	251	253	253	248	246	241	234	232	228	231	234	241	241	228	221	205	190	172	164	190	205	215	222	223	218	209	198	209	208	179	196	201	202	204	189	186	193	199	191	189	179	179	183	186	180	159
57	66	51	43	37	38	42	47	51	98	99	73	67	100	70	52	48	47	38	41	39	39	44	58	76	65	64	63	60	58	64	78	70	46	51	47	42	39	39	40	36	35	38	95	185	153	105	99	60	36	42	72	57	55	47	61	41	56	49	48	39	42	46	38	41	44	45	45	43	41	40	38	38	38	40	40	40	35	31	41	41	32	30	36	37	44	49	37	39	45	51	43	46	56	57	63	73	108	138	93	76	112	108	101	80	79	91	94	83	72	71	80	83	92	84	76	74	81	119	147	142	126	125	111	115	164	174	190	196	204	215	208	205	189	184	170	169	154	179	197	201	201	197	199	202	203	207	132	188	223	223	224	220	236	240	242	250	254	254	254	253	253	251	246	240	239	241	239	236	234	232	221	213	215	228	224	215	212	218	220	219	207	207	203	211	201	183	193	196	202	204	194	189	196	195	194	183	186	183	195	195	184
45	43	37	37	40	45	49	51	54	94	140	64	54	64	71	55	52	46	42	42	39	38	45	62	78	64	62	65	52	54	73	113	59	48	46	52	49	43	40	36	33	37	35	40	60	54	36	36	34	30	32	36	44	49	67	65	56	48	64	69	74	81	45	31	32	41	45	48	41	38	38	38	55	53	50	56	50	45	42	42	42	41	42	42	42	43	41	40	37	44	48	40	51	56	51	60	74	120	135	89	86	89	89	93	99	74	87	93	82	76	75	101	143	127	91	86	88	104	121	144	124	115	105	96	96	152	168	183	195	202	211	199	201	188	174	164	163	157	155	186	198	198	197	197	199	204	212	186	129	218	220	225	221	217	230	222	219	226	237	242	248	253	253	250	247	242	240	233	222	222	221	213	217	221	226	230	226	216	209	213	215	215	211	209	211	213	197	180	189	193	201	202	192	181	195	196	192	179	178	179	193	195
44	49	45	44	50	51	61	60	54	51	70	61	52	50	63	57	48	46	49	42	41	45	59	74	71	62	58	56	48	40	45	67	56	50	52	49	56	57	43	39	32	32	35	33	43	38	36	42	40	33	43	56	83	80	138	142	94	81	58	47	48	55	64	59	67	45	44	33	28	28	27	38	60	41	62	92	63	63	42	38	43	43	44	47	47	46	56	53	42	40	39	37	50	51	47	55	62	80	102	75	75	101	130	102	99	76	84	95	84	76	74	106	160	135	86	87	92	120	101	122	109	112	103	98	89	127	162	175	191	203	204	200	192	182	168	157	155	163	144	163	192	197	200	192	198	203	206	214	147	157	224	220	225	220	224	229	222	217	223	223	229	230	236	243	247	243	238	235	233	229	223	213	223	227	227	225	222	224	217	214	217	217	215	209	207	214	212	198	189	192	196	205	207	192	185	197	193	189	179	166	173	191
40	45	44	46	47	48	57	57	45	45	47	54	47	43	50	54	70	52	46	43	43	43	56	64	71	63	62	62	57	52	41	50	53	57	88	67	76	66	55	51	39	40	41	35	36	38	52	61	41	57	35	32	40	42	61	87	50	60	40	36	43	40	41	43	57	45	70	47	38	28	30	47	49	40	61	66	68	46	28	36	40	36	35	41	45	41	45	40	35	33	32	34	42	51	47	56	61	70	85	79	75	108	131	111	83	76	79	85	83	76	72	81	93	91	87	90	90	116	118	98	126	135	114	92	80	99	153	174	185	199	196	197	183	179	169	152	149	150	153	152	180	195	196	196	194	202	205	210	204	123	195	221	225	232	222	222	220	220	220	224	227	228	223	215	220	225	223	223	227	232	230	223	224	228	227	224	222	224	227	216	211	211	211	215	212	208	215	211	207	199	196	199	200	203	200	183	194	193	199	188	169	171
44	43	51	44	44	45	48	43	39	39	37	39	44	52	86	83	53	50	45	40	41	46	45	63	80	72	66	53	49	52	37	35	39	39	50	53	63	48	50	54	50	42	41	40	39	39	52	79	51	56	37	38	44	48	71	66	58	62	37	34	34	44	42	33	33	30	33	44	45	36	30	29	29	32	32	33	34	32	31	32	33	32	33	33	34	34	35	36	35	37	43	39	40	50	50	54	60	64	74	83	75	78	114	101	84	75	70	78	79	78	73	77	87	85	77	77	100	110	113	110	123	154	131	85	80	91	131	168	187	195	191	192	184	173	166	154	145	144	149	150	165	188	197	193	192	197	203	210	211	173	127	222	226	228	227	218	230	228	221	223	230	230	229	223	211	220	228	222	222	227	229	232	224	225	228	228	230	229	228	221	217	212	215	212	213	210	209	212	214	209	196	195	192	200	203	188	171	187	184	191	185	168
41	55	56	36	34	36	36	33	33	32	32	33	34	35	39	55	49	48	41	41	43	43	43	50	76	67	63	56	42	38	37	36	36	35	43	46	43	48	40	55	47	40	42	36	36	35	34	34	34	34	33	34	34	35	36	36	34	34	35	35	35	35	36	35	34	34	35	35	35	36	35	35	35	36	36	36	36	36	38	37	36	37	37	38	38	39	39	40	40	37	38	39	39	47	52	61	62	67	73	74	72	72	90	101	90	76	74	78	75	74	78	79	88	86	82	73	80	91	89	98	97	112	119	87	81	87	111	164	185	195	190	185	181	167	166	155	146	142	144	145	152	180	193	193	191	196	197	194	197	207	133	158	229	231	228	224	227	226	229	224	224	231	228	230	220	210	225	224	221	225	225	228	231	217	226	227	228	230	232	232	225	213	210	215	217	218	210	208	214	214	207	197	192	203	206	208	186	173	185	186	188	188
42	43	43	44	44	46	48	47	44	40	43	47	51	53	54	65	75	61	55	49	44	47	51	57	77	67	73	52	52	52	53	54	50	49	54	59	57	50	49	58	55	53	55	55	54	52	52	52	51	49	49	48	49	51	52	52	52	49	51	52	52	51	48	48	48	48	50	49	50	51	50	50	49	48	44	45	50	49	51	52	54	60	63	57	61	63	60	59	54	49	49	46	46	51	59	59	64	67	67	68	69	82	109	139	99	72	73	79	72	74	72	83	85	92	89	75	71	70	74	71	71	84	88	79	81	86	97	150	178	193	189	183	178	167	166	154	149	144	143	149	156	165	190	192	191	194	192	192	173	200	194	113	200	230	235	233	227	233	232	229	222	226	229	231	225	221	226	226	223	223	221	230	233	227	222	228	226	231	228	229	230	222	215	215	223	219	212	204	201	215	215	206	191	194	210	210	214	200	192	195	195	193
55	57	58	58	57	59	59	58	75	86	88	124	119	102	109	74	122	112	73	127	160	130	119	87	79	87	114	92	115	110	93	99	62	59	56	75	68	51	58	51	60	57	47	54	77	49	46	46	43	39	49	55	60	50	51	53	55	47	48	49	48	57	72	68	66	55	48	53	62	56	56	47	44	43	38	36	35	34	40	39	41	48	43	41	41	40	46	48	49	46	42	46	52	50	58	57	76	72	67	71	84	100	109	139	108	76	73	78	68	67	77	81	87	118	139	96	77	74	72	79	76	73	81	85	88	91	104	114	175	192	189	180	172	165	159	161	151	144	147	147	158	162	184	195	187	191	191	184	184	196	209	150	125	223	210	229	234	225	231	235	227	223	231	230	231	227	222	230	230	228	222	227	233	234	220	222	225	229	224	223	227	234	211	210	213	217	216	215	209	199	214	218	212	191	196	201	211	209	209	195	200	197
42	50	71	92	63	48	81	90	113	147	183	204	200	189	197	134	75	72	105	184	221	189	179	112	83	81	119	181	184	153	95	67	68	50	52	67	60	58	59	45	61	74	56	39	40	41	52	39	32	31	39	48	51	41	37	39	39	34	36	37	41	46	71	51	99	64	38	58	55	34	31	30	32	31	25	24	27	30	33	40	39	39	37	36	36	36	41	46	51	55	48	41	47	58	58	57	85	76	73	69	84	99	88	101	94	80	74	79	84	78	76	85	99	140	157	106	72	73	70	71	74	72	87	97	88	83	88	89	156	189	187	180	168	161	157	158	153	147	150	149	158	166	170	192	187	183	189	177	185	191	207	207	120	161	210	218	230	227	226	235	235	228	230	233	234	227	228	228	232	235	227	223	233	240	236	217	223	225	233	234	228	232	228	206	208	218	220	217	218	215	204	219	220	210	195	201	211	209	213	207	193	197
59	74	73	84	76	86	82	99	141	163	167	217	193	179	208	197	106	75	113	164	232	156	111	138	102	94	131	212	191	106	53	55	45	49	57	64	56	48	54	52	42	50	50	45	36	42	52	36	31	31	35	37	41	39	35	33	33	33	33	33	34	32	31	30	38	33	32	33	28	29	28	29	29	29	30	37	39	40	43	34	36	47	40	36	32	36	38	41	49	53	51	51	47	53	53	56	73	69	73	79	85	81	85	98	96	87	78	84	86	77	80	80	88	115	121	94	73	72	70	73	78	79	104	101	85	76	85	82	124	185	185	182	166	157	155	150	155	148	152	156	153	161	170	181	192	170	190	188	175	191	204	222	184	115	197	218	230	233	227	232	235	237	230	233	234	236	230	229	228	234	236	226	228	233	234	229	215	228	233	236	227	223	234	226	209	214	220	222	218	221	211	209	224	216	211	199	202	210	214	215	210	198
59	57	78	127	123	112	133	129	134	173	202	215	182	185	185	109	78	79	86	89	133	106	80	131	136	100	101	106	101	63	53	46	43	43	50	58	58	52	51	54	41	51	63	45	37	38	39	34	33	33	32	32	36	33	32	32	31	31	31	30	30	30	31	30	31	31	32	32	32	35	39	38	40	36	36	44	60	47	46	46	28	26	30	44	44	44	61	57	50	54	54	55	53	50	51	53	64	68	92	79	79	81	82	86	88	77	81	82	84	77	76	71	87	122	133	96	86	85	81	89	108	125	116	96	86	76	73	79	92	177	183	178	169	155	156	155	160	154	151	155	159	172	170	165	183	187	168	189	184	190	206	221	230	148	134	228	227	236	229	226	233	233	229	226	233	237	233	223	231	230	232	229	225	229	238	233	226	220	227	235	235	231	227	231	222	213	217	224	219	223	225	214	220	226	219	216	202	199	208	213	208	201
110	83	90	113	131	142	150	156	127	118	156	142	147	139	83	60	71	76	88	122	89	63	66	86	79	77	75	87	68	51	47	40	40	44	58	57	48	46	51	55	40	45	41	35	34	32	31	33	32	32	35	37	33	34	35	43	61	59	43	35	33	39	48	53	45	34	63	64	39	52	68	59	53	38	43	60	60	46	55	49	27	24	28	43	47	46	55	53	50	52	56	54	52	53	52	55	66	80	121	82	83	84	84	83	84	79	83	92	89	86	75	72	90	124	133	103	108	90	80	88	111	129	141	107	88	77	72	80	91	141	183	182	177	158	151	155	154	157	156	157	168	173	174	167	169	193	177	178	189	184	202	220	226	219	128	173	227	231	238	232	231	234	235	227	230	232	228	230	223	229	234	229	230	229	233	233	232	227	216	231	235	233	229	233	233	224	212	220	222	221	227	229	218	226	223	218	216	207	211	214	214	206
103	87	85	102	110	102	80	101	81	67	115	91	96	96	53	53	53	62	71	78	49	49	43	49	58	60	47	40	31	30	30	30	31	38	57	55	42	48	47	41	45	49	35	33	34	36	35	33	34	40	36	33	32	38	41	73	57	69	54	35	36	37	43	39	33	43	54	63	41	44	68	59	36	32	35	38	38	36	35	36	32	31	29	30	35	39	44	43	53	60	58	53	50	52	52	55	70	99	133	82	84	88	82	94	85	75	82	80	72	78	77	75	78	98	115	119	118	108	81	71	88	99	112	107	88	77	73	81	81	99	172	177	174	164	150	152	147	153	159	161	170	172	181	174	166	181	193	170	196	195	199	225	232	227	182	127	220	224	235	237	230	238	234	234	225	230	233	229	233	228	231	232	228	228	227	233	234	230	224	218	229	232	235	229	233	228	220	211	220	224	229	229	233	227	227	226	218	216	209	216	219	221
36	36	37	46	42	38	37	36	37	36	37	43	42	40	50	53	48	53	53	70	53	41	51	74	62	48	39	43	43	37	36	37	38	51	60	58	59	61	51	49	59	54	43	70	145	129	42	41	36	66	58	44	37	62	56	83	64	91	54	44	48	46	48	38	38	40	41	43	35	33	34	33	33	33	34	34	33	34	34	35	34	33	32	31	34	38	48	43	49	54	56	52	45	49	51	54	64	87	120	94	77	83	82	93	89	79	95	80	77	80	79	82	83	87	110	124	103	97	92	79	80	83	91	116	95	80	73	79	77	81	142	175	168	165	157	152	152	149	165	170	171	179	182	185	179	171	192	185	186	211	205	223	232	224	232	143	150	235	230	235	237	232	234	236	232	228	233	233	233	236	232	233	232	232	230	223	226	233	232	220	223	231	234	232	228	228	225	219	209	228	227	229	228	234	224	223	223	220	215	200	210	222
37	43	53	53	76	85	70	51	50	56	53	52	49	41	53	57	67	81	65	64	54	60	65	79	68	52	44	63	60	46	41	45	56	56	63	61	65	61	47	46	54	71	54	65	76	52	42	38	36	57	52	38	39	47	49	48	54	48	39	34	33	30	30	30	30	31	32	33	33	33	35	35	39	42	35	31	30	30	30	31	30	30	56	39	32	37	41	40	42	47	44	37	41	46	50	50	56	75	90	88	72	89	85	91	90	83	98	83	81	83	77	76	82	80	78	93	99	98	84	86	89	75	82	118	97	80	71	77	80	81	110	171	178	173	161	151	152	151	169	171	175	181	182	194	184	171	188	194	188	211	214	216	231	230	228	200	123	205	232	232	238	232	234	230	228	228	234	237	231	237	235	232	235	232	227	225	217	231	235	228	219	225	231	232	232	227	233	227	211	213	221	229	229	230	231	221	224	220	222	205	199	205
