35	37	53	65	66	48	61	70	55	44	39	46	99	94	79	95	118	124	124	106	93	106	105	100	67	62	96	80	43	29	30	46	85	57	57	52	46	46	59	61	71	92	93	93	94	82	56	75	67	50	51	51	52	60	53	52	51	56	83	63	70	67	79	82	78	85	118	131	135	118	121	118	90	70	65	75	90	77	62	66	65	68	72	73	68	64	71	75	78	80	90	90	98	91	71	82	81	90	116	122	93	91	75	70	73	78	74	77	66	67	65	63	58	69	59	50	65	57	52	49	54	59	62	62	56	56	59	60	56	56	56	54	59	62	79	72	76	60	53	50	53	62	58	62	59	49	57	61	66	72	75	69	60	65	75	73	63	54	58	51	57	83	70	69	93	78	89	84	86	101	95	69	80	94	80	87	74	76	67	63	78	85	80	79	84	90	80	81	83	81	79	74	74	84	72	58	57	55	55	57
39	49	46	55	54	51	47	53	48	48	50	83	94	96	107	89	114	116	113	116	123	115	123	114	121	116	115	88	94	58	49	44	38	40	37	45	46	46	48	56	71	81	90	112	117	115	125	107	84	64	46	50	50	50	50	52	54	62	69	74	82	73	79	109	118	101	123	126	123	123	106	120	126	120	107	95	86	78	74	73	69	70	73	67	64	75	77	65	61	54	94	109	100	83	76	119	124	119	109	97	112	93	65	63	58	58	63	78	78	68	65	69	57	67	67	62	66	65	77	64	57	58	60	62	79	75	59	60	65	73	67	78	86	81	72	63	64	61	50	55	66	71	67	54	47	45	69	80	76	74	61	66	77	68	69	62	52	53	66	62	55	62	75	63	66	69	67	65	77	69	64	71	68	74	83	86	81	74	72	68	71	80	87	85	72	71	69	70	76	76	74	62	65	71	68	62	69	76	76	71
37	36	43	57	45	45	44	48	48	53	65	87	93	109	105	109	129	126	143	145	144	136	125	133	125	119	111	113	122	64	50	59	53	44	41	41	44	46	46	54	83	97	110	112	110	117	113	108	90	83	64	56	47	50	50	48	49	50	59	65	60	63	95	112	115	111	130	120	131	121	120	128	118	117	117	122	117	76	74	72	63	58	61	67	65	80	85	82	70	73	97	85	72	100	101	92	75	76	75	73	75	81	96	65	62	70	69	53	66	70	63	58	54	52	50	57	69	75	79	83	84	86	87	97	94	86	84	76	65	69	66	78	76	76	86	77	77	70	62	62	63	81	80	76	58	60	79	76	65	61	58	72	64	69	66	78	71	77	68	59	85	82	74	68	65	79	89	69	63	64	60	53	54	55	61	71	69	84	106	96	86	81	89	102	92	87	108	102	111	101	78	74	68	80	74	60	60	60	69	65
45	45	47	62	45	44	48	50	55	60	66	87	107	121	102	120	119	146	157	133	126	146	137	132	124	121	94	97	121	69	50	46	51	45	44	43	39	36	44	60	92	92	99	111	119	127	124	119	117	100	68	50	55	53	47	45	51	54	57	54	54	85	107	128	129	118	114	115	124	125	120	112	112	107	109	96	69	102	118	105	124	111	110	111	100	108	98	74	68	63	75	69	72	67	65	64	58	70	73	89	83	74	63	65	64	63	60	66	64	55	55	64	68	71	74	85	84	82	87	87	94	102	99	75	75	96	97	97	93	84	56	58	74	76	84	76	73	60	66	71	70	74	59	51	67	71	71	74	71	56	52	50	41	65	73	64	70	72	68	63	51	60	58	76	91	97	82	78	77	68	75	87	85	87	92	100	101	104	119	130	128	120	118	117	121	126	133	127	124	114	114	103	89	93	99	78	77	81	82	72
37	40	41	64	44	42	38	40	45	49	69	115	94	113	114	117	127	132	148	149	145	143	127	117	129	115	128	110	87	62	59	52	53	52	44	44	43	39	51	50	49	58	67	90	78	94	83	70	62	66	63	55	73	69	66	57	55	57	60	71	67	101	106	114	121	118	120	120	118	120	122	110	104	108	122	91	69	101	136	122	119	123	129	123	121	121	107	104	72	58	63	70	71	65	66	72	66	68	86	64	41	43	53	55	52	56	60	57	65	64	59	57	57	57	86	115	99	113	118	118	113	115	121	118	116	118	102	86	92	106	78	81	59	64	67	64	59	65	56	61	44	39	42	67	91	68	72	65	58	61	48	40	52	58	61	73	77	71	71	69	58	44	56	66	76	73	70	70	76	85	93	96	111	139	130	125	121	135	136	137	141	142	128	148	146	139	120	120	124	133	130	118	118	112	91	78	72	88	93	73
38	32	34	34	47	47	43	46	47	50	61	87	97	99	101	99	113	138	124	134	129	127	130	132	118	119	127	120	111	78	48	48	56	53	54	58	59	58	46	47	49	52	50	49	52	45	55	53	51	55	54	57	69	62	56	50	51	47	57	52	64	87	112	103	131	117	125	111	107	118	118	99	103	97	118	89	82	89	115	119	120	120	129	121	122	123	121	114	85	70	70	55	61	77	85	72	70	67	60	53	52	57	59	58	45	53	65	60	59	51	52	50	54	58	87	89	122	137	123	113	131	134	135	133	124	120	124	116	109	107	97	88	74	71	72	54	68	71	72	54	56	55	46	67	74	59	58	58	60	49	41	47	49	67	74	71	61	72	76	51	54	58	47	57	74	79	112	99	95	100	127	142	137	129	134	146	141	146	149	145	136	140	150	159	152	136	138	132	144	144	132	124	124	121	125	110	101	87	87	103
42	43	42	39	46	49	54	55	66	64	63	63	72	101	107	112	111	118	116	110	110	118	118	85	83	99	114	68	62	48	46	50	54	60	47	51	52	39	25	37	49	53	48	48	52	50	54	56	61	62	61	66	68	69	71	66	58	51	51	53	68	78	86	85	69	67	69	68	81	109	106	81	89	78	67	67	89	88	106	117	121	126	128	123	112	113	98	82	68	59	56	57	77	85	82	77	74	66	61	64	58	56	64	67	63	57	55	51	60	55	56	55	76	83	106	114	126	121	126	127	138	138	132	134	127	118	123	114	111	124	110	82	86	57	68	56	61	68	70	61	44	43	55	62	57	41	41	45	41	49	49	42	64	84	63	59	63	62	63	70	55	41	54	97	74	120	130	137	138	141	124	125	127	122	133	141	149	158	154	155	161	162	168	174	166	155	158	149	151	140	134	146	150	146	135	106	98	103	124	132
63	62	61	59	60	53	57	59	64	57	58	69	92	89	88	61	90	101	104	92	79	95	102	76	80	97	106	65	50	47	52	63	66	55	54	59	41	32	33	33	50	54	52	54	59	56	52	58	61	57	54	55	59	61	64	71	71	65	73	77	78	80	81	77	76	76	80	64	53	50	49	43	44	58	53	48	50	54	56	75	92	79	65	68	72	61	60	59	57	56	58	66	66	70	67	55	62	63	69	75	70	67	65	61	53	54	63	68	67	59	59	78	87	109	116	117	127	125	119	129	138	129	130	135	133	126	121	125	113	90	97	100	87	72	56	59	75	55	49	41	36	53	59	51	52	41	45	53	46	46	48	64	78	61	71	60	68	80	62	67	62	71	94	108	87	106	124	138	136	138	129	123	118	141	158	163	167	165	164	155	146	153	165	167	166	165	167	166	160	153	139	138	140	151	148	144	138	121	116	105
62	72	62	39	36	45	50	44	52	52	58	65	61	62	53	66	62	66	54	56	63	82	87	90	67	47	53	47	49	50	66	58	54	63	57	50	38	25	33	45	44	47	48	46	48	43	45	51	57	54	50	51	51	56	59	56	61	53	54	54	60	65	66	74	73	73	68	58	53	53	55	54	67	71	65	60	61	57	57	59	61	59	60	60	56	58	56	54	54	53	57	59	58	59	59	74	84	81	66	63	64	62	55	50	44	43	47	52	64	65	64	69	91	102	109	102	102	124	128	127	127	122	124	128	131	119	115	118	116	107	103	109	113	74	61	60	55	58	51	51	39	64	59	46	50	38	41	56	48	72	64	79	59	60	66	54	76	73	78	109	82	78	91	92	117	134	127	138	137	125	122	130	144	161	166	162	164	159	149	150	146	153	150	146	148	142	138	140	146	149	144	137	150	151	133	127	108	108	126	122
58	68	70	50	49	42	40	42	41	55	65	51	55	57	62	62	63	63	55	56	55	52	47	54	56	53	58	66	69	60	63	61	55	49	50	40	32	22	38	36	46	52	53	62	58	54	49	52	52	55	52	52	55	54	50	60	57	59	63	57	61	66	63	62	63	61	68	69	63	60	65	64	66	70	59	59	69	70	61	62	59	59	56	60	60	63	67	61	54	49	53	59	59	73	78	71	77	76	73	51	52	48	49	47	46	48	50	60	68	73	66	66	73	80	88	102	107	117	116	111	110	111	108	113	95	97	93	107	94	117	94	89	74	63	52	39	46	47	43	47	51	59	54	45	50	34	48	49	49	43	65	59	43	72	65	82	77	73	90	99	101	127	115	115	128	134	132	144	141	147	139	127	146	156	151	156	151	143	143	140	139	137	128	128	135	141	150	149	145	143	125	127	127	124	133	118	129	98	93	95
90	67	71	56	49	46	41	41	48	39	59	75	64	56	58	56	59	60	58	56	56	57	62	72	68	61	52	53	55	53	63	66	57	51	56	47	27	30	42	37	54	66	77	92	106	83	91	81	83	74	79	78	45	51	53	62	55	46	54	53	54	59	65	62	59	62	63	69	78	70	64	64	63	52	55	58	51	53	48	49	52	50	48	50	50	62	74	80	69	67	63	56	56	58	67	72	73	71	65	61	64	60	54	64	69	65	64	64	68	67	59	58	63	80	79	75	100	101	102	105	112	105	95	107	102	108	91	81	83	81	76	68	59	59	63	51	38	41	48	45	43	46	58	62	57	39	48	55	39	50	58	52	61	66	62	73	76	81	78	85	86	96	114	111	128	121	141	145	139	140	138	153	157	156	152	142	145	138	136	135	129	138	157	159	155	147	167	163	159	148	138	147	148	124	124	120	112	114	123	113
103	98	79	57	45	54	48	60	70	49	55	57	59	62	64	64	59	58	54	60	59	57	54	57	47	48	52	58	50	48	54	53	51	56	61	51	29	28	41	57	99	115	92	102	115	112	121	113	122	126	114	118	72	53	50	49	49	49	56	58	59	63	62	61	63	65	62	66	58	63	61	68	68	69	72	72	78	79	80	80	81	85	85	80	74	75	65	68	75	74	63	72	74	80	93	85	84	80	75	73	68	80	75	58	52	70	80	75	67	58	57	53	60	62	55	67	71	77	91	99	94	99	107	103	96	76	67	66	71	76	74	57	51	55	61	63	46	52	69	49	64	64	63	66	59	54	55	49	44	46	63	58	52	50	62	60	56	63	81	92	110	88	104	136	120	117	151	143	144	139	161	158	159	155	135	142	133	135	133	127	156	164	156	157	158	152	162	162	151	145	143	133	134	146	128	126	146	116	118	117
81	98	96	83	54	40	46	67	70	54	54	58	58	54	58	64	59	62	53	52	57	59	55	55	54	55	57	60	57	53	49	47	52	65	71	50	27	29	41	84	108	122	110	127	137	129	131	141	123	123	110	117	97	59	64	55	51	49	57	65	59	62	68	69	70	67	57	57	65	75	75	77	77	81	84	86	81	82	85	81	83	81	82	84	87	85	83	85	86	89	90	83	77	82	92	81	85	76	85	84	83	81	68	69	65	74	73	86	70	63	60	55	52	53	59	61	62	70	84	74	68	65	65	71	79	79	69	69	70	65	68	65	70	63	46	62	76	47	68	68	65	56	54	64	65	66	62	56	47	58	64	72	71	63	85	71	65	55	77	67	94	87	109	126	128	133	148	151	155	157	164	156	152	135	141	140	135	135	127	139	167	154	159	152	150	145	160	154	147	146	134	124	120	137	139	134	122	125	125	118
71	72	84	83	73	47	44	55	64	59	57	60	60	56	61	60	54	59	62	62	66	56	55	58	61	72	61	52	44	46	50	55	57	63	61	39	28	31	54	103	128	129	126	151	143	143	139	140	142	120	117	109	100	96	55	57	61	56	61	64	59	67	55	54	56	59	62	59	69	76	83	82	75	82	90	93	89	87	84	88	94	94	95	97	97	103	102	113	116	120	116	113	111	114	126	124	110	113	113	111	113	107	80	88	89	74	84	98	102	100	95	87	74	69	67	69	65	58	54	65	73	71	75	67	62	72	56	59	68	55	63	57	49	61	64	57	78	83	90	75	61	72	67	73	82	86	68	66	62	66	50	50	65	51	78	73	76	59	98	77	93	90	118	130	133	142	154	157	154	158	168	150	131	135	140	138	138	133	134	141	165	156	154	155	147	146	155	159	152	152	150	131	132	137	139	122	99	135	112	101
95	83	80	60	67	73	45	63	67	63	59	60	56	62	60	56	60	58	52	56	60	57	63	76	70	61	62	62	63	64	62	57	54	57	69	44	29	35	66	127	119	126	124	137	143	140	135	136	139	126	131	124	122	92	60	66	64	56	57	63	66	63	59	66	63	60	68	72	76	73	70	76	83	85	80	78	81	87	102	116	119	125	132	141	147	147	144	142	137	131	126	130	128	128	132	135	138	142	136	130	115	105	91	90	104	118	111	108	102	107	106	106	117	117	108	90	99	99	84	68	59	55	60	55	54	66	66	48	64	66	67	64	63	69	55	71	87	92	99	105	101	97	102	101	115	111	91	77	66	78	66	65	74	73	61	68	69	80	76	85	101	94	128	139	137	153	163	160	151	149	162	151	128	136	140	132	134	129	134	134	153	160	158	152	150	144	152	158	155	151	151	143	142	116	118	128	126	138	116	94
77	77	81	79	66	55	72	60	68	59	57	65	64	63	57	53	52	59	62	59	65	59	60	66	68	64	65	61	49	53	58	60	58	61	65	36	28	39	67	101	117	118	120	121	126	133	127	134	129	123	127	115	115	69	59	60	61	61	57	60	63	78	67	71	78	78	78	80	84	83	86	88	86	87	85	90	98	111	121	126	132	137	135	132	124	115	117	116	112	113	119	125	128	132	116	117	121	128	137	138	138	105	89	83	94	84	88	86	95	116	125	118	111	97	101	109	103	102	122	101	77	75	63	53	47	50	60	52	52	75	51	50	74	78	72	93	110	105	104	101	96	107	113	108	103	107	111	104	95	80	64	66	67	71	59	66	51	71	82	84	102	94	116	136	151	147	148	156	150	154	165	163	142	127	135	134	135	129	130	132	136	147	162	161	157	162	154	149	152	146	139	132	130	111	125	134	129	138	128	135
109	88	83	86	78	82	112	89	60	60	63	63	63	57	62	68	56	55	58	71	75	67	64	67	62	52	46	43	56	58	53	53	58	58	61	29	32	44	64	94	97	97	119	110	105	110	111	115	123	124	111	85	84	60	59	57	54	52	66	71	102	84	67	75	86	85	82	90	93	92	90	95	90	93	94	116	127	136	136	128	122	115	107	106	101	105	105	100	96	91	88	85	98	101	106	101	103	105	106	104	103	94	95	100	101	102	98	112	86	72	78	78	92	105	86	100	127	137	135	119	97	85	82	71	74	56	46	41	40	51	51	66	68	92	100	107	112	134	117	119	114	113	114	125	107	99	99	93	98	107	96	59	72	72	66	68	60	67	67	80	135	106	135	130	140	149	137	151	161	149	159	166	167	154	136	130	133	129	127	131	130	131	135	144	151	155	158	143	136	145	130	119	107	124	141	146	139	121	119	124
90	101	89	82	85	81	85	117	101	78	55	51	54	50	53	57	58	67	57	52	58	54	59	68	65	53	50	52	49	46	52	56	59	61	57	27	34	41	56	58	58	60	75	87	75	74	79	81	86	73	57	57	63	58	56	76	72	68	67	96	97	79	92	82	88	103	88	83	94	100	95	93	85	90	93	93	108	115	122	125	128	112	97	92	81	84	84	89	91	95	100	111	115	114	118	102	99	99	96	114	115	115	114	113	93	71	80	83	86	100	84	81	81	81	101	97	106	116	106	124	97	84	103	88	91	66	55	53	43	36	45	52	63	81	106	114	118	119	113	138	139	141	159	151	144	127	112	115	79	84	86	62	58	49	59	54	62	64	63	68	83	91	111	97	100	153	145	116	122	158	158	162	155	165	160	142	132	132	125	118	122	130	129	128	131	134	139	135	134	136	128	107	117	141	132	129	133	132	116	102
97	105	108	97	85	90	97	91	101	95	79	62	65	47	40	48	55	49	56	64	54	52	59	67	61	59	56	59	54	52	54	53	48	52	55	31	29	40	49	57	60	61	61	59	59	60	56	55	64	74	68	61	57	61	81	88	77	80	84	89	105	93	79	94	115	110	102	96	91	89	91	94	96	90	90	96	117	120	119	126	127	92	80	75	77	83	80	88	93	88	89	92	96	95	85	85	85	91	87	91	94	112	90	110	129	147	134	85	65	78	95	86	91	83	88	81	86	103	123	83	110	96	94	122	107	79	58	46	56	39	37	59	79	79	92	125	130	131	140	140	128	165	156	160	149	117	115	110	117	96	93	83	64	69	65	61	54	70	63	68	95	80	80	82	99	125	135	146	129	138	151	158	159	159	164	156	154	134	130	124	123	128	130	135	134	130	131	123	129	119	118	121	130	136	136	124	119	110	120	113
103	103	91	104	109	90	108	109	99	97	95	95	73	72	78	67	63	57	51	45	34	34	46	56	57	58	55	48	54	51	47	43	38	53	56	40	29	36	50	59	61	73	69	77	90	93	76	80	88	92	105	108	106	105	101	106	90	81	100	98	96	109	115	105	98	99	94	100	96	96	100	118	114	120	122	124	126	126	124	118	108	89	78	71	65	72	77	75	75	70	71	72	76	75	74	75	62	61	78	97	100	100	86	72	87	114	131	130	112	76	67	75	60	60	70	75	73	64	96	133	124	105	69	94	106	109	62	64	45	50	42	52	60	72	93	110	127	106	130	136	132	150	151	149	126	114	127	121	111	91	104	93	67	59	57	70	68	65	62	46	64	92	97	75	56	99	89	91	119	150	139	139	133	156	159	157	165	161	151	142	136	129	128	128	136	137	137	142	141	143	140	125	135	141	113	114	123	133	123	92
95	99	95	107	102	107	89	85	94	87	82	93	109	108	108	100	92	79	67	59	52	48	48	49	50	57	60	56	54	55	54	49	46	52	59	61	34	27	42	91	99	92	81	88	87	98	107	110	111	114	116	108	103	96	85	87	100	115	116	123	133	120	103	118	121	100	97	91	93	99	95	105	113	123	125	115	101	87	79	72	62	63	61	67	66	73	77	77	75	75	72	80	81	81	76	69	70	86	83	75	81	106	104	59	59	96	119	110	98	125	97	84	82	70	70	56	56	69	53	69	104	119	100	80	101	97	85	53	67	58	51	50	51	50	69	94	110	105	106	106	100	114	120	121	127	128	115	111	99	91	88	87	70	74	74	74	66	60	69	54	53	61	106	93	73	72	94	79	73	82	128	138	149	137	138	150	152	156	151	154	157	160	163	167	166	166	166	162	144	141	143	146	126	121	138	144	109	84	72	93
87	85	86	84	90	112	107	113	85	92	104	101	90	94	93	98	103	109	98	99	100	92	92	82	70	65	69	63	59	61	68	78	73	83	83	89	66	27	27	47	93	91	104	105	104	88	89	94	87	89	102	111	102	98	101	119	126	112	112	125	125	112	98	93	94	102	101	99	98	103	116	129	119	93	68	57	51	52	59	41	57	55	62	67	70	73	72	63	66	76	74	74	87	87	91	91	84	75	73	92	89	60	64	93	78	53	85	120	124	114	108	108	104	74	91	86	88	86	77	46	54	72	80	97	109	112	70	53	67	61	59	47	57	61	63	76	108	107	94	103	112	112	109	104	125	129	108	100	90	95	98	82	75	77	82	81	86	65	55	51	59	70	68	86	88	91	79	87	90	91	116	136	120	129	142	143	146	137	133	132	140	163	163	157	154	151	152	144	132	125	134	140	132	126	116	92	85	107	96	85
90	92	99	112	90	76	79	94	124	131	137	121	104	98	87	88	91	104	112	125	124	114	111	102	99	98	95	97	108	111	112	101	99	87	81	90	83	31	30	34	42	93	106	111	118	127	133	123	108	94	93	95	96	115	125	131	125	124	107	105	95	91	86	89	88	92	95	115	131	117	101	80	53	44	48	55	47	46	54	58	64	73	84	86	81	69	92	107	99	81	66	62	64	74	76	88	97	92	72	68	80	96	72	55	66	91	84	60	109	95	82	106	124	93	60	115	104	87	100	65	49	49	44	69	81	100	77	52	53	57	56	45	56	56	63	67	76	87	87	91	96	99	99	93	85	80	90	89	77	85	86	82	76	82	88	88	80	58	53	52	47	54	65	74	79	66	64	63	70	81	113	131	145	143	133	133	152	158	157	153	151	157	153	135	128	131	125	120	123	131	115	104	109	114	92	90	90	75	66	82
87	90	95	87	84	84	69	69	82	100	110	133	123	114	111	105	107	110	103	86	91	89	91	106	102	110	113	104	101	94	98	94	93	94	95	99	81	35	37	28	23	44	89	111	108	104	90	87	100	112	108	105	110	113	112	115	128	102	84	84	88	101	104	97	109	122	115	107	81	65	57	45	42	52	50	36	48	68	86	89	93	90	86	94	93	98	109	117	127	109	110	109	106	91	103	61	72	80	83	95	88	87	79	102	72	75	105	55	61	102	82	78	112	92	68	56	107	97	100	93	61	95	45	49	69	47	57	45	64	59	63	45	54	66	56	62	63	68	72	79	81	89	89	85	66	74	78	77	82	96	98	95	88	84	81	75	76	74	63	53	52	60	62	68	89	94	78	61	74	94	122	124	122	106	99	111	87	104	118	138	141	125	136	136	114	108	122	127	122	128	118	97	98	94	89	93	83	86	82	87
106	105	110	103	106	90	76	78	69	65	65	71	101	122	116	113	111	104	103	106	99	95	87	80	85	81	79	72	67	75	89	112	112	103	103	115	66	27	37	27	19	30	50	126	96	88	89	101	99	100	109	111	94	99	111	120	95	88	85	81	100	119	129	106	122	106	106	112	92	82	58	70	52	41	41	63	88	81	90	83	110	106	90	79	93	98	92	98	95	113	85	86	93	100	70	77	81	60	80	86	100	79	81	82	110	62	101	78	55	99	78	89	96	105	98	70	92	124	121	79	60	102	60	47	56	65	59	39	46	58	76	51	62	64	68	55	59	67	72	74	68	74	75	72	74	76	84	87	88	80	80	81	80	80	81	82	75	68	69	78	72	62	64	63	60	76	97	101	77	82	86	75	70	74	98	90	82	87	91	87	92	108	116	109	94	94	102	100	91	86	76	80	81	84	89	80	80	78	73	73
102	111	90	91	91	89	114	106	100	79	62	54	62	71	89	94	96	98	98	95	103	108	93	108	102	97	98	97	73	108	98	107	110	115	70	86	32	31	27	24	19	22	25	92	101	101	101	105	116	108	92	94	91	110	97	85	94	98	89	86	100	114	137	155	150	161	136	124	125	99	65	53	50	49	60	82	79	83	131	73	95	87	99	115	90	95	88	95	100	128	123	139	89	84	121	89	101	78	81	83	89	76	107	113	117	66	90	95	62	65	98	102	109	112	106	101	107	133	100	114	110	118	102	86	51	88	56	33	29	51	72	59	62	63	59	64	59	67	76	73	74	69	63	64	65	73	74	70	72	72	82	83	82	78	74	55	56	72	76	67	77	86	74	67	76	65	63	73	78	80	75	76	72	80	78	82	89	85	87	91	88	81	90	91	89	91	79	72	73	76	71	75	79	81	80	77	74	74	76	78
100	120	127	110	100	95	91	95	102	102	117	104	79	57	44	52	72	80	72	74	71	67	71	91	109	122	116	124	66	96	98	94	94	89	50	33	24	31	27	26	20	22	18	88	101	99	101	103	93	90	91	90	120	134	111	107	92	99	77	122	99	120	126	162	137	163	138	128	111	104	65	45	63	57	87	88	60	103	97	91	62	106	108	80	99	98	83	113	98	85	117	166	115	112	98	80	73	77	94	76	81	87	89	99	116	85	79	111	78	77	108	113	113	108	75	120	100	112	95	115	119	87	102	91	54	74	42	29	27	46	72	70	77	70	69	67	59	56	65	68	76	82	81	80	69	74	76	73	77	88	90	95	82	73	75	65	61	53	55	63	59	66	76	71	78	71	65	60	61	63	67	71	71	79	82	77	75	82	89	92	83	70	72	73	72	72	69	67	67	61	66	72	70	71	78	84	84	79	72	82
109	109	124	124	116	104	100	95	93	95	90	89	101	105	81	76	76	68	61	66	70	75	91	98	92	108	112	127	50	81	104	100	102	81	41	34	27	29	28	35	24	25	21	76	104	119	117	108	100	107	123	133	122	107	90	67	60	59	65	99	109	123	128	130	133	124	105	124	101	85	82	63	62	70	78	69	71	65	91	87	80	106	102	73	90	102	91	95	65	81	110	101	121	108	128	101	66	93	83	52	86	100	86	81	74	61	96	96	75	81	109	93	91	118	76	106	113	99	113	96	126	83	128	82	50	48	60	38	28	59	72	71	64	72	68	65	65	69	68	76	78	79	79	77	74	76	77	78	75	72	79	77	74	81	72	62	66	73	75	59	60	72	67	61	63	66	71	66	61	74	78	71	67	64	75	76	83	77	66	74	76	72	70	78	83	71	68	66	67	73	76	81	78	78	68	67	71	76	78	77
105	86	82	88	105	113	119	115	106	120	106	90	90	91	90	106	108	106	104	107	108	104	107	105	108	108	107	108	47	49	88	94	94	87	40	42	35	32	30	42	22	26	24	87	112	114	118	116	112	114	97	88	79	50	38	53	67	77	60	64	89	115	114	122	114	115	113	116	89	73	60	62	71	72	74	77	97	47	105	70	77	99	96	85	76	95	77	84	79	67	73	79	106	94	94	110	104	63	96	52	85	82	79	71	68	83	119	84	106	102	132	99	105	112	101	102	109	97	91	117	104	105	102	58	79	66	94	56	65	75	73	72	72	75	76	79	76	70	74	80	79	81	80	78	71	71	73	72	74	78	78	78	77	74	71	59	66	74	71	73	71	68	79	68	66	66	75	76	73	78	80	84	85	82	73	69	74	81	67	74	78	77	81	79	81	84	89	87	79	79	78	81	72	70	71	80	75	67	66	69
133	114	107	119	113	120	109	104	109	111	120	121	111	106	109	108	102	89	79	87	92	99	109	112	112	109	114	111	50	35	93	103	98	86	40	33	33	26	31	39	25	29	46	89	111	104	90	76	62	56	83	86	50	47	69	50	56	60	71	69	60	88	92	92	95	87	73	67	65	59	63	66	80	87	94	102	108	82	119	71	83	84	82	79	87	95	70	62	101	73	73	50	70	110	77	86	111	76	78	73	67	74	85	108	111	106	82	71	98	92	99	100	119	103	101	113	115	92	94	103	75	78	49	73	70	47	80	92	74	66	71	74	71	71	85	90	96	90	93	85	84	82	81	76	68	70	75	73	68	68	72	68	74	72	69	65	74	83	71	72	71	68	75	87	72	71	73	71	68	67	73	76	70	74	73	73	74	70	70	71	70	70	74	80	79	83	80	69	62	58	65	58	54	57	67	70	73	85	109	114
123	101	101	95	105	123	124	129	119	113	120	119	105	100	103	104	108	109	105	113	118	115	111	105	104	109	112	114	43	29	52	94	89	71	41	31	31	22	25	27	25	24	47	78	76	72	59	53	59	67	71	64	49	41	39	36	39	56	60	61	68	70	71	59	50	60	80	63	60	65	81	70	89	99	86	79	129	116	118	113	91	82	82	79	83	98	82	77	60	91	69	46	45	77	109	82	68	94	75	79	85	67	59	74	99	113	109	94	88	90	92	93	97	109	110	102	90	79	81	71	66	51	69	66	81	98	107	87	81	85	96	106	111	109	111	104	100	93	91	93	102	90	77	71	76	79	89	86	77	73	74	80	81	77	68	65	65	80	81	79	84	82	75	75	77	77	74	71	77	77	83	81	78	82	86	84	80	75	74	76	76	87	84	66	69	68	67	69	71	69	70	75	76	87	96	102	116	128	143	142
76	76	83	95	97	105	109	122	117	112	115	114	124	125	115	103	109	119	112	108	102	106	105	111	113	114	98	102	56	29	39	57	63	52	36	31	30	26	23	27	24	34	38	74	80	67	73	89	78	68	86	63	54	45	35	38	53	59	55	59	68	60	44	47	53	57	57	71	73	69	69	74	87	103	90	92	120	120	109	114	106	87	87	109	96	93	95	97	76	84	86	61	43	51	84	104	78	67	74	85	82	97	87	73	71	76	81	89	92	93	89	82	99	113	103	91	98	109	104	90	71	82	92	89	102	90	82	81	83	105	118	126	130	123	118	128	117	138	142	117	109	122	138	121	105	90	70	75	85	78	93	78	71	69	71	68	64	67	65	68	63	74	93	98	80	76	78	80	81	77	77	82	80	78	84	90	89	84	82	72	75	78	83	81	82	83	73	85	85	91	105	111	117	128	136	147	140	135	139	144
73	67	60	59	60	70	78	89	84	97	103	107	107	101	105	99	103	104	105	110	110	110	105	102	100	99	96	99	75	22	29	44	34	43	34	32	30	27	24	27	24	39	29	44	63	62	48	74	72	76	69	58	36	52	62	64	43	54	58	50	66	64	69	75	68	64	65	63	57	65	77	70	70	82	105	117	111	119	124	110	117	94	81	95	123	95	101	95	99	96	95	79	68	45	51	76	75	72	70	64	71	89	101	81	94	97	109	102	103	108	105	100	94	104	96	82	73	83	83	70	79	101	93	91	90	95	104	105	103	128	136	134	139	143	81	88	95	98	86	102	115	100	87	106	134	127	129	113	77	84	85	92	80	70	59	62	55	53	59	60	62	66	66	72	84	91	91	83	87	88	82	75	78	70	74	75	76	77	77	81	87	93	98	103	97	97	95	99	111	125	126	128	133	141	139	142	134	129	130	138
71	65	59	58	63	75	85	85	77	66	75	78	86	97	112	94	96	94	97	97	97	98	95	97	89	84	84	70	49	26	22	31	27	37	30	32	27	34	30	26	24	28	25	35	47	61	62	64	61	64	68	70	78	73	56	49	62	67	53	46	35	47	61	64	63	66	58	63	67	69	78	77	70	73	89	99	109	71	106	117	91	107	69	75	113	115	83	69	96	107	100	106	96	91	53	51	79	83	73	57	57	56	60	77	95	96	89	82	74	69	73	69	65	61	65	67	68	65	67	73	79	87	91	96	111	114	107	91	92	94	79	90	122	119	87	92	91	91	99	84	87	79	92	83	74	93	100	113	112	101	87	69	75	89	71	64	61	58	57	72	60	66	76	87	78	73	84	84	81	79	75	71	69	76	88	92	94	102	111	114	119	135	141	146	153	144	128	134	126	134	135	141	116	115	140	128	134	138	134	127
78	67	64	83	103	109	104	103	99	88	93	81	66	61	59	61	62	61	61	70	73	72	72	69	67	71	69	65	40	37	20	31	25	32	29	32	28	37	26	27	26	30	24	28	40	40	51	71	59	52	46	53	55	75	76	62	61	51	47	46	52	56	64	70	67	59	62	68	70	79	84	92	72	72	77	99	123	100	82	109	112	99	109	66	64	97	105	88	104	112	112	101	112	105	100	84	76	77	93	74	70	56	51	46	49	63	69	77	87	73	67	64	71	78	93	91	83	94	101	98	96	103	103	100	95	100	98	87	78	69	71	71	72	71	69	69	64	75	76	72	66	59	54	56	62	76	110	98	103	91	81	64	80	78	89	69	69	55	62	63	71	63	60	77	83	85	83	75	72	72	80	93	103	121	119	118	124	119	128	139	138	131	140	144	146	155	156	141	140	148	141	126	131	146	124	132	123	132	132	128
78	73	68	83	90	140	147	149	152	124	98	82	71	60	50	54	59	60	65	67	72	74	92	97	93	109	110	84	61	35	38	21	23	32	28	29	26	36	24	25	36	25	21	22	39	37	40	57	59	59	45	49	70	75	62	67	76	71	71	74	71	73	76	78	72	67	65	75	79	85	75	82	73	74	82	86	97	120	94	90	102	98	109	124	96	87	90	92	97	97	104	107	117	118	104	99	95	97	106	90	78	86	85	79	74	79	72	67	72	81	83	82	82	73	84	82	99	97	83	90	94	97	93	93	85	79	111	87	79	87	80	82	88	88	78	74	74	83	87	79	69	56	56	61	63	90	79	100	89	102	74	70	82	64	63	63	71	55	62	69	62	64	60	65	70	76	85	73	83	112	137	129	127	135	137	120	120	120	118	125	131	136	134	155	152	136	132	139	146	141	144	153	151	140	134	127	126	122	110	129
65	66	90	91	142	143	136	128	151	143	106	88	70	60	64	64	66	69	68	86	96	112	125	127	112	125	118	113	106	44	50	20	24	36	25	27	24	31	27	24	24	22	26	22	32	34	33	75	65	49	44	56	67	76	86	77	76	86	75	72	74	75	81	86	113	122	130	136	122	127	122	105	105	110	96	112	111	93	98	86	86	80	86	111	103	99	99	99	102	85	86	94	107	99	85	77	79	81	82	84	85	86	91	88	85	108	112	111	98	87	75	78	88	93	96	88	76	83	81	84	83	74	63	65	74	82	79	81	76	78	73	89	92	84	89	95	85	85	83	75	65	103	85	60	72	89	104	79	90	92	107	65	68	59	53	51	67	54	58	61	60	65	67	75	69	80	79	110	136	148	137	137	138	142	135	141	147	142	143	135	127	137	155	137	133	147	147	129	141	148	152	153	147	135	121	98	101	112	126	137
66	59	84	88	130	134	149	149	131	99	78	85	70	64	66	72	70	67	74	98	121	125	140	136	142	132	125	119	124	70	39	37	26	34	24	25	24	24	33	20	19	22	23	26	27	35	34	83	76	76	76	74	86	76	84	82	84	79	83	100	113	110	86	106	148	145	114	104	124	145	151	148	135	139	139	109	95	97	105	107	83	81	84	86	84	87	92	92	91	101	109	106	100	97	90	86	88	102	104	100	96	86	91	89	95	107	109	119	122	109	98	103	95	99	92	93	95	82	83	74	64	68	69	70	65	66	75	79	69	100	113	112	125	129	111	95	75	72	68	72	70	73	108	85	109	99	113	86	66	74	101	88	62	58	49	43	61	46	58	63	60	67	69	74	88	89	131	141	147	134	134	138	133	148	159	143	124	121	117	128	138	140	144	149	138	137	147	152	143	152	151	130	114	115	110	114	114	133	142	146
68	62	64	80	87	99	111	87	84	107	88	68	67	70	71	70	76	76	84	116	115	134	138	156	164	164	122	123	120	97	32	48	29	31	20	24	25	22	29	20	22	25	23	11	26	36	26	84	68	42	43	65	85	84	79	78	78	87	90	140	119	137	148	165	143	137	150	165	156	149	139	140	164	153	121	140	145	144	153	122	99	84	79	81	84	85	69	59	77	83	91	94	103	108	113	108	93	86	73	74	92	101	105	111	109	113	120	116	113	93	85	82	80	80	69	68	64	73	81	93	95	82	68	57	65	80	82	83	87	117	101	116	112	60	114	86	72	66	68	83	79	65	88	99	107	117	108	82	76	73	79	99	69	61	51	46	46	50	61	65	60	78	114	135	111	143	153	125	112	110	122	127	148	146	125	122	128	134	134	137	153	157	143	147	157	154	145	145	140	109	107	117	118	95	103	128	123	110	116	127
67	66	64	61	61	70	70	71	65	64	64	69	71	72	66	73	76	75	89	92	113	132	137	133	152	153	131	131	126	79	54	38	39	29	19	23	24	21	30	26	25	30	29	18	39	40	23	39	65	74	70	72	71	68	72	63	86	107	114	141	154	143	157	147	152	159	177	171	177	170	167	168	162	158	155	151	150	150	145	164	90	85	75	80	78	71	71	64	61	56	57	76	90	88	105	119	115	96	79	88	76	81	81	92	100	101	91	75	67	66	67	75	82	82	72	85	97	93	88	95	103	70	57	62	71	75	95	103	68	117	104	109	98	77	87	88	82	75	88	83	77	75	91	82	104	94	71	87	77	90	99	77	72	59	51	50	41	50	68	62	97	128	127	92	144	147	136	140	134	112	103	142	129	93	121	131	121	116	119	121	122	120	133	134	123	125	123	109	95	109	118	119	120	130	123	106	114	114	115	118
80	76	74	65	68	71	74	67	68	56	59	63	69	71	68	67	65	65	61	83	105	122	122	128	127	128	123	113	109	54	64	28	40	31	20	25	31	22	29	29	22	23	26	18	25	36	28	59	73	72	77	83	93	98	79	88	71	125	130	130	119	144	155	157	150	163	171	160	159	159	156	151	154	155	158	157	161	161	162	170	126	103	77	67	66	66	71	73	72	66	67	74	80	86	95	100	97	80	64	65	65	60	57	68	69	63	58	61	64	79	76	80	72	72	81	74	57	61	80	85	85	73	76	61	58	66	79	88	76	98	92	94	80	110	88	70	73	78	84	82	79	97	90	80	85	78	90	79	83	96	80	78	64	50	45	37	47	63	86	121	140	145	93	142	147	136	146	146	126	134	127	97	100	132	143	104	103	117	111	109	120	108	95	94	115	121	109	100	96	113	138	127	113	94	82	69	65	73	80	87
77	72	69	70	56	54	60	63	61	62	69	70	74	77	78	77	78	75	74	79	83	100	109	107	105	110	106	92	60	46	52	36	22	26	20	20	22	18	28	30	23	25	22	24	13	26	21	66	73	78	74	71	72	74	86	120	91	118	138	166	131	149	162	155	148	165	174	160	165	159	164	168	161	157	158	171	160	157	154	168	145	162	94	80	70	60	57	65	68	56	55	64	68	96	104	99	106	110	116	89	71	75	79	82	77	66	69	69	70	67	72	82	88	85	64	57	55	57	63	61	67	76	74	77	62	67	64	73	91	82	101	97	98	113	115	117	105	102	108	107	105	90	100	96	91	90	88	93	83	76	78	78	53	48	40	56	67	93	121	119	141	126	148	135	136	148	147	139	139	126	119	123	145	131	96	114	125	90	57	89	90	97	110	114	111	101	93	91	78	59	42	37	23	21	22	18	19	21	26	33
71	64	64	55	58	57	59	65	63	57	60	52	53	52	65	66	78	66	66	72	75	68	71	64	66	69	75	69	37	35	32	32	24	25	20	19	19	17	33	31	20	28	21	23	17	22	26	48	59	77	83	82	84	79	81	88	115	103	153	150	152	170	183	165	144	166	153	160	160	139	123	152	162	167	159	165	165	135	152	116	97	121	121	113	92	73	67	67	73	71	74	66	58	69	65	76	108	125	108	86	79	84	76	83	73	72	87	76	75	81	80	80	77	78	66	54	53	61	70	73	76	74	87	79	74	68	73	71	86	95	96	100	97	84	87	100	111	106	109	104	103	99	99	109	104	100	88	84	87	79	69	54	60	70	94	118	134	135	126	134	139	120	113	141	148	136	147	141	140	134	132	141	108	89	114	114	79	79	83	66	84	91	81	95	42	28	22	30	37	22	19	17	17	21	22	23	22	22	24	32
65	53	55	45	52	63	70	75	81	67	68	67	61	61	63	69	71	65	57	55	60	65	67	66	71	59	58	47	28	32	23	45	23	28	23	20	18	17	24	25	17	22	19	17	24	23	41	46	62	84	74	70	72	87	82	82	95	95	102	133	134	161	170	156	155	166	164	151	161	149	149	149	166	166	160	158	158	146	159	126	112	128	107	102	77	78	76	86	88	85	82	89	79	74	70	68	69	64	66	67	73	73	69	102	82	76	82	82	73	70	76	73	71	70	72	64	59	65	70	68	70	62	61	72	73	75	85	81	86	92	106	101	108	95	87	78	77	76	79	82	79	75	76	79	81	84	86	97	88	79	76	85	99	120	139	131	129	134	147	150	138	120	117	102	128	135	142	134	122	116	113	84	86	101	82	85	92	81	83	82	73	73	86	76	91	85	34	18	21	25	17	16	25	29	22	24	24	23	35	39
77	68	57	54	50	57	70	74	67	72	82	74	66	66	65	71	72	61	56	55	56	60	63	72	71	66	62	31	21	23	28	26	34	25	25	21	20	18	20	18	21	20	23	14	28	25	42	54	62	60	59	60	62	60	60	70	69	106	111	139	156	161	163	164	159	154	153	163	168	167	155	165	151	154	158	172	173	164	156	148	110	111	109	94	88	82	93	87	83	90	107	113	94	82	71	77	85	90	83	82	80	87	89	89	89	91	79	71	71	71	67	66	66	73	78	93	73	81	90	105	73	61	72	77	83	85	96	105	111	115	114	108	111	114	120	125	121	108	105	93	104	102	103	107	98	103	100	99	100	122	130	134	134	120	108	129	127	128	115	120	124	113	122	137	131	117	110	123	124	99	68	92	110	82	82	93	87	103	108	76	52	44	41	37	41	25	21	27	18	18	19	18	24	25	36	26	31	25	47	27
75	66	62	59	63	66	67	75	88	96	89	82	91	81	89	62	51	50	54	59	59	66	63	58	65	69	66	52	22	27	32	24	30	45	28	21	19	22	13	14	23	22	27	21	31	32	37	50	67	64	70	66	64	64	68	67	84	78	94	143	137	136	164	162	158	149	153	160	173	178	178	156	154	160	174	162	171	159	165	143	128	130	114	124	85	79	86	82	73	79	95	119	101	80	78	77	80	82	77	74	76	83	85	89	88	90	78	81	82	82	64	60	67	86	105	104	105	120	117	114	97	96	102	88	95	107	104	104	115	123	130	143	157	156	153	163	163	159	156	155	149	138	137	140	138	135	135	126	108	130	136	135	130	124	126	118	115	121	140	131	123	132	128	106	89	106	123	102	82	84	115	118	101	107	90	90	76	23	22	33	33	30	28	28	36	27	15	17	19	21	22	32	29	24	24	21	21	21	26	25
67	56	48	49	55	76	96	104	105	113	100	107	108	107	100	79	59	49	46	51	50	52	64	72	70	64	54	35	21	24	27	30	22	42	43	24	18	20	23	11	19	24	26	23	38	34	29	38	78	73	74	78	72	72	68	77	77	79	83	115	145	118	135	151	153	154	157	162	160	172	174	173	167	174	167	158	147	142	130	132	130	99	100	86	80	80	83	84	80	85	86	87	80	81	86	92	94	100	102	104	98	109	109	100	97	85	74	75	68	70	80	103	125	128	124	123	124	119	125	130	132	133	125	126	124	101	96	114	113	113	128	135	133	134	142	134	143	141	134	121	122	121	135	130	131	125	120	126	122	140	138	136	122	107	111	128	133	114	105	114	134	122	97	77	78	81	87	102	103	89	87	109	102	89	95	121	37	16	35	39	31	21	27	29	25	21	19	20	31	31	22	24	24	25	22	20	26	26	24	21
98	101	127	132	110	101	113	107	104	107	114	124	127	120	106	103	94	87	65	57	53	52	56	68	61	66	43	39	22	24	20	31	22	23	34	44	37	18	24	13	15	21	26	26	34	32	30	37	52	80	74	50	49	59	61	73	85	45	52	93	133	140	137	149	159	177	147	140	161	171	160	156	133	131	127	135	138	118	106	113	86	81	90	99	109	97	95	99	95	109	120	136	137	129	116	115	126	125	130	126	133	133	137	126	111	102	83	83	101	114	128	133	143	137	138	125	135	142	144	144	152	150	148	142	124	107	109	121	114	120	123	117	122	127	125	125	114	111	99	99	102	98	94	104	111	111	112	97	93	91	95	91	97	99	94	89	86	88	83	85	83	74	79	82	91	103	109	106	118	100	108	87	73	84	76	53	21	19	25	30	27	26	32	25	18	18	17	30	24	20	21	25	21	22	19	24	35	25	28	26
127	125	124	127	116	97	89	92	97	96	100	105	112	136	138	120	104	107	120	108	75	70	67	69	85	71	52	28	20	21	18	24	21	21	32	33	32	20	15	15	15	17	30	24	37	28	32	39	28	54	63	35	41	73	85	86	68	22	65	69	83	116	128	136	127	133	132	133	155	157	147	118	126	133	131	104	85	88	98	122	134	138	122	132	135	127	121	114	120	123	118	119	124	113	115	106	106	123	119	119	113	113	123	131	130	122	115	115	103	113	120	128	134	138	131	141	137	115	101	111	119	113	127	127	122	113	122	130	128	120	124	123	112	102	122	119	122	122	120	127	118	122	120	114	108	107	104	112	108	97	100	99	102	101	98	89	85	87	99	105	116	96	91	80	88	94	76	61	48	31	33	24	29	34	25	27	32	27	29	26	25	33	43	27	33	30	31	30	33	32	30	39	44	43	37	42	47	33	33	37
100	96	108	108	96	86	86	88	93	98	110	111	125	121	132	134	130	121	111	113	116	103	86	78	71	70	62	26	22	21	17	23	21	20	22	21	28	28	28	21	16	26	18	23	26	28	51	32	32	60	57	31	46	73	72	56	20	43	82	76	82	89	95	104	90	88	97	98	90	97	94	97	92	89	102	112	128	136	136	136	140	136	131	128	117	128	133	137	120	102	104	112	115	122	144	142	129	122	115	116	115	117	116	111	120	127	123	134	123	116	123	127	118	123	114	95	75	61	66	73	88	109	99	96	104	101	116	111	101	107	107	116	122	119	123	116	108	112	120	110	106	110	127	135	120	105	87	93	106	102	89	82	97	103	87	76	81	90	76	63	55	42	48	39	36	24	40	40	28	27	34	36	29	24	26	28	28	36	34	47	64	65	64	62	63	67	72	68	57	68	83	68	63	63	66	74	70	56	50	52
133	138	131	128	117	98	88	92	86	86	98	102	119	130	126	125	126	124	126	124	120	113	105	90	87	80	100	41	25	17	18	21	22	19	17	20	43	36	16	18	19	28	14	18	20	37	39	32	35	68	47	37	35	64	70	48	24	44	62	78	75	77	82	87	94	94	100	110	112	115	122	123	134	139	137	133	133	125	123	123	120	112	117	125	129	123	124	123	119	113	132	136	126	114	100	90	86	89	104	101	85	111	124	124	134	127	122	126	122	130	126	116	124	102	70	75	79	71	80	85	78	71	75	91	90	81	86	82	82	77	69	64	61	68	69	65	64	64	67	71	89	106	135	106	76	66	67	57	60	64	62	58	64	58	57	55	44	37	42	39	29	36	33	20	19	28	27	22	21	22	31	32	27	31	31	38	45	60	60	62	65	66	68	67	76	74	69	70	71	73	71	61	77	67	60	51	58	66	72	60
112	94	95	96	85	84	86	85	88	92	88	99	117	112	111	118	121	119	120	119	111	117	128	125	115	99	84	50	26	19	21	20	19	17	14	22	30	26	16	20	19	19	16	18	23	32	39	44	38	42	19	26	44	58	53	19	34	41	36	84	100	104	99	101	106	107	109	115	116	118	128	129	126	119	110	134	137	132	135	132	126	116	116	111	116	112	105	104	99	91	79	82	80	83	81	86	94	104	111	117	128	136	114	94	83	79	96	100	84	62	63	110	93	64	88	110	119	91	89	95	89	77	66	55	51	47	44	46	48	54	71	73	64	49	49	49	49	48	49	49	47	45	44	44	52	64	74	69	69	70	68	62	57	49	42	33	26	25	29	28	37	30	27	25	39	39	37	32	31	37	43	29	38	45	58	64	64	58	60	67	65	56	60	69	61	63	70	63	67	59	58	69	61	56	64	70	63	66	69	65
108	99	86	84	79	75	87	96	95	95	90	80	83	92	105	102	99	115	124	129	124	107	96	100	99	92	81	62	29	20	20	21	15	17	16	23	17	15	20	22	43	23	18	24	43	29	25	48	36	27	13	23	40	51	39	17	27	34	36	43	103	117	115	106	104	117	111	106	112	126	125	121	117	115	112	115	109	100	93	89	77	70	75	88	94	88	81	81	82	81	79	81	89	95	88	95	110	118	119	116	104	85	80	82	89	84	85	88	91	96	88	89	90	70	96	81	60	50	51	50	51	49	51	52	51	51	52	56	60	66	61	60	66	66	60	49	46	47	44	45	47	45	42	43	42	38	45	58	64	60	53	52	44	39	44	31	32	50	61	39	39	40	48	56	59	56	46	37	37	44	52	61	55	63	58	57	57	63	69	64	63	69	57	48	59	69	70	55	57	61	67	69	78	77	67	61	74	69	49	51
116	106	94	87	77	82	92	92	96	103	85	86	84	85	80	85	99	105	91	101	107	100	82	82	82	76	69	54	47	18	20	19	16	17	18	23	16	14	28	17	31	29	26	42	33	27	30	46	39	22	13	27	39	49	35	15	28	26	43	26	38	59	82	114	100	103	104	104	113	117	118	119	121	120	111	103	98	91	84	70	69	70	78	84	86	91	92	90	87	76	74	92	97	86	78	71	67	64	76	88	86	80	81	81	86	88	87	87	77	85	90	85	67	46	57	51	42	45	54	58	60	59	52	54	52	51	53	58	61	56	55	57	56	52	57	60	59	51	47	44	38	40	41	37	32	42	34	34	40	48	51	53	55	57	50	47	48	43	38	45	57	66	63	59	57	56	45	41	42	49	58	60	59	56	59	55	56	67	64	75	66	57	59	66	73	71	80	68	68	69	67	68	66	65	64	64	71	67	63	69
122	74	75	74	70	71	67	66	67	70	76	85	103	105	112	89	68	65	87	94	81	82	89	99	100	92	86	91	38	24	18	20	20	20	28	21	16	14	25	18	25	37	30	37	30	27	35	42	31	18	19	32	43	53	39	16	32	28	35	42	24	35	29	49	100	97	110	120	110	107	106	106	102	95	85	83	76	76	78	82	86	84	84	79	79	78	75	84	86	91	103	107	103	86	87	91	82	80	82	80	82	90	96	96	96	86	77	93	97	82	73	58	51	55	57	56	56	63	58	68	62	53	53	57	65	69	61	58	62	64	59	58	59	52	52	50	55	50	50	44	41	38	41	34	43	50	50	53	52	51	57	58	53	60	61	55	57	56	59	59	58	63	64	59	61	58	54	45	53	60	62	62	64	66	65	59	64	64	77	65	55	68	72	77	73	81	84	70	71	67	64	58	70	68	64	68	58	65	59	56
88	75	68	62	55	54	54	60	64	68	85	95	85	82	84	100	114	97	69	81	78	72	79	79	83	77	76	84	60	22	19	23	22	23	21	28	17	14	22	20	26	31	41	35	28	34	31	50	29	13	26	36	35	64	55	22	26	27	36	43	31	27	36	31	26	36	75	74	65	60	55	52	65	76	78	83	87	83	80	80	79	84	88	75	62	51	50	53	49	44	49	53	53	74	92	89	103	104	92	96	93	81	77	73	86	93	69	54	50	44	50	68	63	69	51	57	55	57	59	62	63	56	60	66	62	67	62	72	68	67	55	45	46	50	55	51	57	52	53	45	46	45	47	64	61	54	52	51	61	66	59	62	63	62	63	61	65	69	67	64	61	54	53	57	52	57	48	50	50	56	63	50	60	62	64	67	61	70	70	81	75	72	78	75	100	82	54	73	64	63	71	70	67	61	65	65	62	52	59	61
87	82	70	66	66	62	56	48	48	52	59	93	99	100	83	75	61	71	88	92	84	94	98	90	70	82	103	100	93	40	18	25	23	27	22	48	19	15	15	27	23	33	51	40	28	38	45	35	34	26	20	30	41	35	69	63	18	23	41	42	55	29	33	40	38	37	34	50	56	57	60	61	72	71	71	72	76	74	81	73	75	52	43	42	46	49	56	51	44	37	35	35	27	30	35	59	87	77	89	88	84	76	59	63	55	42	43	56	67	61	68	69	62	85	53	76	57	60	65	67	69	63	59	54	52	51	51	54	70	61	52	47	53	59	57	56	49	49	48	46	58	69	75	57	61	60	56	62	54	60	64	60	59	56	63	66	65	63	59	60	52	54	48	50	53	46	47	50	60	54	46	52	53	68	77	60	71	53	80	68	64	69	61	87	69	67	64	52	63	59	61	66	58	56	59	70	65	57	56	58
70	69	76	73	72	88	101	86	76	72	75	95	92	67	60	68	67	62	57	60	60	70	74	76	99	93	81	83	89	43	29	23	38	25	24	31	15	16	16	25	38	40	38	23	24	28	46	37	30	30	20	37	30	24	36	56	40	23	28	32	23	26	25	31	35	40	41	42	61	57	57	65	63	60	62	61	66	56	49	39	41	47	53	49	44	55	59	51	49	46	41	37	45	37	40	39	44	51	47	42	41	46	51	53	60	64	60	61	68	77	67	62	53	84	55	58	65	65	63	66	66	69	63	58	54	53	64	63	64	68	63	53	45	46	55	64	65	64	67	71	63	51	57	66	62	73	88	82	75	78	77	66	60	71	60	70	72	70	76	54	41	43	41	59	66	63	61	69	51	49	37	40	68	61	91	103	92	93	83	72	74	56	85	71	83	76	73	67	59	79	62	40	46	56	65	71	65	57	55	56
33	32	38	42	40	46	61	71	78	77	76	74	72	72	70	85	104	114	102	78	66	63	56	67	89	77	76	79	73	34	33	17	36	31	33	25	17	17	19	18	25	49	36	22	19	26	25	32	27	36	21	29	21	22	25	27	36	52	35	32	31	21	30	26	31	29	32	36	39	35	40	51	50	44	47	49	52	49	48	47	44	43	45	50	54	49	50	53	50	55	50	52	52	50	54	59	64	64	62	63	64	57	56	66	67	62	55	65	67	66	66	62	53	83	60	64	67	64	62	67	67	70	68	68	57	58	57	48	52	51	48	53	63	64	71	75	65	68	68	62	66	61	48	53	49	63	54	69	73	76	69	71	76	49	51	55	70	83	73	76	66	70	76	60	64	69	68	69	68	69	76	45	53	81	47	94	100	62	75	76	63	51	46	71	102	83	71	72	63	66	67	57	56	57	70	75	77	72	72	74
43	40	44	43	42	41	36	45	47	47	46	48	47	51	56	55	51	47	46	50	53	49	51	51	48	44	41	42	57	33	25	19	32	40	40	27	19	21	26	23	24	32	33	17	21	19	20	29	29	44	25	20	28	25	25	23	21	27	30	46	30	21	23	32	28	24	34	28	36	32	37	39	37	43	50	50	48	48	48	42	42	42	45	48	48	43	41	35	42	50	60	56	70	78	60	66	61	60	62	60	63	59	56	55	58	55	55	65	65	67	66	61	54	84	61	51	45	46	50	51	56	52	55	58	55	47	49	55	58	58	61	74	72	64	60	54	55	62	59	57	74	47	52	38	38	43	41	50	47	52	59	66	50	25	48	35	53	47	47	42	33	46	47	49	63	43	48	76	43	77	59	60	43	50	41	63	82	61	67	55	60	58	43	47	51	69	65	70	86	83	76	79	74	79	84	86	77	73	75	76
45	42	45	49	45	39	41	39	42	33	35	44	51	47	51	54	54	60	54	46	42	38	38	36	39	43	43	41	42	28	24	25	28	34	29	32	21	40	29	30	19	20	36	27	26	23	24	31	30	34	27	22	30	22	21	18	25	23	27	35	49	29	27	28	46	24	27	27	33	37	43	39	30	33	44	41	40	42	45	45	43	42	44	47	45	49	48	44	37	34	46	56	65	78	84	86	79	73	69	59	62	58	58	64	64	57	60	61	58	59	61	64	61	92	72	43	51	62	79	74	65	65	68	68	73	72	67	68	68	70	77	84	77	65	66	63	62	67	61	69	79	63	57	51	48	40	50	52	47	52	51	44	53	52	55	53	64	64	43	48	42	32	40	47	47	44	56	73	47	61	61	62	61	58	63	83	99	94	79	80	75	69	67	79	68	65	68	81	80	76	69	70	73	80	80	81	74	64	78	79
47	48	42	42	44	36	35	45	44	43	36	34	38	42	32	33	40	36	36	34	33	37	49	51	49	46	40	53	28	26	26	31	33	36	29	39	21	33	27	33	20	19	33	34	29	32	22	24	35	37	42	33	22	21	23	22	34	26	26	29	31	30	27	32	35	29	25	28	24	28	33	45	32	27	34	37	46	48	49	52	50	45	42	41	39	38	35	45	50	49	40	53	51	57	74	65	84	96	86	73	87	85	73	76	60	68	52	56	62	74	66	65	56	98	84	53	68	81	91	84	95	88	78	70	71	81	70	61	66	74	77	70	66	67	72	70	78	65	64	66	56	62	70	71	74	63	67	71	75	77	94	95	89	86	85	95	90	86	94	93	96	94	95	97	95	82	62	67	68	62	70	77	75	75	72	65	68	76	88	97	103	100	90	98	98	90	82	95	100	94	86	87	79	53	53	60	67	76	70	80
38	44	42	45	42	43	48	52	46	38	39	39	40	40	40	43	47	49	47	43	44	47	50	45	39	27	38	34	25	27	32	43	39	41	27	35	28	23	24	25	33	30	20	21	25	52	47	31	27	26	32	29	23	29	30	42	30	28	29	26	27	30	29	30	30	24	23	30	25	27	32	27	47	31	30	47	40	48	58	55	48	41	39	42	50	41	54	58	66	69	69	61	57	55	43	48	45	62	49	61	50	38	55	56	55	74	74	69	60	64	69	57	63	104	92	64	74	88	78	84	84	73	61	67	72	71	72	63	65	61	59	62	57	67	49	58	54	29	41	40	37	56	42	39	38	47	64	64	66	72	85	79	82	93	87	63	72	73	81	82	90	101	115	109	94	56	54	57	49	49	56	60	69	65	68	68	75	91	96	90	74	49	53	56	74	89	97	92	80	54	45	70	79	68	68	52	38	42	58	73
46	46	45	39	34	36	36	37	39	39	47	48	46	42	37	37	41	42	41	41	49	49	54	46	34	32	32	30	27	30	47	46	57	35	27	21	31	24	22	23	37	36	26	23	22	24	35	42	36	37	36	28	22	33	36	37	22	24	32	30	29	29	27	33	29	24	22	33	27	34	30	28	46	38	33	46	45	46	56	42	43	44	54	35	35	55	62	67	69	71	67	63	68	61	57	63	73	68	58	55	51	49	48	54	64	68	58	46	67	64	60	39	78	81	66	54	68	88	95	77	57	58	63	56	74	81	67	57	59	62	60	59	57	46	57	64	55	56	59	65	52	48	50	25	44	33	33	34	29	45	29	38	54	35	37	50	54	53	55	64	74	88	79	66	49	47	55	59	59	64	64	62	65	61	63	73	78	89	94	95	90	75	59	54	60	62	86	81	31	42	49	58	79	68	74	90	38	29	36	28
37	40	32	34	33	36	36	38	39	40	44	38	38	38	43	44	55	55	46	41	44	43	41	25	29	45	30	33	26	37	42	39	32	32	30	24	25	49	31	24	30	42	28	36	24	23	27	32	41	47	42	31	35	46	64	27	23	20	25	31	31	29	29	29	26	28	24	35	29	39	24	28	40	39	35	38	50	47	50	48	47	35	38	51	69	69	62	63	70	75	78	85	71	69	67	60	71	63	53	49	53	52	48	69	57	64	62	41	51	50	57	58	51	40	40	61	45	57	58	47	34	42	34	50	77	59	48	70	81	71	63	65	63	70	53	67	70	74	76	72	59	63	66	60	55	59	40	46	30	32	41	35	21	31	42	29	40	36	42	47	59	45	36	28	42	51	61	66	69	58	59	60	66	57	50	51	54	66	80	78	83	94	87	57	70	68	49	30	24	56	58	68	49	70	64	77	75	71	38	32
37	37	31	29	30	35	43	36	35	33	39	44	42	40	36	54	44	44	46	45	46	52	27	24	35	31	38	30	30	35	39	32	29	21	42	32	27	33	45	40	65	40	30	32	40	27	25	30	31	31	48	20	53	46	34	33	49	25	24	29	37	34	37	28	29	32	27	37	30	35	27	30	34	43	39	48	57	46	32	35	63	72	57	49	40	64	62	63	67	48	64	62	53	55	59	41	63	81	58	72	81	82	83	66	50	40	78	84	52	44	59	59	54	68	49	25	34	54	44	49	49	51	48	48	27	38	51	81	67	66	74	60	56	60	71	59	61	80	77	79	73	61	58	66	40	41	58	62	59	58	59	59	41	51	65	68	52	38	41	44	57	53	45	44	58	60	62	61	72	62	65	85	86	75	50	53	39	64	61	77	69	75	81	75	66	69	64	44	23	31	46	27	47	63	54	61	78	74	82	87
35	39	47	45	47	42	53	51	52	48	40	43	42	47	55	58	52	50	51	50	52	46	31	29	28	35	39	26	34	32	47	27	20	20	31	32	39	30	38	37	41	41	27	33	41	26	33	29	27	25	47	28	29	59	28	37	37	28	22	31	37	34	49	37	30	28	26	40	32	32	33	26	27	34	44	60	49	21	29	49	54	56	57	53	51	48	37	51	50	46	52	52	25	46	60	56	59	44	40	99	108	110	92	55	84	83	33	71	101	72	51	82	95	111	49	30	47	59	35	56	57	57	50	49	36	25	73	74	67	58	63	53	66	60	70	36	44	44	57	62	49	41	42	49	50	52	66	95	94	57	59	78	52	44	43	47	42	44	41	41	47	45	52	51	53	47	40	53	42	56	64	56	57	77	83	54	48	50	53	50	54	56	67	60	65	56	63	51	64	75	67	68	69	64	60	63	74	67	66	62
51	54	56	56	57	54	56	59	60	59	62	63	46	41	38	49	47	47	43	42	43	43	28	37	25	42	36	27	36	35	31	28	22	24	21	29	29	30	23	29	40	39	36	45	37	33	42	25	29	22	42	27	18	34	26	32	30	33	23	47	30	33	41	43	24	33	30	40	28	33	30	28	46	50	42	36	30	19	32	48	47	51	48	48	53	41	54	67	62	60	69	48	29	41	39	53	40	30	48	75	76	57	48	72	42	47	68	38	49	75	60	96	97	82	32	26	46	35	33	43	68	73	84	72	66	41	35	53	37	52	35	30	45	54	28	37	43	26	29	43	46	50	49	54	53	49	20	50	62	55	57	61	62	62	53	54	50	57	25	33	19	35	28	44	29	25	42	26	34	45	53	69	62	79	77	84	94	89	80	49	24	27	39	62	76	61	50	63	54	47	51	63	63	64	66	60	58	67	60	60
54	53	52	52	53	54	56	52	53	51	51	46	54	40	34	44	46	46	52	53	51	49	31	37	24	37	37	25	29	28	30	30	25	23	24	20	23	24	20	23	51	35	41	40	33	34	29	30	34	25	45	27	18	29	41	24	34	37	51	40	31	35	28	36	35	53	35	37	30	34	33	40	45	46	37	33	37	25	30	45	58	56	55	58	30	31	39	41	38	43	50	45	39	43	55	62	78	50	37	94	63	32	83	97	27	24	50	88	46	30	72	86	77	43	34	17	42	56	67	33	65	64	64	89	88	54	24	59	30	50	25	30	36	43	31	50	51	75	66	28	56	51	52	53	64	58	20	61	98	96	97	88	85	87	88	94	89	61	33	33	28	30	23	40	24	31	43	23	37	33	45	44	56	53	60	54	66	59	55	34	28	27	30	32	39	36	41	45	36	37	42	39	42	46	42	42	41	41	39	43
45	49	53	49	47	46	34	39	42	44	49	48	39	33	39	51	48	47	50	49	51	49	30	34	25	31	39	29	31	28	23	29	39	23	21	19	23	23	33	25	54	47	38	34	36	31	33	35	41	28	40	21	19	28	33	28	40	47	43	33	35	28	28	34	44	45	36	32	46	44	41	40	37	39	32	33	34	22	30	33	36	54	50	40	28	42	49	46	41	37	47	48	37	29	40	56	102	88	35	98	83	37	67	64	20	19	36	96	83	37	87	94	74	49	38	19	36	64	85	27	41	43	48	37	25	23	27	25	28	40	40	35	36	40	24	67	81	84	82	51	63	63	61	68	63	58	17	47	48	43	61	54	61	61	64	61	55	55	62	67	51	50	49	54	60	61	61	57	54	52	49	34	35	46	29	58	47	39	28	28	35	37	37	38	33	35	42	37	42	48	48	45	45	44	44	45	42	43	44	43
47	43	41	51	54	56	55	55	52	47	45	39	34	66	63	61	61	58	60	61	63	58	48	33	26	37	38	29	22	33	24	22	31	34	29	40	26	33	45	26	40	36	33	31	36	34	39	28	29	38	37	23	55	40	30	41	46	47	40	45	30	40	32	35	53	41	38	40	41	38	30	29	50	34	29	34	39	32	24	28	34	32	29	51	30	49	43	38	31	33	35	43	39	34	27	23	39	47	39	45	43	48	45	40	43	42	43	36	46	29	76	106	71	44	69	62	48	52	65	28	43	42	47	48	54	48	37	30	45	42	23	34	42	40	55	41	38	42	46	43	32	25	34	36	28	25	20	38	48	28	88	83	79	79	109	84	80	73	80	93	41	54	65	69	71	71	71	69	48	38	59	33	40	43	33	53	48	38	30	65	81	68	68	72	76	78	82	81	87	86	64	66	75	81	84	89	74	77	70	51
53	56	61	58	58	55	55	54	52	48	57	46	35	48	56	54	61	63	74	78	75	62	78	36	32	32	44	36	36	27	27	26	28	32	36	40	33	28	35	27	32	26	29	34	30	62	30	33	42	42	40	40	45	50	45	41	54	42	51	36	40	42	34	42	37	37	38	47	48	33	26	26	55	47	37	36	32	37	30	20	28	33	34	34	40	51	61	47	41	42	38	41	51	50	53	28	46	48	53	60	51	48	50	48	54	42	50	52	46	51	45	53	49	39	35	54	59	61	58	62	61	66	67	74	79	41	31	40	27	29	32	27	33	42	29	17	27	55	41	42	24	34	43	31	19	26	23	37	44	37	57	54	60	72	74	47	38	47	49	65	40	57	98	101	99	98	104	108	85	38	61	67	62	58	61	53	51	43	48	68	63	54	51	48	48	61	76	78	66	51	71	75	67	73	64	53	51	55	58	54
46	48	49	49	52	57	59	52	51	50	36	38	53	61	60	58	41	47	37	52	66	52	52	44	34	37	43	40	39	23	44	28	49	39	31	35	33	28	29	31	23	27	29	22	38	43	30	35	34	33	37	37	37	35	37	37	57	48	39	44	37	35	32	35	37	34	38	64	41	28	23	25	35	60	44	36	30	30	23	25	24	25	30	37	34	33	39	47	41	45	47	44	32	47	60	50	61	41	44	52	66	58	31	69	90	87	89	88	88	80	87	80	60	52	55	69	75	74	71	70	70	71	73	55	38	38	38	34	43	35	28	36	44	39	39	40	47	56	37	28	37	54	53	58	58	58	68	58	62	53	57	66	68	67	69	59	50	47	46	38	55	73	83	83	81	78	73	70	47	49	79	104	90	43	49	65	94	92	96	95	81	56	45	54	71	82	80	80	67	55	55	44	37	36	37	36	55	63	66	80
46	42	45	45	41	45	35	53	60	39	41	45	50	52	56	49	40	53	48	35	52	60	53	31	27	33	35	44	39	28	25	29	38	45	37	44	38	32	29	37	27	35	35	21	29	27	31	40	30	39	38	31	30	32	39	34	37	35	63	45	41	40	34	39	31	30	54	49	36	52	41	31	30	38	48	43	27	31	33	36	30	30	29	32	40	34	30	28	32	42	51	43	54	51	45	48	45	39	41	37	43	41	55	76	80	79	84	88	80	78	71	58	44	45	49	50	53	61	58	55	55	55	60	58	47	48	47	36	45	34	35	57	58	54	55	53	42	45	40	26	31	39	52	48	51	42	56	53	48	54	63	65	64	62	54	60	68	64	66	57	42	31	61	104	114	111	106	98	65	34	72	69	45	37	39	50	81	72	94	102	63	48	46	49	48	50	69	79	86	67	49	33	42	46	45	48	52	63	63	57
44	38	44	40	39	39	47	32	55	31	43	54	59	56	55	61	62	54	32	41	53	60	52	46	39	36	37	42	47	39	44	39	29	32	50	38	40	37	28	32	36	28	37	31	29	30	46	33	41	35	33	23	29	29	31	36	34	34	43	39	44	33	36	37	23	29	44	39	26	48	35	41	42	47	43	47	41	24	29	36	34	33	39	33	49	31	31	32	35	29	39	43	52	64	47	48	53	63	52	33	52	53	66	72	66	59	60	59	61	60	68	72	39	31	51	62	53	95	56	51	84	100	65	61	47	52	57	53	56	46	42	44	37	45	49	53	51	50	54	52	47	33	30	29	29	51	57	58	53	65	55	56	49	38	27	57	63	62	64	70	55	44	46	55	44	50	52	64	51	37	44	40	24	25	28	33	47	57	71	93	65	38	43	46	49	51	49	49	44	49	42	42	49	45	51	63	49	55	64	66
40	45	41	44	50	59	49	39	41	48	48	45	34	53	48	61	59	67	52	39	31	61	60	64	55	55	52	45	38	37	39	35	35	33	36	48	33	30	34	26	51	37	51	36	30	36	35	33	33	35	22	29	28	29	32	35	37	37	37	37	44	34	34	24	27	27	35	39	27	23	29	31	36	34	32	36	38	40	38	35	35	34	33	38	29	30	33	33	33	29	32	42	41	42	52	59	60	60	57	50	47	51	55	55	47	46	51	49	50	48	46	53	49	30	87	55	61	80	67	62	98	83	74	52	52	66	63	80	65	62	75	67	61	81	63	71	60	60	74	47	33	69	64	46	34	36	48	53	47	46	42	39	43	29	47	58	64	63	58	56	47	44	42	33	46	35	26	54	85	75	73	74	69	75	76	74	71	68	65	65	77	55	40	42	37	36	41	36	40	48	59	71	60	65	59	43	43	36	40	50
40	38	35	37	43	40	34	44	41	61	57	36	39	47	57	70	46	74	74	46	44	65	54	51	58	50	48	43	44	46	47	51	31	30	34	41	33	32	29	29	45	49	40	33	33	38	24	30	30	31	19	31	36	37	39	39	38	36	35	35	35	32	30	20	27	33	28	34	40	26	26	27	45	38	33	37	38	23	28	35	41	47	45	53	45	27	30	35	34	30	37	40	56	79	73	71	59	66	69	68	66	67	71	74	68	61	67	66	66	71	59	71	72	29	79	58	70	32	37	32	30	52	58	57	65	60	81	64	57	65	59	57	84	64	72	58	54	71	48	48	60	68	79	76	71	71	68	67	66	77	69	77	73	29	28	26	42	52	34	53	47	43	49	53	44	31	25	41	71	80	78	74	78	78	80	82	82	81	80	68	80	77	50	36	45	53	49	42	42	49	47	49	51	47	46	40	39	57	61	48
43	52	44	44	41	43	40	45	43	52	54	59	50	48	53	53	55	53	62	62	54	55	50	46	44	55	53	53	46	56	38	35	37	39	37	30	31	36	31	34	27	44	39	32	38	39	22	25	29	26	20	31	37	36	35	36	38	31	32	34	32	40	35	23	25	29	22	28	33	38	39	33	22	28	34	36	35	23	32	26	32	44	44	46	47	40	39	35	42	31	43	41	55	72	77	74	72	70	67	67	67	59	62	59	64	65	63	65	61	60	60	65	67	42	45	47	51	38	44	35	30	69	59	68	62	76	69	59	60	65	55	77	66	73	75	56	65	51	58	76	70	76	92	104	80	86	97	63	72	46	68	54	35	17	78	50	40	42	52	51	62	53	33	54	45	36	36	36	60	62	70	64	57	58	60	60	62	64	64	66	58	42	48	46	41	45	49	49	45	48	48	50	55	55	49	53	57	41	45	50
41	40	41	34	47	69	68	68	55	50	71	65	51	58	53	44	40	41	34	45	54	37	51	52	46	34	53	43	48	67	58	39	34	35	40	32	33	37	35	33	27	29	34	32	52	55	40	22	32	41	22	33	33	29	28	45	54	32	30	26	30	35	38	28	24	29	28	27	33	27	30	41	35	22	23	38	38	29	44	30	31	44	45	45	43	36	48	53	40	31	40	44	56	59	65	69	68	68	72	83	78	74	73	71	75	78	82	79	80	80	85	85	98	74	50	53	48	52	47	39	34	47	48	53	65	59	51	46	50	56	47	55	50	58	65	69	53	79	77	74	67	79	91	66	79	80	77	88	73	81	71	37	26	51	54	71	69	38	40	56	44	46	38	49	35	38	48	47	53	54	53	49	52	45	47	48	49	43	41	43	31	32	24	39	39	37	44	43	43	44	50	59	50	47	56	57	59	59	39	53
38	40	46	39	42	44	69	61	46	51	64	67	42	60	61	53	54	50	46	43	51	33	47	55	51	40	57	60	44	58	60	55	52	44	42	37	34	42	32	32	30	30	35	38	76	64	68	37	33	36	47	30	46	23	25	36	45	35	37	27	27	33	30	30	29	27	33	39	43	42	33	48	49	52	33	37	33	25	26	33	31	37	35	37	39	44	31	52	44	44	47	56	59	59	69	74	64	69	64	70	72	74	73	72	75	73	74	68	69	69	68	65	72	76	58	55	52	48	49	44	45	80	84	81	35	44	73	81	70	72	60	22	39	78	61	52	74	87	89	85	83	74	67	74	74	69	71	70	65	71	68	33	53	76	24	55	59	40	35	37	44	41	48	43	30	47	49	49	46	58	57	59	63	64	38	26	28	57	65	59	37	28	26	34	23	49	40	31	47	51	46	45	49	50	67	68	68	62	55	51
66	80	75	98	49	49	49	95	95	120	102	89	85	111	104	59	66	91	99	69	72	69	71	65	63	70	84	115	97	86	80	66	55	57	58	38	33	40	32	29	26	36	35	37	46	60	57	50	31	39	51	50	45	34	39	41	45	44	38	32	52	38	35	34	41	34	37	61	67	40	67	65	54	39	41	62	36	29	34	39	31	32	27	44	64	54	41	45	55	57	71	66	71	66	76	71	65	74	74	67	70	68	62	64	68	69	63	64	67	69	69	68	63	72	75	52	45	57	60	47	54	89	95	85	27	17	80	91	88	86	85	35	39	100	66	53	39	47	28	45	38	43	39	39	57	75	79	87	85	74	56	21	49	81	33	45	81	50	24	44	27	41	71	59	42	40	34	27	40	53	57	65	71	74	61	38	30	60	75	77	80	59	46	40	41	70	30	33	75	58	59	51	58	52	59	63	90	75	63	67
