142	142	143	143	144	144	144	147	150	152	153	163	177	199	215	217	227	239	251	254	255	254	254	254	255	255	255	254	254	254	252	235	213	194	173	159	154	154	152	152	152	152	150	152	153	153	153	154	153	154	153	154	153	153	154	155	154	154	154	154	156	155	156	153	161	186	210	236	247	238	237	227	209	194	184	177	168	159	149	138	136	144	153	156	156	156	156	157	157	155	155	155	157	157	156	152	145	143	147	155	157	157	158	157	156	157	157	158	158	158	157	157	157	159	159	159	158	158	158	158	159	160	160	159	158	158	158	157	159	154	151	152	153	153	154	154	154	154	154	154	155	154	155	155	155	156	154	153	155	155	155	155	155	154	153	154	153	152	152	152	152	153	148	146	150	152	151	151	151	151	150	148	146	145	143	142	143	142	143	142	142	142	141	141	141	141	142	142	143	143	142	142	142	141	142	136	146	142	147	148	149	150
145	147	152	167	180	188	202	217	235	245	251	254	254	254	254	254	254	254	255	255	255	255	255	255	254	254	254	254	254	254	254	252	253	253	254	251	240	217	195	174	158	154	153	153	152	154	153	154	154	153	155	155	154	155	155	155	155	155	155	154	155	155	152	151	151	149	148	146	158	143	135	139	150	156	156	156	155	155	155	154	154	156	156	155	155	155	155	155	156	155	155	156	155	155	155	154	157	156	152	144	141	144	153	156	155	155	155	156	156	156	155	155	156	157	156	157	157	157	158	156	154	154	154	153	153	153	154	152	153	155	155	154	150	151	153	155	155	155	156	155	154	154	153	152	152	151	151	152	151	150	151	150	149	148	149	148	148	145	141	143	139	138	140	137	140	141	141	142	142	142	142	143	144	144	145	145	145	146	147	147	147	147	147	148	148	148	148	148	148	148	148	147	146	146	146	139	153	148	151	152	152	153
222	236	252	254	254	255	254	254	254	254	254	254	254	255	255	255	255	255	255	254	254	254	255	255	254	254	254	254	254	254	254	254	254	254	254	254	254	254	254	254	251	236	216	195	175	159	154	154	154	154	154	154	153	151	152	150	151	148	146	144	146	145	151	152	153	154	154	153	153	154	154	150	149	150	150	152	153	154	154	155	154	155	155	154	153	155	155	154	155	155	155	155	155	155	154	155	155	154	154	154	154	153	144	139	141	150	156	154	151	148	148	149	148	149	151	150	152	153	152	155	157	157	156	155	156	155	155	156	154	154	155	155	154	152	148	149	151	152	151	150	150	151	150	149	148	147	146	145	146	146	145	142	141	139	136	133	130	130	129	135	130	137	146	147	148	148	148	148	149	149	150	150	150	150	150	150	151	151	152	152	152	153	152	153	153	153	153	153	153	153	153	152	150	151	153	144	157	155	157	157	157	157
249	254	254	254	254	254	254	253	253	253	254	254	254	254	254	254	254	254	254	254	254	254	254	254	254	254	254	254	254	253	254	254	253	253	253	251	249	249	246	239	221	207	201	193	185	171	152	157	153	155	152	151	152	152	152	153	153	152	152	151	153	153	154	154	152	153	152	152	153	153	153	153	153	153	152	151	149	148	150	152	154	154	154	154	153	155	154	153	154	153	153	153	153	153	153	154	153	151	150	149	149	146	145	146	144	140	134	136	145	153	153	152	154	154	154	154	153	152	153	154	154	154	154	153	153	152	152	152	152	152	152	153	151	149	147	142	144	145	144	144	144	143	141	139	138	137	136	135	132	130	127	124	122	118	108	101	93	87	80	126	139	143	151	152	153	153	153	153	153	154	154	154	154	154	154	154	155	156	157	157	157	157	157	157	157	157	157	157	157	157	157	157	156	157	156	151	160	161	161	161	162	162
151	163	178	193	207	222	235	249	253	253	246	254	254	253	253	254	254	254	254	253	254	254	253	254	253	250	250	249	246	235	215	207	199	189	182	173	165	158	150	148	153	159	158	157	157	156	155	156	155	154	155	155	152	152	152	150	151	151	153	153	153	152	153	152	151	152	152	152	152	151	152	152	152	152	151	150	150	150	151	148	147	147	147	149	151	152	150	149	149	150	150	149	150	149	149	149	150	150	151	151	151	151	150	150	150	151	150	150	146	143	145	147	150	150	150	150	151	151	150	148	145	148	147	146	147	147	146	145	144	143	141	139	140	139	138	136	134	132	131	130	127	123	116	108	101	93	87	81	76	68	61	54	47	40	36	34	31	27	24	127	144	148	157	157	156	156	156	156	158	158	158	158	157	158	159	159	160	161	161	161	161	161	161	161	161	161	162	161	162	162	161	162	162	162	159	158	162	166	166	165	166	166
146	147	147	149	149	150	150	156	167	183	198	212	227	241	251	248	243	244	239	226	210	201	194	185	177	169	161	153	147	150	156	159	155	156	155	156	156	157	157	157	157	157	158	158	158	159	157	158	157	156	157	156	156	155	154	154	155	150	151	150	150	151	151	152	152	150	151	150	152	151	152	151	150	150	149	146	146	144	143	144	144	144	144	145	142	141	143	145	149	149	149	149	149	149	149	150	149	148	149	148	148	147	146	145	146	145	142	137	138	137	136	134	130	133	135	135	135	134	133	135	137	135	134	133	132	130	128	128	127	119	110	104	97	89	83	76	67	61	55	51	45	42	42	39	38	38	37	37	43	52	59	66	72	77	83	88	92	36	35	145	149	154	161	162	162	161	161	162	162	162	162	162	162	163	163	163	164	165	165	165	165	165	165	165	165	165	165	165	165	165	166	166	166	165	160	167	162	170	169	169	170	170
145	146	147	147	149	149	150	151	151	152	152	153	154	154	156	168	155	141	142	150	157	159	159	158	159	160	159	160	159	160	159	159	160	160	161	161	161	160	158	156	157	158	159	158	159	160	159	159	160	159	159	159	158	158	157	156	156	156	154	155	153	152	149	146	145	145	141	142	145	145	144	142	143	142	144	144	145	145	145	146	145	145	145	145	144	145	145	144	141	140	140	140	141	141	139	138	137	135	135	134	134	133	126	125	129	129	129	130	128	128	127	125	124	123	123	118	112	106	100	93	85	77	71	66	59	54	51	47	42	41	39	38	38	37	44	51	59	67	76	84	91	98	107	118	126	134	141	147	146	143	142	142	140	136	128	123	121	56	43	161	152	156	165	165	166	166	166	167	167	167	167	167	168	169	169	169	170	170	169	169	169	169	169	169	169	169	169	170	169	170	170	171	170	170	160	174	161	174	173	174	173	174
133	134	135	136	136	139	142	146	151	153	154	154	155	155	156	156	157	158	158	158	159	158	160	160	160	162	162	162	163	163	164	165	163	164	165	165	164	164	165	165	163	165	165	163	162	162	161	160	159	159	159	160	159	160	158	157	157	156	154	153	155	153	153	152	151	151	147	143	142	141	139	138	136	138	139	137	137	136	135	133	130	125	121	123	123	125	125	126	127	128	127	127	129	130	132	134	136	137	137	138	136	137	131	130	126	117	96	75	68	62	59	54	52	48	41	39	38	37	37	37	43	51	58	66	74	82	89	97	106	116	125	130	141	150	150	150	150	149	149	148	147	147	145	142	140	139	139	140	140	140	138	137	136	135	132	128	122	48	58	160	155	162	170	170	170	171	171	171	171	172	172	171	172	173	173	173	174	174	174	174	174	174	174	174	173	173	173	173	173	174	175	174	174	174	163	177	166	178	177	177	176	176
147	147	146	145	145	144	143	142	142	142	144	146	148	151	154	158	159	160	160	162	163	164	164	166	166	167	168	168	168	169	169	169	169	169	169	169	169	169	170	169	170	170	171	170	170	169	169	169	167	168	165	164	163	163	160	159	158	157	156	154	153	151	151	149	147	143	139	135	129	130	128	126	123	118	113	113	114	114	116	116	118	115	96	119	127	129	131	132	134	135	136	137	138	138	139	140	141	141	141	142	143	144	136	134	126	117	72	28	37	60	70	78	85	92	101	114	123	130	138	147	148	148	148	148	149	149	149	149	147	144	143	142	144	144	144	145	145	145	145	145	145	146	147	147	147	147	147	147	148	149	146	146	145	144	140	137	131	45	78	166	162	169	174	174	174	174	174	175	175	175	175	175	176	175	176	177	178	178	178	178	178	178	178	177	176	176	176	177	177	178	178	178	177	177	167	173	172	180	179	179	179	178
156	155	154	154	153	153	152	152	151	151	151	151	150	150	149	147	148	150	153	156	158	161	161	166	168	170	171	173	174	174	175	175	176	177	178	178	177	176	176	176	176	175	175	176	175	174	174	173	172	171	171	169	166	163	159	155	151	146	143	141	140	138	135	132	129	110	123	127	113	126	128	129	129	129	129	129	128	128	128	128	128	118	114	129	133	135	136	138	139	140	141	142	142	143	144	145	146	146	147	148	149	149	141	139	130	121	67	34	46	125	128	136	139	140	139	139	139	140	141	141	143	143	144	145	145	146	147	148	148	149	148	149	151	152	152	152	153	153	154	155	155	154	153	153	152	154	155	155	153	155	150	150	150	150	145	143	134	41	95	169	167	174	177	177	177	177	178	178	178	178	178	179	178	178	179	180	180	181	181	181	181	181	180	179	179	179	178	179	179	180	180	180	179	178	172	169	178	182	181	182	182	182
164	163	162	162	161	160	159	159	158	157	157	157	156	156	156	156	155	155	155	156	157	157	157	158	160	162	164	166	169	172	175	178	178	179	180	180	180	179	176	172	171	169	166	163	159	158	158	154	152	152	150	148	145	143	141	139	135	127	122	119	113	104	95	87	80	121	131	136	122	135	135	135	135	135	135	135	135	135	135	135	135	116	126	137	140	141	142	143	144	145	146	148	148	149	149	150	150	151	152	153	154	154	141	144	134	123	66	40	49	127	129	134	138	140	151	144	147	148	149	150	150	150	153	156	156	156	155	155	156	159	159	160	159	158	158	159	161	162	161	159	159	159	161	163	163	161	158	157	156	159	158	159	158	156	152	150	128	46	112	170	172	179	179	179	180	180	180	180	179	179	179	180	180	180	180	181	181	181	181	181	181	181	181	180	179	180	180	181	181	182	181	182	182	180	176	170	185	184	184	184	185	186
174	172	171	170	169	168	167	166	165	164	164	163	162	162	161	161	160	160	160	161	162	161	162	162	162	163	163	162	160	158	156	140	109	126	149	150	150	148	146	145	143	139	133	127	122	117	109	100	93	86	79	73	70	65	59	55	52	52	55	59	65	72	75	80	85	127	136	140	128	139	140	140	140	140	141	141	140	140	140	140	140	121	130	141	145	146	146	147	149	150	151	152	153	154	154	155	156	156	157	157	157	158	149	148	139	149	126	119	141	155	142	141	146	152	174	155	154	155	158	162	163	164	162	160	161	165	168	169	169	166	165	166	169	170	171	169	166	166	166	167	169	169	167	165	164	164	164	165	164	165	157	157	156	156	153	153	121	50	129	171	175	182	183	183	183	182	179	167	160	154	148	142	136	132	126	120	115	108	102	97	94	91	86	81	76	71	65	63	153	184	189	189	190	186	185	182	193	193	193	193	192	192
183	184	181	179	178	177	175	174	173	172	171	170	169	168	167	167	166	166	166	166	166	166	166	166	166	166	166	165	164	162	160	150	118	129	148	138	125	96	42	39	41	47	55	62	70	75	83	89	97	106	112	118	121	128	135	140	145	147	146	142	140	137	136	134	132	132	138	147	133	144	146	146	146	146	146	146	146	145	145	145	146	134	129	144	149	150	150	151	152	154	155	156	157	158	159	159	160	160	160	161	162	163	154	150	142	126	139	127	151	134	155	166	173	169	179	164	165	167	166	165	165	169	172	173	173	170	168	169	171	174	173	174	170	169	169	170	172	173	172	169	168	168	168	170	171	170	169	166	164	168	162	162	164	163	159	155	109	56	149	175	177	187	186	185	184	181	115	51	79	95	103	110	117	124	131	136	145	151	157	161	167	172	177	183	189	192	83	58	176	191	197	197	197	192	197	193	202	202	202	201	200	200
84	95	100	110	120	124	131	145	159	173	178	174	175	174	174	173	173	172	171	170	171	170	170	170	170	170	170	169	168	167	165	159	132	141	154	145	132	103	37	73	131	142	143	143	145	144	145	145	143	142	140	140	139	139	141	142	144	145	146	147	151	153	155	161	149	140	144	151	141	150	150	150	150	150	150	150	150	150	150	150	151	141	133	148	153	154	154	155	156	157	159	160	161	162	162	163	163	164	164	165	165	166	158	154	140	133	141	131	151	121	124	130	131	146	158	155	165	178	175	175	175	173	172	173	177	178	179	178	176	174	173	175	178	178	177	175	172	172	172	172	175	176	175	174	172	172	172	171	170	172	169	168	166	164	160	156	96	62	172	179	185	193	193	192	191	186	101	56	185	196	194	199	199	200	201	201	192	196	203	205	208	208	209	202	203	202	69	67	196	201	205	205	205	195	206	202	209	208	208	207	206	206
89	74	75	80	50	48	39	29	29	29	64	149	143	154	182	179	178	178	177	175	175	175	174	175	174	174	174	173	172	172	170	167	137	146	160	153	142	118	42	58	131	139	148	156	157	159	161	165	166	170	169	170	170	174	176	176	175	175	176	177	176	172	169	173	164	147	146	155	145	154	154	154	154	154	154	154	154	154	153	153	154	141	136	151	156	157	157	158	159	161	162	163	163	164	165	165	166	166	167	167	169	170	161	156	136	136	141	133	146	120	123	127	129	131	124	105	129	148	161	158	176	182	179	172	173	176	176	179	182	181	179	180	177	177	178	179	182	182	182	180	177	176	176	177	178	181	182	181	178	176	172	171	170	168	165	162	89	62	194	185	191	199	198	197	197	190	89	68	201	202	201	209	210	210	208	204	183	192	206	211	212	212	213	201	209	199	55	88	205	209	210	210	209	196	212	207	212	212	211	211	210	210
200	198	198	194	177	168	130	115	96	83	91	142	114	135	189	185	184	183	182	181	180	180	179	179	179	178	178	177	177	176	176	174	145	157	167	162	152	133	49	67	116	130	147	157	159	163	164	162	159	159	160	160	160	157	155	154	154	155	156	154	152	150	150	157	149	151	150	159	147	157	157	157	158	157	157	157	157	157	157	157	158	148	141	155	158	158	159	160	161	163	164	165	165	167	167	168	168	169	170	170	172	172	164	157	134	138	139	136	139	118	120	122	125	127	126	108	113	117	119	108	135	152	160	163	183	182	173	173	181	182	182	185	188	188	187	185	183	181	181	181	183	185	186	187	186	184	182	181	182	177	178	179	178	175	169	161	81	76	204	190	197	204	203	202	201	191	73	88	206	208	204	212	213	208	207	203	203	203	206	209	210	215	216	203	213	181	55	110	209	211	212	212	212	196	218	209	214	213	207	190	206	204
197	197	202	200	201	200	169	158	150	153	152	152	151	127	186	184	173	183	183	182	178	176	176	174	172	171	170	168	173	189	182	179	151	158	176	173	139	83	60	50	42	33	41	47	62	89	120	139	151	159	159	158	158	158	159	160	161	162	161	161	160	160	161	167	158	155	154	162	150	160	160	161	161	160	160	160	160	159	159	159	160	151	144	157	160	160	160	161	162	163	164	166	168	169	170	171	171	172	172	173	175	175	166	158	133	139	139	138	135	116	117	119	121	122	126	128	129	125	115	128	131	131	113	109	127	146	150	173	196	192	190	188	186	186	186	187	189	189	189	188	186	185	186	187	187	187	189	189	191	183	184	181	179	175	170	163	71	97	206	193	199	205	206	206	205	187	60	110	212	210	208	215	215	211	207	205	207	208	207	207	213	217	217	207	215	158	54	136	212	215	215	215	214	200	219	211	215	214	201	200	218	194
205	202	206	206	205	204	175	162	152	152	150	150	149	141	182	180	162	176	176	176	175	174	173	172	171	170	169	168	169	210	215	211	203	198	198	195	184	135	111	118	121	123	116	57	48	51	51	54	39	62	113	156	166	168	169	169	167	166	166	166	168	170	170	172	165	159	156	164	154	162	164	164	164	164	164	164	163	163	163	163	163	153	147	162	165	164	164	165	166	168	170	171	173	175	176	177	178	179	180	181	182	183	176	163	132	138	139	137	132	115	115	117	118	120	122	123	125	126	126	127	128	130	135	131	120	113	124	134	164	152	169	188	191	191	190	189	188	187	188	188	189	192	193	194	194	194	191	189	192	187	187	185	184	180	176	168	61	122	206	197	205	210	210	209	209	171	59	135	214	213	207	212	208	209	213	214	214	215	214	210	209	214	212	215	217	133	55	162	214	218	218	218	217	204	219	214	218	216	192	215	220	214
186	186	186	187	188	190	179	167	154	154	153	151	151	143	187	178	166	179	178	177	176	175	174	173	172	171	170	169	170	189	196	196	203	209	213	213	204	209	208	187	191	193	205	134	90	58	41	30	42	17	15	49	143	182	181	181	178	179	178	177	176	173	172	169	164	182	121	102	108	114	118	124	130	135	140	144	148	153	157	161	165	163	156	165	167	167	168	170	173	175	177	179	181	183	184	185	186	187	189	171	153	132	120	122	125	138	138	134	130	112	113	115	117	117	119	120	122	123	123	123	124	126	128	130	130	129	125	140	146	123	124	122	137	156	178	192	195	195	196	197	197	197	195	195	194	194	192	191	190	188	189	187	185	179	173	151	60	156	209	200	211	214	214	213	212	155	57	152	205	201	198	195	192	188	184	180	178	173	171	168	164	162	159	155	149	91	54	188	218	219	219	219	218	207	218	215	219	216	189	222	218	211
125	126	131	137	139	135	143	148	152	156	154	147	141	138	195	174	168	179	178	177	177	175	174	174	172	171	170	169	169	158	147	184	165	128	104	94	120	162	196	196	197	185	205	171	129	87	64	29	32	46	48	81	128	168	165	166	158	167	174	179	181	187	190	191	219	187	82	44	42	43	44	45	48	49	51	55	62	72	114	116	81	75	79	84	89	91	92	94	94	95	98	101	103	141	183	191	192	192	155	109	100	100	64	46	101	137	137	136	125	109	111	113	115	115	116	118	119	120	120	121	121	122	123	124	126	124	123	145	133	117	118	118	117	116	113	120	139	161	188	196	195	194	193	193	192	192	192	192	193	191	189	187	185	179	172	135	64	168	208	206	217	216	216	214	212	144	70	73	75	78	83	88	94	96	101	104	109	109	109	106	105	103	102	106	108	110	121	214	220	220	220	220	218	210	216	217	220	216	193	221	221	221
158	167	134	144	136	141	131	121	142	158	156	150	119	90	204	170	169	179	179	178	177	176	175	174	173	172	171	170	169	163	131	167	143	113	92	92	98	110	116	103	96	88	136	186	177	168	141	101	80	121	159	173	176	174	170	174	177	175	179	186	193	199	197	178	148	168	81	45	43	46	48	50	52	54	56	58	147	157	175	187	184	168	105	85	87	87	89	89	87	85	82	79	52	119	181	195	195	197	197	189	176	163	138	55	102	138	138	139	118	109	110	112	113	113	114	116	116	117	117	118	119	119	120	121	122	122	122	149	119	117	178	166	157	141	111	110	108	107	166	201	202	203	203	203	202	201	200	198	198	196	195	193	190	183	177	127	62	180	206	209	218	217	216	215	206	168	193	195	194	195	195	195	195	194	194	194	195	197	200	205	210	214	217	218	218	221	153	214	219	221	222	222	219	215	215	220	221	219	197	187	184	184
132	139	140	164	164	167	159	151	155	141	122	126	98	74	210	169	170	180	179	178	178	176	176	175	174	173	172	171	169	131	47	46	36	34	29	20	15	11	18	23	49	89	87	67	89	99	65	71	81	123	113	126	122	137	142	156	87	110	149	157	158	143	149	139	101	141	81	49	52	55	58	62	64	66	67	67	154	171	180	190	196	187	159	86	73	72	72	71	71	70	69	68	50	123	185	198	199	200	201	202	203	200	166	92	112	138	139	142	112	107	109	110	112	112	113	113	115	115	115	116	117	117	116	117	119	119	119	151	81	81	198	173	131	165	130	106	105	105	185	198	201	207	207	207	207	207	206	205	205	205	204	202	194	183	181	111	65	199	196	208	218	217	216	215	180	179	216	216	216	215	214	213	213	214	213	212	213	213	213	210	192	188	213	216	217	218	154	215	220	222	222	222	217	218	213	221	221	214	208	211	212	213
148	145	147	155	154	143	144	135	126	104	111	104	77	64	209	171	172	180	179	179	178	177	176	175	174	173	172	171	170	152	96	104	106	108	92	80	78	71	67	68	49	63	51	75	92	80	77	38	73	84	97	66	29	22	67	144	115	37	77	118	141	151	114	143	132	141	77	52	57	62	66	70	74	76	78	79	173	206	214	217	196	162	118	142	76	65	64	63	62	62	62	62	48	126	187	201	201	202	203	204	205	201	107	66	112	139	140	145	106	107	108	108	109	110	110	111	112	113	114	114	115	115	114	115	116	115	113	151	53	38	148	205	148	135	172	126	133	119	66	52	63	121	208	214	213	213	212	211	210	208	207	204	200	194	183	96	71	215	206	209	219	218	217	215	165	193	215	215	202	160	143	120	132	155	169	192	171	158	135	114	115	100	212	215	215	204	164	215	220	221	221	221	214	221	212	220	219	195	218	215	202	208
174	180	157	167	166	169	121	98	115	142	153	80	65	66	203	173	171	180	179	179	178	177	176	176	174	174	173	172	171	150	56	65	72	76	83	75	77	105	126	133	137	204	202	198	197	95	92	120	97	101	105	95	100	47	17	45	119	146	94	26	67	104	134	117	133	155	81	50	54	58	61	64	67	70	73	75	188	222	225	218	199	139	143	181	80	69	66	63	61	59	58	58	45	126	188	202	202	203	204	205	206	199	84	44	118	140	138	147	103	105	105	106	107	107	107	108	109	110	111	112	112	113	112	112	113	111	97	118	44	11	71	224	152	152	153	106	128	103	115	102	128	139	108	117	170	187	191	190	194	189	187	183	180	173	161	79	87	217	204	209	218	216	214	213	150	207	214	214	194	155	163	147	127	131	127	119	109	102	101	106	118	142	215	213	214	183	183	214	220	220	220	220	211	221	211	218	215	190	219	216	219	219
128	131	133	143	137	143	107	70	133	135	138	151	130	84	198	176	172	180	180	179	178	177	176	175	175	174	173	173	171	159	62	36	20	10	8	31	32	44	50	59	58	78	103	173	169	141	98	101	82	88	114	137	94	108	73	22	24	90	135	75	26	62	84	116	125	122	79	45	47	50	52	55	57	59	62	65	183	196	202	219	219	192	181	219	88	71	68	65	61	58	55	52	43	126	188	202	202	203	204	205	206	206	169	39	125	141	134	147	101	102	102	102	102	102	103	103	104	105	106	108	108	109	97	90	68	46	25	21	26	2	30	210	188	174	136	119	126	99	111	86	127	131	161	95	135	184	196	197	199	199	199	199	192	182	167	68	104	215	202	209	217	214	214	212	141	214	211	212	170	120	126	130	129	129	133	138	137	126	126	126	122	140	213	212	212	163	199	213	218	219	219	219	209	220	210	217	214	190	216	212	210	210
84	87	90	85	68	54	52	51	52	55	120	143	118	87	195	180	173	178	180	179	178	177	177	176	175	175	174	173	172	170	101	94	98	115	105	88	55	46	43	43	21	18	18	96	61	81	67	63	81	49	24	91	110	85	100	96	42	15	69	128	60	14	49	69	88	80	76	41	40	41	43	45	46	48	49	51	183	200	180	158	180	198	200	190	63	49	45	42	40	39	38	36	38	125	185	201	202	202	203	204	206	193	180	79	129	141	132	146	99	99	98	97	97	96	97	96	95	94	93	94	96	74	67	49	31	21	23	23	87	124	123	129	136	141	143	151	159	120	109	110	139	156	166	134	107	133	201	210	209	206	197	164	163	155	156	55	120	213	200	211	216	215	214	210	140	211	209	209	159	127	127	132	134	135	138	130	122	124	119	115	108	144	211	211	211	151	209	214	217	218	218	217	206	218	209	216	211	191	214	214	213	211
147	142	141	134	130	121	99	90	86	82	78	75	90	93	197	183	173	173	179	180	179	178	178	177	178	177	176	175	174	179	143	147	153	158	163	164	160	155	152	150	148	139	137	152	150	140	140	147	140	112	89	96	112	94	105	103	107	67	32	66	134	117	38	84	59	72	46	51	43	41	53	57	56	92	68	75	101	88	72	62	53	72	80	74	39	35	33	30	29	28	27	45	35	106	178	198	201	202	203	200	200	139	84	65	130	140	131	142	95	95	93	92	90	89	86	82	81	76	69	56	39	36	38	22	21	24	20	24	68	91	90	85	58	73	74	71	67	43	61	93	102	105	100	98	89	119	103	170	160	169	127	99	119	89	76	43	130	210	198	213	216	215	214	208	142	208	207	208	168	151	154	156	158	158	158	165	167	162	160	157	153	174	210	209	209	149	210	214	217	217	218	216	207	214	209	215	211	182	178	177	179	179
221	221	223	224	224	224	225	225	225	226	226	225	223	221	223	185	175	88	45	44	50	78	73	56	48	51	52	55	56	54	39	39	38	38	37	36	33	35	35	36	38	39	41	43	47	49	52	55	57	60	63	73	93	91	95	96	94	104	105	94	92	90	102	115	107	108	108	107	106	98	96	102	103	136	137	123	102	92	83	89	84	87	90	97	73	93	111	107	103	111	101	97	93	118	171	195	198	199	199	184	174	166	75	56	130	140	132	137	90	89	86	83	81	78	76	70	64	52	35	21	17	24	27	21	23	22	17	25	74	79	79	78	77	75	74	71	40	45	68	99	103	120	133	129	117	113	118	105	88	108	94	56	75	105	99	89	150	211	203	219	210	217	215	206	143	207	206	206	206	206	207	207	208	208	208	208	208	208	208	208	208	208	208	208	208	147	210	215	216	216	216	214	207	209	210	213	213	213	213	212	212	211
222	222	223	224	224	224	225	225	225	225	224	224	223	223	223	187	177	103	49	45	45	43	42	40	39	38	38	39	39	39	39	40	39	40	39	39	39	39	38	37	37	36	35	34	32	30	29	27	26	24	22	32	57	17	16	15	15	14	14	14	14	14	14	14	13	12	11	11	11	11	11	11	10	14	106	68	53	46	34	37	30	26	30	39	41	66	105	105	103	129	111	108	126	149	178	190	195	195	197	182	169	156	95	67	129	140	132	130	84	82	78	76	74	69	62	52	42	23	10	7	8	17	24	22	20	21	17	28	84	83	80	77	74	70	65	59	27	44	45	46	47	48	49	49	49	49	49	48	42	36	78	94	77	98	69	68	95	129	125	115	148	126	201	202	148	161	160	159	159	159	156	111	105	104	155	156	156	156	156	156	156	156	154	153	154	162	213	216	216	216	215	213	177	164	210	213	213	212	212	211	210	210
222	222	222	222	223	223	223	224	223	223	223	223	221	221	221	190	169	112	47	47	46	46	46	45	44	44	43	41	41	41	42	42	42	42	43	44	43	43	42	41	40	40	39	38	36	33	32	30	29	27	26	35	63	20	20	15	69	90	94	81	85	81	81	83	78	73	39	33	32	32	31	30	18	85	159	141	134	130	126	121	116	108	107	114	111	111	118	120	117	124	122	130	140	172	178	187	193	195	196	190	166	155	146	75	129	140	133	126	82	80	74	68	62	55	46	36	21	7	7	4	5	12	20	31	30	24	16	40	84	82	78	74	71	67	63	55	24	41	42	43	43	44	44	45	46	48	50	52	39	32	37	44	36	44	38	23	67	82	69	141	178	133	193	190	190	190	189	189	187	186	176	143	135	152	187	190	193	194	194	194	193	193	193	192	187	155	148	145	145	188	189	187	167	150	185	188	189	188	188	188	187	185
221	221	222	221	222	222	222	222	222	221	221	221	220	219	219	173	125	120	58	57	51	47	69	67	67	64	60	66	88	82	98	85	65	75	67	73	77	63	48	47	46	45	44	42	41	39	37	35	34	31	28	37	68	21	20	17	56	147	191	191	191	190	189	188	188	189	128	58	36	32	31	30	23	134	212	214	212	213	212	212	213	213	211	212	211	212	213	212	212	212	212	211	198	165	174	181	190	194	197	199	199	198	129	103	128	139	129	137	92	74	66	57	49	42	33	19	8	5	5	2	3	8	19	27	27	21	18	47	80	78	73	73	72	71	67	47	35	40	41	41	42	42	43	45	46	48	51	53	33	45	44	44	45	47	48	42	83	79	64	87	113	132	202	200	204	207	207	208	209	208	206	207	203	200	205	211	216	215	214	213	212	210	203	207	190	103	52	52	91	183	196	197	184	165	201	207	210	210	210	210	209	210
219	220	220	219	220	219	219	219	219	219	219	219	218	217	215	185	155	155	146	152	152	136	168	172	159	152	161	173	161	164	168	155	158	172	180	180	178	180	175	125	95	74	65	57	47	44	40	39	37	34	26	32	61	17	15	14	57	122	194	192	193	193	192	192	191	192	174	167	93	26	24	22	23	141	212	214	213	215	212	212	212	213	211	213	213	213	213	213	212	213	213	212	196	137	144	153	162	169	172	175	147	72	35	101	125	133	144	142	74	67	57	47	40	32	20	10	6	5	5	1	3	6	19	20	18	20	20	53	75	72	71	72	72	73	70	37	42	40	41	41	42	44	45	46	47	49	51	53	33	134	152	152	154	156	151	137	125	129	130	109	134	173	191	191	197	202	205	206	204	202	201	197	190	197	198	195	208	211	212	212	210	208	207	204	187	105	61	59	94	178	180	172	158	179	176	174	173	171	167	167	169	167
225	226	225	224	225	225	223	222	224	225	224	224	222	220	216	153	138	141	142	142	142	143	143	143	143	143	145	145	144	145	146	146	146	147	146	146	145	141	145	157	176	182	182	203	195	182	179	156	129	115	96	65	62	18	15	13	47	109	193	193	195	195	194	193	194	194	192	192	136	24	21	20	21	148	214	215	213	215	212	213	213	214	212	214	214	214	214	214	212	213	213	212	190	155	158	168	180	186	186	187	70	7	18	59	124	132	149	128	80	73	60	48	37	28	16	9	7	6	6	4	2	5	21	17	20	21	22	56	69	67	68	68	68	67	65	32	37	38	40	41	42	44	45	46	48	49	50	50	32	169	175	175	176	177	178	162	175	162	176	184	140	183	193	193	194	196	196	198	191	169	190	197	202	194	195	191	194	200	205	205	205	205	204	198	176	143	136	129	128	165	187	186	185	188	200	198	197	197	196	196	196	196
204	205	205	205	205	204	203	202	200	196	194	194	192	190	187	146	138	139	137	136	135	136	134	133	132	132	134	132	131	129	130	129	128	128	129	128	114	143	144	169	208	213	215	214	210	192	218	221	224	222	219	204	188	165	48	31	23	114	150	182	197	195	196	195	195	195	194	194	172	27	21	20	21	156	215	215	212	213	212	213	213	213	211	213	213	213	214	214	213	215	214	212	186	140	126	105	100	177	167	174	57	8	28	63	129	135	112	127	127	129	131	133	134	134	133	128	100	115	123	123	122	119	119	116	114	113	111	117	116	91	113	114	113	154	135	124	125	136	144	143	142	140	140	140	137	134	133	131	124	194	192	192	191	194	183	196	197	163	153	161	149	139	162	178	187	188	185	177	191	148	191	194	192	199	190	206	203	196	201	201	205	208	210	208	201	194	189	164	187	195	179	164	179	190	196	196	196	196	197	199	199	197
188	188	188	188	188	187	188	188	189	189	191	192	193	194	193	152	138	138	137	137	136	137	136	133	133	133	133	132	129	130	129	129	129	128	128	126	113	149	155	128	61	87	117	143	139	167	190	181	175	174	162	189	182	116	87	73	95	145	142	59	140	190	187	188	182	172	166	161	151	31	19	21	25	98	136	147	148	144	152	140	143	146	147	149	150	160	152	156	156	159	159	161	148	111	105	57	55	157	132	128	69	52	63	81	134	135	106	100	101	104	105	105	108	110	110	110	88	111	116	119	121	121	123	124	125	126	125	125	127	92	125	122	133	172	144	145	150	168	173	174	174	175	174	178	175	175	175	176	177	180	175	176	174	176	177	183	174	135	141	145	146	146	143	145	152	153	154	157	165	101	181	189	181	187	191	195	197	196	192	177	175	175	174	173	173	171	169	190	193	196	197	190	148	185	185	193	190	179	185	194	193	188
208	208	208	207	207	206	205	205	203	201	199	198	195	195	194	156	138	139	137	138	137	136	135	133	134	133	134	132	131	129	129	129	128	129	127	126	115	150	151	102	28	46	68	71	77	82	78	65	57	64	51	46	52	67	84	98	145	132	94	99	64	35	37	31	31	30	62	174	110	147	56	45	41	34	50	57	68	74	72	91	95	61	15	87	55	26	36	49	55	26	43	50	65	70	75	46	89	136	137	122	101	84	77	82	137	135	106	104	103	103	103	104	106	106	104	106	81	106	109	112	114	111	112	113	113	113	111	108	107	77	101	93	138	167	149	149	153	173	176	172	165	168	167	167	166	166	166	166	165	172	166	165	165	165	162	169	145	106	115	118	119	120	121	123	124	120	124	126	151	168	180	185	186	190	183	179	173	187	195	199	204	199	182	175	201	190	205	206	206	207	206	189	116	159	156	166	168	178	162	162	162	165
204	203	203	203	203	202	201	199	196	194	192	191	190	189	189	156	137	139	137	139	137	137	135	135	133	133	132	130	132	131	130	128	128	129	127	127	114	149	137	101	53	84	89	49	33	25	12	12	11	12	11	10	33	120	57	75	145	107	26	37	4	12	29	41	42	44	40	52	62	78	106	149	150	134	149	165	178	136	71	69	69	52	43	163	88	29	47	62	59	54	43	66	77	69	48	72	97	95	117	90	105	69	61	75	138	136	103	104	104	105	105	105	107	106	103	106	80	107	109	114	114	113	115	116	115	114	114	109	98	82	97	94	162	163	153	150	154	179	181	169	155	152	150	149	153	148	153	154	157	175	169	171	171	170	171	178	130	85	93	96	97	99	95	97	97	88	107	152	61	163	175	169	175	159	149	189	219	230	229	217	163	109	84	133	128	145	144	139	153	150	147	139	106	157	128	148	185	186	183	178	174	167
200	199	199	198	198	197	196	195	193	193	190	188	186	185	184	157	138	140	137	137	136	134	133	133	133	132	130	131	130	130	129	129	127	129	128	128	116	146	130	108	81	140	76	44	44	24	2	3	3	3	3	3	27	150	112	74	157	110	19	124	173	170	171	187	172	170	164	165	156	101	85	76	81	82	86	87	92	90	93	98	101	100	108	102	101	105	109	126	110	110	118	135	144	160	154	162	174	189	172	102	86	52	43	81	138	136	99	101	103	103	102	101	99	101	98	95	71	97	101	103	106	106	105	108	106	109	105	101	80	81	89	89	186	161	156	154	161	183	184	168	160	158	154	155	158	162	150	154	161	173	171	169	169	167	168	179	139	123	131	133	131	128	110	91	93	70	123	151	105	112	164	167	190	168	140	137	129	151	201	200	179	116	112	76	180	226	227	227	226	221	194	117	85	129	117	148	183	186	187	179	151	159
176	135	129	123	120	113	107	103	100	95	131	185	184	183	183	159	138	138	136	137	135	134	132	132	133	130	132	132	131	130	130	128	128	128	128	127	117	143	123	115	73	151	94	49	46	11	2	2	3	3	3	4	23	75	37	37	90	155	109	160	173	170	167	169	164	158	150	140	123	106	95	70	78	79	81	80	78	76	73	72	68	66	64	63	62	61	59	57	55	51	46	64	70	77	86	90	101	112	82	49	33	33	31	84	139	136	91	106	107	116	147	154	154	152	148	141	126	134	135	131	126	126	128	124	118	111	103	95	59	71	74	91	164	161	165	169	173	177	181	184	186	186	185	183	181	180	180	179	180	177	176	175	174	172	171	181	113	108	117	122	124	127	98	91	93	71	130	133	75	129	164	168	38	123	201	163	105	101	170	196	180	125	135	114	67	71	77	84	88	85	83	105	93	134	132	154	163	153	134	141	162	164
160	89	87	87	85	82	79	81	86	82	94	157	182	182	182	162	135	135	135	136	135	133	133	132	131	130	132	132	131	131	131	128	129	127	126	126	117	140	124	118	22	83	72	45	36	19	29	43	56	71	86	101	114	134	146	146	131	105	90	75	62	48	38	27	19	12	7	5	3	2	2	2	1	3	8	9	10	10	11	11	12	13	14	15	16	17	17	18	19	20	21	26	37	37	35	32	38	52	63	61	35	33	31	90	140	136	90	108	96	104	109	114	119	126	133	139	148	150	146	145	140	140	137	139	141	143	144	147	151	156	153	150	59	60	65	63	62	63	62	58	58	60	65	68	73	75	80	83	87	90	93	97	102	107	111	118	72	72	79	82	88	93	86	93	94	74	133	121	114	100	101	167	58	19	62	186	115	92	120	186	190	124	135	139	95	69	58	75	97	112	124	106	119	149	135	149	146	120	144	150	152	154
123	80	83	84	80	78	75	76	81	81	79	131	175	179	179	165	132	134	133	134	133	134	133	132	132	131	132	130	130	130	129	129	127	126	126	126	120	139	128	123	106	127	131	131	126	127	131	132	132	123	116	119	121	123	129	129	80	7	3	4	3	3	2	2	2	2	2	1	2	2	2	2	1	4	7	8	10	10	11	12	13	14	15	16	17	18	19	20	21	23	23	31	24	24	23	12	31	52	48	69	44	33	31	96	141	134	84	95	92	94	94	93	86	84	80	78	73	72	75	77	81	84	87	90	92	95	98	100	101	101	102	117	45	27	49	65	75	81	85	85	82	81	81	80	81	80	81	80	80	79	80	81	84	85	89	89	89	88	87	88	91	97	96	99	98	82	137	158	111	99	93	121	92	20	29	81	127	96	102	147	193	182	180	176	188	178	166	172	182	166	177	156	101	91	57	60	75	71	62	60	57	63
153	94	82	83	78	74	71	72	78	78	74	110	165	177	177	169	130	134	135	134	133	133	132	131	132	132	130	131	130	129	130	129	129	128	126	126	121	137	131	130	43	82	131	133	134	130	123	117	111	115	121	120	124	127	129	124	115	6	3	3	3	3	2	2	1	2	2	2	1	2	1	1	1	3	8	7	9	10	11	12	14	15	16	17	18	19	20	23	37	38	33	41	44	44	39	31	36	54	61	71	35	35	32	103	143	127	79	102	158	155	146	137	122	110	99	94	84	82	85	85	81	81	84	82	80	79	82	82	86	83	80	72	38	23	48	54	69	77	82	86	88	91	90	90	92	90	91	92	92	91	93	93	96	98	98	99	100	98	98	99	98	98	99	101	102	83	140	133	109	103	95	96	130	24	27	88	136	99	103	107	174	166	159	167	170	171	166	160	150	157	155	161	170	174	175	170	169	186	192	185	170	168
156	107	80	79	76	73	71	73	77	76	76	99	151	175	179	173	129	135	134	134	132	132	132	132	132	132	131	132	129	130	129	128	128	127	125	127	121	136	134	134	54	90	142	124	126	132	140	148	153	156	158	158	156	154	153	151	120	24	21	24	10	3	2	1	2	1	1	1	1	1	1	1	1	3	8	7	7	10	11	12	14	15	17	18	19	20	22	21	22	28	26	18	38	37	26	9	37	46	67	62	20	27	33	110	144	118	82	115	172	183	180	176	172	169	165	164	165	160	155	150	144	136	132	130	126	115	121	96	92	98	96	74	41	30	58	61	66	76	83	85	87	92	93	95	95	98	98	99	98	99	99	99	98	99	99	101	100	100	99	99	98	99	97	101	99	95	145	126	101	98	92	85	140	22	23	127	149	105	100	99	124	168	22	21	24	54	113	119	120	118	118	116	116	115	114	115	114	115	116	117	118	118
150	117	78	77	75	68	66	67	72	75	73	88	138	173	180	176	131	134	135	132	132	133	134	131	133	130	130	130	130	131	129	128	127	128	126	125	124	135	137	137	58	91	152	152	152	153	153	153	153	152	152	153	153	152	152	151	121	33	30	25	14	3	2	1	1	1	1	1	1	1	1	1	1	2	7	8	6	9	11	12	13	15	17	19	34	41	39	9	30	32	27	23	29	27	26	24	25	23	63	61	16	7	27	116	143	116	116	164	184	194	187	182	179	176	175	174	174	174	173	173	171	167	159	146	132	120	152	181	130	119	111	78	39	36	59	62	72	78	87	89	92	94	94	95	93	97	100	97	100	98	99	98	98	100	99	101	99	100	100	101	99	99	99	99	83	112	150	144	91	91	82	79	115	71	33	163	168	135	107	94	105	138	68	16	15	67	151	125	127	132	139	145	148	147	147	147	147	146	145	143	142	139
148	137	75	72	74	68	65	67	68	73	73	76	125	170	175	170	130	134	134	133	132	132	133	132	131	130	130	130	130	130	129	129	128	128	125	128	124	134	139	139	62	92	153	155	155	154	154	154	149	144	147	149	150	150	146	134	136	32	18	11	10	7	1	0	1	0	0	0	0	1	1	1	1	1	2	2	2	2	2	3	3	8	24	49	68	77	78	33	19	55	46	58	64	59	55	49	44	40	65	53	15	3	28	123	144	107	189	195	172	157	149	145	147	148	145	148	149	146	144	144	149	152	153	148	131	101	111	119	158	157	157	80	37	38	61	65	73	82	90	90	92	95	96	96	96	97	98	96	98	99	97	97	100	100	98	101	101	102	102	99	100	101	99	100	71	129	157	153	94	92	93	84	94	141	111	173	171	165	125	97	112	111	97	17	15	102	164	156	152	148	144	140	138	138	138	138	136	133	129	125	126	127
152	149	77	71	72	65	61	63	64	69	69	68	118	98	59	97	131	134	132	132	132	132	131	131	130	130	131	129	130	129	128	128	128	126	126	127	126	133	140	140	63	85	147	149	150	149	138	128	127	127	126	129	129	128	131	140	144	12	1	1	1	1	1	1	1	0	0	0	0	0	1	1	1	1	1	1	1	1	1	2	3	5	16	36	48	52	45	30	9	15	18	25	29	31	36	38	43	44	67	50	16	3	29	130	144	151	186	176	166	158	156	159	161	163	165	167	172	174	179	182	189	190	102	58	70	82	90	96	105	103	143	92	34	38	61	64	77	85	91	91	95	96	97	98	97	100	99	98	98	100	97	98	99	100	98	101	101	101	103	101	99	101	100	101	71	134	161	160	109	90	92	90	100	133	157	176	169	168	160	128	110	113	129	25	15	124	163	163	163	164	164	164	164	165	168	169	171	175	179	181	183	181
141	147	85	66	69	63	61	60	60	67	66	64	104	114	140	160	133	135	132	132	130	132	130	130	129	129	128	128	127	126	129	128	128	126	125	127	125	133	141	141	61	77	153	130	130	134	143	152	159	163	161	156	153	151	150	148	145	10	1	2	1	1	0	0	0	0	0	0	0	0	1	1	2	1	2	1	2	2	3	7	10	6	4	11	8	12	19	18	15	13	9	6	6	6	6	6	7	8	57	52	15	2	32	133	144	90	93	94	66	64	54	50	44	42	40	39	38	39	40	40	45	53	40	42	43	48	52	51	51	51	55	45	37	48	60	64	77	82	88	91	93	97	98	100	101	101	101	99	100	99	99	100	99	100	100	101	104	101	102	101	101	102	102	102	75	138	161	172	169	164	163	155	154	165	162	157	177	160	143	135	123	115	106	57	16	137	161	162	163	163	163	163	164	165	165	166	166	166	166	166	166	165
145	142	106	65	64	62	60	60	60	64	65	61	49	39	44	97	134	134	132	132	131	131	129	129	128	128	127	127	126	126	127	127	126	126	126	125	124	132	141	140	63	77	153	158	158	158	158	157	156	156	155	154	152	151	148	139	126	7	2	2	1	1	0	0	0	0	0	0	0	1	11	1	11	18	14	8	4	15	24	14	13	3	2	4	6	21	27	34	33	32	31	5	4	8	20	6	8	13	57	50	17	1	29	134	143	88	95	108	126	131	112	96	87	76	66	73	96	88	84	79	73	69	62	49	48	52	56	62	60	60	68	52	31	51	61	66	75	82	87	90	91	91	95	96	99	96	101	100	100	100	100	100	100	101	102	100	103	103	101	101	100	102	103	103	79	140	156	168	182	207	206	206	201	196	192	148	99	104	95	95	103	103	108	116	24	118	155	159	160	161	161	160	159	159	159	159	156	158	164	165	165	166
107	114	82	34	58	63	63	65	66	68	72	65	30	28	43	62	137	134	132	131	127	127	128	128	128	126	125	126	126	126	125	126	127	126	125	126	123	130	140	140	65	78	154	158	159	159	158	157	149	145	143	140	125	111	101	108	116	7	3	5	3	3	0	0	0	0	0	0	0	1	4	5	7	9	11	18	33	38	29	6	2	1	3	5	7	7	7	8	9	19	17	19	21	31	31	33	43	1	45	53	17	1	31	134	142	84	93	123	164	158	163	164	164	164	166	168	167	166	165	165	163	162	161	133	112	106	96	89	85	78	68	57	29	54	62	66	76	85	88	93	93	94	95	98	97	103	101	100	102	102	100	103	103	102	102	103	102	102	101	101	103	102	104	105	80	143	153	161	170	178	161	164	163	126	105	158	78	87	103	99	111	143	161	187	82	133	149	128	130	131	129	127	123	121	121	127	133	137	136	141	148	154
111	115	112	96	97	103	104	103	99	90	79	67	32	47	61	54	105	108	116	121	123	125	124	124	123	124	124	122	124	124	124	125	124	124	125	125	122	130	140	140	70	76	144	147	148	138	127	117	120	128	131	131	143	153	157	152	121	6	1	1	0	1	0	0	0	0	0	0	0	5	15	17	22	22	11	12	16	10	5	1	1	1	0	3	3	2	2	1	1	2	1	9	19	20	28	45	36	2	47	57	16	4	40	135	142	81	94	77	91	93	101	107	113	123	134	141	149	150	149	150	152	159	161	163	170	176	178	182	183	183	142	66	34	55	63	67	81	87	90	93	95	96	95	99	100	102	101	102	102	103	103	103	103	104	104	103	104	106	104	103	103	103	102	105	85	147	145	158	165	164	164	164	167	122	105	161	106	64	58	146	170	178	189	178	153	145	156	157	158	161	164	167	172	174	175	173	171	167	162	156	150	146
130	115	89	60	51	80	96	75	41	14	19	34	14	11	6	7	9	9	16	30	32	46	58	79	80	117	116	116	115	118	120	120	122	121	121	121	121	130	139	140	77	89	152	130	132	143	155	164	167	165	163	161	159	157	154	149	116	4	0	1	0	1	0	0	0	0	0	0	0	8	12	7	7	6	4	5	7	4	6	6	4	4	5	4	4	5	6	6	5	6	6	7	7	6	5	17	12	4	48	58	14	9	43	136	141	78	95	80	82	82	81	79	76	77	73	68	67	73	82	88	89	89	92	97	105	114	128	139	145	140	145	79	36	49	63	72	84	87	93	94	97	99	102	102	102	101	102	103	101	105	103	104	103	104	103	104	105	107	105	104	105	107	105	97	100	151	116	140	164	159	170	169	175	176	159	137	81	16	16	30	150	186	189	182	190	153	154	155	155	156	156	156	156	157	157	157	157	157	157	157	157	158
126	85	60	81	75	59	45	40	8	4	7	3	3	6	2	8	20	21	37	29	23	27	28	26	60	104	105	107	109	112	113	114	116	118	118	119	119	129	141	141	79	92	161	164	165	167	167	167	167	167	166	165	163	161	157	152	114	5	4	4	3	4	3	5	6	7	8	9	14	19	16	14	16	19	21	24	25	27	26	31	27	29	30	32	33	34	33	33	32	28	28	28	28	26	22	7	5	18	50	67	20	16	58	136	141	77	96	94	72	83	81	83	84	85	84	80	81	83	81	91	83	74	82	83	73	63	58	58	68	74	88	44	29	57	62	76	88	90	94	96	98	98	101	103	105	102	103	102	103	104	104	105	102	104	104	104	105	104	106	106	105	107	105	86	119	151	156	112	140	147	156	149	162	153	142	93	17	13	19	20	39	167	183	192	197	153	131	133	134	135	137	139	143	151	155	155	155	155	155	155	155	155
125	125	54	36	42	44	46	52	60	40	39	30	28	23	27	32	25	15	9	12	8	16	16	27	79	81	84	84	86	91	99	105	110	116	118	116	117	128	148	148	107	124	173	176	176	175	173	174	175	175	174	173	170	167	161	150	108	14	16	17	18	20	21	24	27	26	29	29	32	33	35	37	36	33	32	38	37	37	47	50	58	57	56	58	56	42	20	21	26	28	32	36	40	41	34	7	5	31	42	66	38	31	66	140	141	76	97	97	77	83	79	81	77	73	77	85	88	85	91	90	89	89	91	89	87	82	80	81	81	84	84	45	28	61	62	72	85	90	91	95	100	100	103	103	104	102	102	104	104	105	106	103	104	106	105	105	107	105	106	105	107	109	107	75	135	147	109	107	97	90	85	82	86	89	99	21	14	10	16	16	13	46	162	207	208	163	140	127	123	118	111	108	107	103	105	111	118	127	135	136	135	136
81	91	62	46	49	47	43	45	49	30	15	15	13	13	13	8	7	5	5	22	41	13	16	33	76	77	78	79	80	81	87	96	100	105	114	115	115	127	146	147	126	150	171	182	191	209	208	202	205	209	199	174	166	171	174	178	168	118	96	75	55	35	30	27	29	31	39	48	47	58	57	56	57	55	52	49	48	46	42	46	59	58	56	55	32	16	4	12	7	6	9	13	15	20	24	21	21	51	107	72	76	57	92	145	139	77	98	100	76	76	73	74	71	67	67	77	82	76	82	81	81	81	80	85	85	86	85	84	82	83	80	50	34	60	64	70	82	91	92	94	99	99	102	103	102	103	103	104	103	105	106	104	105	104	105	105	106	105	105	105	105	106	106	74	139	142	91	98	104	103	102	95	99	125	156	133	28	13	10	10	10	24	29	126	191	181	149	150	156	161	168	169	167	165	159	153	145	139	133	132	132	128
25	26	30	28	24	25	28	29	29	32	24	21	19	14	17	17	13	11	12	13	13	15	17	36	65	63	64	67	72	77	83	94	96	100	109	114	116	126	145	144	146	166	175	177	182	199	208	212	204	196	184	199	225	225	225	225	225	225	224	224	223	218	195	136	61	52	51	54	56	56	51	55	55	60	58	58	62	62	57	60	65	60	55	47	25	7	7	9	9	8	7	6	5	6	8	17	128	224	190	68	150	158	134	151	136	79	101	101	88	47	75	67	65	66	64	67	69	72	71	72	73	73	75	81	81	81	81	81	78	80	79	54	37	62	65	78	86	88	93	95	99	101	103	106	107	105	104	104	105	103	106	106	104	106	107	107	106	107	107	106	107	107	106	76	142	145	150	172	177	160	153	145	154	184	166	147	134	32	9	8	6	14	23	22	99	186	159	146	149	150	151	151	152	153	154	154	155	155	155	155	157	159
22	22	20	28	25	27	27	30	30	30	22	19	14	13	13	13	13	13	15	15	15	16	18	35	50	50	48	50	54	59	74	83	88	93	103	113	115	126	147	140	146	167	175	174	173	173	172	173	171	163	143	180	221	220	222	224	222	219	216	214	195	172	149	115	75	59	62	66	68	67	71	76	79	81	84	83	80	76	73	68	64	59	47	27	9	12	10	12	11	10	9	10	11	9	28	165	220	220	209	182	183	173	144	155	130	83	101	100	99	99	90	75	61	54	51	52	53	56	57	62	65	67	67	69	70	72	72	74	73	78	79	59	39	64	69	81	93	94	96	102	101	104	105	104	106	106	105	105	105	107	106	106	105	106	109	104	106	107	106	108	106	107	107	80	146	141	137	149	157	156	134	140	181	196	182	165	153	140	54	10	31	37	56	73	105	147	143	145	146	147	148	150	151	151	152	152	153	154	154	154	154	154
20	20	19	28	26	26	28	29	30	29	22	16	14	13	12	12	13	15	15	14	14	15	18	46	62	45	35	32	35	45	57	61	74	83	93	104	110	123	148	134	146	167	177	175	173	174	173	174	172	161	137	174	211	215	217	201	181	159	132	95	76	65	63	74	64	63	66	68	73	75	76	78	83	85	85	86	83	80	75	69	64	55	22	20	9	21	20	19	17	21	23	44	90	136	203	226	215	207	198	187	175	165	139	156	123	90	103	102	102	101	101	101	97	94	89	79	73	66	60	52	51	52	51	52	54	58	61	67	70	75	62	55	51	68	78	89	96	98	102	107	103	104	105	106	107	107	107	106	106	106	107	106	107	109	109	105	106	107	106	110	109	106	108	83	148	127	140	159	154	68	53	105	163	161	177	183	180	136	82	32	11	0	0	5	79	139	142	144	145	146	147	148	149	150	151	151	151	152	152	153	153	153
19	18	19	25	27	29	30	33	33	31	27	17	14	13	13	13	14	15	14	14	13	14	16	44	56	54	45	39	44	46	64	76	79	80	89	93	100	115	140	123	143	166	177	176	173	172	172	172	172	161	138	132	128	147	118	101	77	67	69	75	76	75	48	63	67	66	66	64	65	67	74	76	77	79	78	76	74	69	66	63	58	59	64	62	50	45	49	82	122	164	200	217	209	220	225	198	137	176	189	147	107	75	93	156	116	97	105	103	102	103	102	102	101	101	100	98	96	94	92	91	90	85	83	82	78	72	69	64	62	63	59	58	71	74	87	95	98	103	107	105	106	108	106	107	107	106	107	109	106	107	109	108	107	106	107	108	106	105	109	111	110	108	113	84	152	111	124	151	152	165	198	197	192	186	150	90	32	3	2	2	1	1	1	6	96	140	140	141	143	145	146	146	148	148	150	150	150	150	150	151	151	152
16	15	16	17	29	28	29	30	30	28	25	18	14	13	12	13	13	13	12	12	12	12	14	27	30	29	28	29	42	44	67	78	87	95	105	110	118	129	75	66	139	160	173	175	174	172	169	170	171	161	137	116	78	79	93	91	97	109	104	106	100	65	38	55	64	62	62	62	59	56	64	83	84	82	80	78	75	73	70	69	67	66	69	69	71	72	111	179	208	212	220	226	228	222	169	107	68	61	50	56	58	52	97	156	108	106	106	104	102	102	102	101	104	103	100	100	102	101	102	96	96	96	92	97	96	94	95	98	101	100	100	100	96	93	97	101	103	106	108	106	109	106	108	108	109	107	106	106	104	108	110	108	108	108	108	108	108	109	108	109	110	110	103	96	151	102	111	134	127	149	179	191	135	66	19	15	12	9	8	6	5	5	4	10	116	138	139	140	140	140	142	143	144	146	147	148	148	148	147	148	149	149
52	45	35	27	32	26	27	28	26	26	23	16	13	12	12	12	13	12	12	11	11	11	10	21	23	22	21	17	16	24	38	52	66	84	106	114	118	124	62	56	112	143	158	162	165	166	167	169	169	162	141	122	75	51	57	57	59	57	55	69	65	60	62	65	69	68	68	77	77	77	65	69	69	69	70	73	76	76	83	80	84	87	90	91	90	93	50	35	45	98	153	206	227	214	174	46	98	109	101	89	60	44	98	156	106	109	106	107	106	103	103	104	105	105	102	103	103	101	101	102	104	104	103	101	104	105	105	108	108	107	106	106	106	106	106	106	105	106	106	108	107	107	109	110	108	109	108	107	107	109	111	110	111	109	110	108	109	109	111	110	110	109	90	113	151	72	92	78	62	85	86	45	37	37	38	36	33	29	24	19	16	15	13	16	93	107	114	122	131	139	140	140	141	142	143	141	142	143	143	144	145	146
62	62	63	62	47	25	25	28	25	23	22	16	12	11	11	12	11	10	10	9	9	10	9	24	25	26	29	33	33	34	35	39	41	40	41	52	62	67	45	35	48	65	79	96	111	129	147	159	163	163	140	113	25	30	41	53	61	62	61	76	76	80	81	82	80	80	78	75	74	67	67	66	68	72	73	74	79	81	82	77	77	79	84	78	70	75	75	52	35	35	36	36	70	123	175	66	113	117	94	81	52	39	100	152	109	110	109	108	108	107	109	107	108	104	106	104	107	107	107	106	106	106	106	107	109	111	111	111	113	111	113	110	110	110	112	112	109	109	110	109	110	107	109	110	109	110	108	110	113	112	112	113	112	112	113	111	111	111	111	112	112	111	78	133	145	9	13	25	29	33	36	36	38	40	41	43	43	44	42	40	35	26	21	26	98	93	90	84	79	75	77	81	87	92	98	105	112	119	126	135	142	143
77	74	71	69	60	27	22	22	22	20	20	17	12	10	11	11	9	9	9	8	8	9	24	40	45	48	50	52	53	55	56	57	60	61	63	65	67	65	65	65	64	63	61	61	65	66	69	72	90	109	131	100	78	71	71	70	71	74	75	93	94	95	88	90	84	84	82	76	73	70	71	68	79	80	78	73	79	83	84	83	84	83	84	83	83	68	59	71	81	70	57	50	38	32	34	20	107	122	91	76	48	36	101	146	107	110	110	110	110	109	109	108	109	108	108	109	107	108	109	108	112	111	110	111	112	111	112	111	112	112	111	112	112	113	113	112	112	112	111	113	111	112	109	111	109	109	112	114	115	113	112	112	113	112	113	111	112	113	113	113	115	115	70	150	129	7	12	22	25	27	29	32	34	37	39	41	43	45	47	47	48	48	46	37	33	39	46	50	55	59	66	74	80	87	94	95	91	87	83	79	76	78
81	82	79	73	66	65	58	46	39	29	23	15	10	10	9	9	11	18	27	36	46	56	59	59	61	60	61	62	62	62	63	63	65	69	69	72	73	75	75	77	80	81	79	81	80	78	78	77	78	77	77	73	73	73	75	76	78	78	81	85	93	92	87	85	83	82	84	85	84	81	82	92	85	82	86	93	86	83	95	89	83	83	87	90	94	61	43	51	55	52	49	46	42	34	23	17	101	124	86	66	41	31	104	144	106	111	113	110	110	108	107	109	110	110	109	110	109	109	109	109	111	110	110	112	111	110	112	111	112	112	112	111	110	109	111	114	111	112	111	110	113	112	111	113	111	112	113	113	112	114	113	113	116	116	113	111	113	113	115	111	114	114	75	152	110	6	9	13	19	23	29	33	33	34	35	37	40	45	49	53	55	61	63	64	65	63	62	62	60	60	57	54	50	45	40	40	44	49	54	60	66	70
78	75	72	68	68	68	69	70	69	70	69	65	61	61	62	68	73	74	74	72	74	72	74	74	74	76	75	76	76	75	74	76	76	76	77	79	80	82	82	82	84	85	85	81	82	80	79	80	79	77	79	78	79	80	79	82	81	81	84	79	84	89	89	92	87	86	94	91	84	86	79	80	84	88	93	96	97	92	92	89	75	77	80	81	78	35	28	13	12	23	16	6	5	4	6	11	101	126	92	54	48	35	113	118	105	115	115	109	109	111	111	110	109	108	110	112	110	109	111	108	110	112	112	111	109	111	111	111	109	110	110	113	111	110	111	112	111	113	111	112	113	111	111	114	113	113	113	113	111	115	111	112	113	116	113	116	115	115	116	115	116	117	81	154	99	35	32	27	18	7	22	39	53	54	53	53	53	56	57	60	62	65	68	71	76	80	82	84	82	80	75	72	69	67	66	65	67	66	67	65	61	60
82	79	78	80	80	79	81	81	81	81	81	81	82	83	83	83	84	82	83	84	83	82	83	82	82	82	81	83	83	83	83	83	84	83	84	87	86	86	84	85	86	84	83	84	83	82	82	83	83	84	84	83	83	84	83	86	84	84	84	83	98	93	91	90	87	79	76	75	83	85	79	74	74	76	74	73	75	80	81	81	81	80	81	79	76	35	6	3	5	14	16	12	13	12	10	13	99	130	94	70	53	42	110	119	105	116	115	112	110	110	109	110	110	112	112	112	111	110	110	110	110	110	111	111	110	111	111	111	110	111	111	110	109	112	110	112	113	113	109	110	111	112	112	112	115	114	112	112	111	113	113	112	114	114	113	115	114	116	114	116	117	119	86	157	77	29	31	33	32	4	11	28	37	60	67	67	70	71	72	74	72	72	74	77	79	83	84	85	88	91	89	90	87	88	83	81	80	77	73	73	76	74
87	86	87	86	87	88	88	85	85	85	85	86	87	86	86	87	84	85	86	87	87	87	86	83	83	82	84	84	85	85	86	86	86	87	84	85	85	86	85	87	86	86	84	86	84	84	84	83	84	82	83	83	83	83	82	85	84	84	85	87	82	83	84	85	86	85	86	87	86	86	87	88	86	88	87	86	85	85	84	83	82	82	80	80	73	50	22	15	12	13	37	57	58	45	15	12	95	130	90	66	54	66	126	141	103	117	113	114	111	111	108	109	111	108	109	111	110	110	109	111	110	106	109	110	110	109	107	108	110	108	110	110	111	110	110	109	112	112	109	109	110	113	112	112	110	111	112	113	112	114	113	113	113	113	113	114	115	116	116	116	116	120	92	158	69	45	44	41	29	17	12	15	28	56	63	64	68	69	71	74	74	74	76	79	79	80	82	83	84	86	85	86	87	89	91	91	90	90	92	89	87	86
95	95	94	92	92	92	90	89	89	89	88	86	89	88	87	88	89	89	89	86	85	88	88	87	87	90	89	89	88	88	88	86	87	87	87	86	88	86	87	88	89	87	85	84	86	87	90	87	85	84	86	86	84	86	85	86	88	84	87	86	87	88	87	88	86	88	89	87	87	86	88	88	89	86	86	87	87	89	86	87	87	84	83	83	77	56	30	23	24	20	19	22	23	16	3	9	90	128	82	62	48	55	129	140	106	115	101	85	77	81	92	91	91	85	86	87	94	91	86	84	80	75	68	69	88	101	80	63	49	50	58	70	80	88	95	103	109	108	111	109	109	112	111	109	111	112	111	112	108	113	114	114	115	116	117	115	116	115	115	116	117	111	107	159	63	58	60	62	63	62	63	63	62	61	60	59	63	65	69	70	71	74	78	78	79	83	82	84	87	86	89	87	87	89	92	93	92	91	94	94	93	95
99	97	96	96	95	94	96	93	93	93	92	90	92	90	91	90	92	90	91	89	87	87	89	89	90	90	91	90	90	89	90	90	89	89	88	87	87	86	88	90	88	88	90	90	88	88	89	87	87	87	90	89	89	88	88	88	87	87	87	87	87	87	88	89	88	89	90	88	89	88	88	89	88	88	88	87	89	86	88	87	86	87	85	85	81	79	69	62	55	49	42	30	26	11	11	13	79	119	67	44	32	37	55	59	52	55	29	19	18	17	22	35	35	34	32	23	23	25	25	24	28	31	41	37	31	37	28	18	24	23	24	20	20	23	23	24	35	54	62	69	80	94	105	109	108	108	112	110	109	111	110	112	109	113	113	111	110	113	114	117	116	101	128	156	64	68	72	75	79	79	81	83	84	83	82	84	82	82	81	79	78	77	76	78	78	80	81	82	84	87	90	91	90	90	94	95	97	98	98	98	98	102
100	100	100	99	98	97	98	96	95	96	94	94	93	93	92	96	93	94	93	93	93	93	92	90	90	92	89	89	91	89	88	87	89	88	89	88	89	88	90	88	90	90	90	89	90	91	88	88	89	90	91	91	89	90	87	88	89	88	87	88	89	88	88	88	88	87	88	88	87	87	86	88	88	87	85	84	85	87	85	84	86	85	84	83	84	83	85	83	83	82	80	78	71	66	61	47	66	58	33	31	45	52	56	59	56	48	46	58	57	45	42	42	42	41	16	1	4	11	11	16	33	47	39	27	18	29	38	26	18	24	32	28	20	11	20	23	25	31	36	35	34	31	28	37	48	55	63	68	77	88	99	104	107	108	111	110	110	110	110	111	112	85	144	142	75	77	77	79	81	84	87	91	94	97	98	100	102	101	101	100	99	95	95	93	91	92	90	88	86	86	87	91	90	90	92	95	95	97	101	101	102	104
101	100	98	100	101	100	97	98	98	96	97	96	95	93	96	96	97	94	94	93	95	94	93	93	95	93	89	90	91	91	89	90	91	89	89	91	89	91	91	89	91	89	91	91	91	90	91	89	90	89	89	91	91	91	89	89	92	90	86	87	89	88	88	88	89	86	90	89	88	87	85	85	86	83	86	87	86	85	85	84	84	85	84	83	85	84	83	84	83	83	82	79	68	44	73	77	74	66	52	43	52	57	45	19	12	10	16	52	50	43	39	44	45	22	14	9	18	23	36	37	19	34	23	29	19	16	32	45	41	17	24	44	48	40	38	31	51	49	45	46	47	49	49	49	50	52	56	40	32	26	22	24	30	43	56	67	80	89	96	106	111	81	151	130	78	78	81	83	85	87	87	92	91	94	96	100	105	104	107	107	107	108	107	105	104	105	104	101	98	99	98	98	98	96	97	97	97	101	101	102	105	105
101	101	101	102	101	101	100	97	98	99	98	100	99	98	97	98	96	96	94	97	94	95	93	93	93	95	94	92	94	92	92	91	93	91	90	92	91	91	90	91	90	92	91	92	92	91	92	91	91	92	91	92	90	89	92	91	92	91	89	91	88	87	89	88	88	88	88	88	88	88	87	87	87	86	86	86	87	86	83	85	86	83	84	85	84	84	82	82	79	79	65	36	17	29	60	62	28	20	21	11	13	15	19	21	28	36	43	21	17	21	45	55	30	10	16	39	54	56	23	39	44	12	14	53	23	20	28	26	17	36	34	23	36	19	34	46	48	53	52	51	51	54	60	63	64	65	78	72	71	66	58	46	26	9	10	17	30	18	22	26	62	77	144	117	76	79	78	81	82	84	88	87	90	92	91	93	93	95	97	101	105	106	109	106	105	109	108	108	110	108	108	109	108	107	106	105	107	106	104	104	104	104
103	102	99	101	100	100	100	100	102	102	102	99	99	100	97	97	98	96	96	95	94	93	95	95	94	94	94	94	94	95	94	95	94	93	93	92	91	92	93	91	90	91	91	91	91	90	91	91	90	91	91	90	91	92	89	91	91	90	91	91	92	90	91	91	90	89	89	90	91	88	89	88	88	86	88	87	84	86	85	85	85	83	82	82	83	80	79	77	73	43	12	26	46	52	34	28	36	50	55	75	90	84	84	85	80	80	78	78	59	65	39	12	12	30	53	59	62	48	65	61	24	4	21	28	5	16	10	26	54	40	31	32	3	15	18	30	34	75	81	78	71	76	77	79	83	90	88	65	93	94	77	53	53	13	31	45	57	51	29	24	63	50	68	89	80	77	78	80	84	83	84	85	83	87	90	90	93	93	95	95	98	99	99	102	98	103	106	107	108	109	111	111	113	111	111	111	110	111	113	109	108	105
103	104	102	102	102	104	101	101	101	101	100	101	98	97	98	97	98	97	98	96	96	95	96	96	94	97	93	94	95	96	96	96	95	94	95	94	93	95	95	94	94	93	91	93	91	93	92	91	91	90	89	91	90	91	91	91	92	91	91	91	91	92	91	89	86	89	89	88	88	89	90	87	88	87	87	85	86	83	85	86	83	81	82	82	77	73	72	59	30	7	22	47	45	47	72	79	52	51	49	49	73	67	54	54	52	53	79	79	72	74	54	30	54	72	78	58	60	70	36	28	34	33	35	33	17	27	21	17	55	18	7	4	4	16	6	3	4	7	17	41	43	50	70	80	91	83	86	99	111	98	65	39	14	28	50	57	52	47	24	45	73	39	52	36	56	77	78	77	76	78	80	79	82	85	85	86	90	89	94	94	92	96	97	98	100	97	102	102	105	106	108	106	109	111	109	106	108	109	106	110	111	113
102	102	103	103	100	101	101	102	101	99	98	98	98	96	96	96	97	98	99	96	96	94	94	96	95	95	94	95	93	95	96	93	95	96	95	95	95	94	93	94	92	96	94	94	93	93	93	93	91	92	91	91	92	92	93	91	90	91	92	92	90	92	90	88	90	90	88	90	88	85	87	87	89	85	88	88	86	87	84	85	84	81	82	80	74	63	37	14	7	10	28	13	37	43	51	50	51	50	52	61	69	71	78	61	25	27	31	31	30	37	53	60	65	50	17	22	56	56	56	37	20	14	34	50	35	20	24	52	65	26	12	6	1	4	8	26	40	29	16	19	27	17	29	14	12	15	16	17	19	25	21	19	31	143	84	47	49	27	43	49	39	45	41	30	42	51	59	82	78	79	78	79	80	82	83	88	90	89	90	94	94	97	98	99	95	98	97	98	101	99	102	105	104	104	105	105	103	106	104	107	106	111
104	101	102	100	101	102	100	101	100	101	100	98	98	98	96	96	97	97	95	95	96	97	96	96	98	96	95	97	96	93	94	95	93	96	94	94	96	94	95	94	95	97	95	95	96	95	95	93	94	93	94	92	91	92	89	88	91	93	90	89	92	91	90	89	87	89	90	88	88	87	86	87	86	86	86	85	85	85	84	85	82	78	72	71	41	34	35	37	38	36	36	25	17	17	17	17	19	17	18	20	19	19	34	39	38	37	37	34	31	26	23	18	16	11	1	13	23	21	20	26	35	42	49	54	40	51	56	44	49	59	49	62	68	64	69	70	66	60	51	26	28	29	7	17	31	29	23	5	2	3	8	18	190	186	65	42	39	19	52	53	40	46	34	33	47	50	48	53	66	79	79	79	80	81	83	86	89	90	94	95	94	94	101	99	102	101	99	101	99	102	102	103	103	102	104	106	106	108	109	112	111	111
106	102	101	99	98	101	100	99	99	98	97	99	96	95	96	96	97	96	95	96	94	94	95	96	93	96	94	95	95	94	93	92	96	94	93	93	95	94	97	96	94	93	96	94	94	94	94	95	94	94	95	94	94	95	95	92	93	92	88	89	86	93	88	89	89	91	91	92	89	87	83	84	82	84	83	85	87	85	83	79	78	73	66	69	40	9	12	15	17	18	18	19	19	19	19	17	17	17	17	17	16	15	15	15	15	14	13	13	13	15	20	17	9	5	1	12	21	17	17	18	16	17	21	23	22	20	28	45	15	12	5	7	9	23	65	72	67	58	43	11	18	17	12	50	66	67	67	56	7	1	2	14	17	47	11	11	16	24	64	42	47	44	35	40	49	49	50	47	55	54	79	80	81	84	81	83	82	88	90	90	94	97	100	102	104	108	107	109	110	107	110	110	110	107	109	111	111	112	114	114	112	113
