122	177	179	178	179	178	179	179	179	180	179	179	180	180	180	180	181	181	181	181	181	181	181	181	180	180	180	180	182	182	182	182	182	182	182	183	182	183	182	181	163	157	156	158	162	167	168	168	170	169	170	173	172	174	176	175	175	175	177	178	178	178	179	179	179	178	178	177	177	178	177	177	176	175	174	173	172	173	172	171	176	176	175	174	175	175	173	174	174	173	173	172	170	170	169	167	167	166	166	165	164	164	164	163	182	216	216	214	214	213	214	214	211	212	211	209	211	211	213	119	118	118	139	114	97	99	101	98	97	95	95	93	91	91	90	91	118	151	214	213	213	214	214	215	216	216	217	219	218	219	220	220	222	224	225	225	227	227	226	218	218	222	224	223	223	224	224	226	226	225	225	227	227	227	228	229	229	229	229	229	229	228	229	229	229	230	231	231	231	231	231	231	231	231	231	231	231	230	230	220	217	237	235	237	237	237	237	237	237	237	236	236	236	236	235	235	235	235	235	235	236	235	234	234	235	235	234	234	234	234	233	233	234	234	234	233	233	233	233	155
157	228	227	228	228	228	228	228	229	229	229	229	229	229	230	229	230	230	230	230	230	230	231	231	230	230	230	230	232	232	232	232	231	231	232	231	232	232	232	232	232	228	225	223	222	222	222	221	216	215	213	211	210	208	208	207	204	205	204	206	208	209	213	216	218	221	224	225	225	226	226	225	224	223	221	220	220	220	220	218	226	224	223	222	222	222	220	220	221	220	220	218	217	217	215	213	212	211	211	210	209	208	207	207	208	204	207	204	205	204	204	203	203	202	202	203	202	202	203	109	136	77	107	134	125	110	97	92	89	87	87	85	86	93	108	118	147	204	204	203	204	205	204	204	208	208	208	209	209	210	211	211	212	212	215	216	217	217	217	216	194	193	197	198	201	205	208	211	216	216	217	217	217	218	219	219	218	218	218	218	218	219	220	221	221	222	222	222	222	223	224	223	222	222	222	223	224	225	224	213	204	232	233	230	230	230	230	230	229	229	229	229	229	228	230	229	229	229	229	229	229	228	228	228	226	226	227	227	227	227	226	226	227	226	226	225	227	227	228	151
156	227	227	228	228	228	228	228	229	229	229	229	230	230	230	230	229	230	230	230	230	231	231	231	230	231	231	231	231	231	231	231	232	232	232	232	232	232	232	231	233	234	234	234	234	234	233	233	234	234	234	234	233	234	233	233	232	231	229	227	227	226	223	221	219	218	215	213	212	211	209	208	206	203	200	199	199	203	208	221	226	224	223	222	221	221	220	220	220	220	219	218	218	216	216	212	211	211	210	209	209	208	207	207	205	204	204	204	204	204	204	203	202	201	201	200	200	200	201	182	95	130	91	87	106	126	131	128	123	119	120	119	118	105	132	181	204	201	202	203	203	203	204	205	206	207	208	209	210	210	211	212	211	213	214	217	216	217	218	219	219	212	206	204	203	200	199	199	199	199	199	197	197	197	197	196	196	196	195	195	196	196	198	199	200	203	206	208	211	211	214	216	220	223	224	225	225	222	218	203	200	230	232	231	230	229	229	229	229	229	229	229	229	229	229	229	229	228	228	228	228	228	228	228	229	228	228	227	227	227	227	227	226	227	226	225	226	225	227	151
153	223	225	227	228	227	228	228	229	229	229	229	229	229	229	231	230	231	231	232	231	231	231	231	232	232	232	232	232	232	231	231	232	232	232	232	232	232	232	233	233	233	234	234	233	233	233	233	233	233	233	234	233	233	234	234	234	235	235	235	235	235	235	234	234	235	235	234	234	234	234	233	233	232	230	226	225	224	223	227	226	224	222	221	221	220	220	220	220	219	219	218	218	217	215	213	211	211	209	208	208	207	206	206	204	204	204	203	203	203	202	201	199	200	199	198	198	198	199	202	104	89	115	120	105	91	85	82	83	82	82	73	109	173	203	200	200	202	202	203	204	203	203	204	204	207	208	207	209	210	211	212	212	213	213	216	217	217	218	220	220	221	221	222	221	222	223	223	224	224	226	226	227	227	226	226	224	223	223	222	219	219	220	216	216	217	215	211	212	212	210	209	209	211	213	214	210	208	207	210	219	230	232	231	231	232	231	229	229	229	229	229	229	229	229	229	229	229	229	229	228	228	228	228	229	229	229	229	228	228	227	227	227	228	227	226	226	225	227	151
150	219	220	223	225	228	229	230	228	229	229	229	229	230	230	231	232	232	232	232	231	232	231	232	233	233	233	233	233	233	233	233	232	233	233	233	234	234	233	234	234	234	234	233	233	233	233	233	235	235	235	235	235	235	235	235	235	235	236	236	235	235	236	235	235	235	236	235	235	235	234	234	234	235	233	231	229	229	228	227	227	225	223	224	222	221	222	221	220	220	220	220	219	217	215	214	213	211	210	209	209	206	205	205	204	204	204	203	203	201	200	200	199	198	198	199	198	198	198	191	102	83	89	86	96	101	119	117	115	130	153	193	203	199	199	198	200	200	202	202	202	203	204	204	205	206	207	209	210	210	211	212	212	213	214	217	218	218	219	219	221	221	221	222	220	222	223	223	224	225	226	227	228	228	228	228	229	229	229	228	230	230	229	229	230	229	229	229	230	231	232	232	231	232	232	232	233	233	232	232	233	232	232	231	232	232	231	231	231	231	230	230	230	230	229	229	229	229	230	230	229	229	228	228	229	229	228	228	228	227	226	227	227	227	227	227	227	226	226	152
150	219	219	218	220	222	224	227	228	230	231	231	231	231	232	232	233	233	233	233	233	234	233	234	234	234	234	234	234	234	234	234	235	234	234	234	234	234	233	233	234	234	234	234	235	235	235	235	235	235	235	235	235	235	235	235	235	235	236	236	235	236	235	235	235	235	236	235	234	235	235	235	235	234	234	234	231	229	229	228	227	228	225	224	222	221	222	221	220	220	220	220	218	217	216	215	213	211	209	208	206	206	205	204	203	204	203	202	201	200	199	199	198	197	197	195	196	197	198	199	121	123	109	107	119	162	202	202	203	203	201	199	198	198	198	198	199	199	200	201	202	202	203	204	205	205	206	208	211	211	211	212	213	215	215	217	218	218	219	219	221	221	221	222	221	224	223	223	225	226	227	228	229	229	229	229	229	229	229	230	229	229	230	230	231	231	231	232	232	232	232	232	233	233	233	234	234	234	233	232	233	233	233	232	233	232	232	232	232	232	231	231	231	232	231	230	229	229	229	230	229	229	229	229	229	228	228	229	228	229	229	228	228	228	228	229	227	227	229	153
151	219	218	218	219	218	218	221	223	225	228	230	231	232	233	233	233	233	234	234	235	234	233	234	234	234	234	234	234	234	234	234	235	235	234	233	233	234	234	234	235	235	235	235	236	235	235	236	235	235	235	235	236	236	236	236	237	237	237	237	237	236	237	237	236	236	236	235	234	235	236	235	235	235	234	234	234	231	230	228	228	228	226	224	223	223	222	220	220	220	220	219	219	217	216	215	212	211	210	207	205	204	204	203	203	203	202	200	199	199	198	197	197	196	195	194	194	194	196	196	198	180	164	172	197	203	200	199	199	198	197	197	197	196	197	197	197	197	198	199	200	201	202	203	204	205	205	206	209	210	211	211	213	215	216	217	218	219	220	221	221	221	220	223	222	223	222	225	227	227	228	228	228	228	229	229	229	229	229	229	230	230	230	230	230	233	232	232	233	233	233	233	234	234	234	234	235	234	234	234	233	233	233	233	233	233	233	233	233	233	233	233	232	232	232	232	232	231	230	230	229	229	229	229	229	229	229	229	228	228	228	227	229	229	229	229	228	227	229	153
151	219	218	218	218	218	217	218	220	221	222	223	228	229	232	233	233	233	234	234	234	234	234	234	234	234	234	234	234	234	234	234	235	235	235	234	234	234	235	235	234	235	236	236	235	235	235	235	235	235	236	235	237	237	238	238	236	237	237	236	237	236	237	237	236	236	237	237	237	236	236	236	235	234	235	235	234	234	232	229	228	227	227	225	224	223	221	219	219	220	219	219	218	216	216	215	212	211	209	206	205	204	203	201	201	201	200	198	199	197	196	196	195	194	193	193	192	192	193	196	195	196	196	198	200	197	199	197	197	195	196	194	195	194	195	196	196	197	196	197	199	200	201	202	202	203	204	205	208	209	211	212	212	215	217	217	218	220	220	220	219	220	220	223	222	224	224	226	227	227	228	229	229	229	229	229	229	229	229	229	229	230	231	231	232	233	233	234	234	234	234	233	234	234	234	234	234	234	234	234	234	234	233	233	233	233	233	233	233	233	233	233	233	232	232	231	232	232	231	230	230	229	230	230	229	229	229	229	229	228	229	229	228	228	229	229	227	227	230	153
151	218	218	219	219	218	219	219	219	219	219	219	220	223	226	229	231	232	234	233	232	233	233	233	234	234	235	235	235	235	234	234	235	235	234	234	234	235	235	235	236	235	235	235	236	235	235	236	236	236	236	237	236	237	237	237	237	237	237	237	237	237	237	237	236	236	236	236	236	236	235	234	235	235	235	235	234	233	234	231	229	227	227	226	224	223	221	219	218	218	218	218	216	216	215	213	212	211	208	205	205	203	202	201	200	199	197	197	196	195	195	194	192	193	192	191	191	190	192	192	192	194	195	197	198	198	197	196	195	195	194	193	192	192	193	194	194	194	196	197	198	200	200	201	202	202	204	206	207	209	210	212	213	215	216	217	218	219	220	220	220	221	222	223	223	224	225	227	228	228	228	229	229	229	229	230	230	230	230	231	232	232	233	233	233	234	234	233	234	234	234	234	234	234	234	234	234	234	234	234	234	234	234	234	234	234	233	233	233	233	233	233	233	233	233	233	232	232	232	231	232	230	229	230	230	230	229	230	229	229	229	228	228	228	227	227	227	228	228	154
151	218	218	219	219	218	219	219	218	218	218	218	219	219	221	222	226	229	231	233	233	234	234	234	234	235	235	235	235	236	235	236	235	235	235	236	236	236	237	236	237	237	236	235	237	237	237	237	237	237	237	237	238	237	237	237	237	237	238	238	238	238	237	237	237	237	237	237	236	237	236	236	236	235	235	235	235	234	233	233	232	229	227	226	224	223	222	220	219	218	218	218	218	216	215	214	213	212	209	206	205	202	201	200	199	198	197	196	195	195	194	193	192	193	191	180	166	160	179	192	191	192	194	195	196	196	195	194	194	193	192	191	191	191	191	192	194	194	195	195	196	198	198	200	202	203	205	205	207	209	211	213	214	216	216	217	219	218	219	221	221	222	223	225	223	225	225	228	227	228	229	228	230	231	231	229	231	231	232	233	232	232	233	233	234	234	234	235	234	234	234	234	234	234	234	234	234	234	234	234	234	234	234	234	234	234	234	234	233	233	233	233	233	233	233	233	234	233	232	232	232	231	230	231	231	231	230	230	229	230	230	229	229	228	229	230	230	230	228	154
150	217	218	217	219	219	219	220	220	219	219	219	220	220	221	221	220	221	224	226	230	233	234	234	236	236	237	237	236	237	236	238	238	238	238	238	238	238	238	238	238	238	238	237	237	237	237	237	238	238	237	237	238	238	239	238	238	238	238	238	238	238	238	238	239	239	239	239	240	239	239	238	238	238	238	237	236	234	233	234	234	232	230	227	225	225	223	222	220	219	217	217	217	216	216	215	212	212	209	205	205	201	200	200	196	196	195	194	193	193	193	195	178	136	107	98	101	97	87	113	161	192	193	194	196	194	193	193	194	187	166	145	135	161	182	193	193	193	192	194	194	196	198	199	200	203	204	205	207	210	211	213	215	216	216	218	218	219	220	221	222	222	224	225	225	225	226	228	229	227	228	230	230	228	229	230	232	231	232	233	234	234	234	234	233	233	234	234	234	234	234	234	234	234	234	234	234	234	234	234	234	234	234	234	234	234	234	234	234	234	234	234	234	234	234	234	235	233	232	233	233	233	232	231	231	231	232	231	231	231	230	230	228	228	229	229	228	228	227	152
147	214	216	216	216	217	217	218	219	219	220	220	221	221	220	219	220	220	221	222	222	224	228	231	235	236	237	238	236	238	239	239	238	238	238	238	238	238	238	238	239	239	239	238	238	237	238	237	238	238	238	238	239	238	238	237	237	239	239	239	239	239	239	239	239	230	205	198	197	199	200	199	202	201	201	203	204	204	206	208	209	210	210	209	211	210	211	213	214	214	215	216	216	215	215	215	214	212	211	209	206	203	201	199	197	195	194	194	194	190	155	107	92	104	109	108	109	108	108	108	94	96	167	193	192	193	189	147	106	95	100	102	105	99	92	104	149	190	192	193	193	196	196	198	199	202	204	205	206	210	211	213	213	215	216	217	217	218	218	220	221	223	224	225	225	225	226	228	229	229	229	230	229	229	230	231	232	233	234	234	233	233	233	233	233	234	235	233	235	235	235	235	236	235	235	234	235	234	234	234	234	234	234	234	234	234	234	234	234	234	234	234	234	234	234	234	234	234	233	233	233	233	233	233	233	232	232	232	231	231	231	231	229	228	228	225	224	223	223	150
144	210	211	211	212	215	215	216	215	217	218	218	220	221	221	221	219	220	220	220	221	220	220	222	224	229	234	238	238	239	238	239	238	240	241	239	240	239	239	239	240	240	240	240	240	240	240	240	238	238	239	239	239	239	239	238	239	240	239	239	240	239	239	240	202	171	213	210	207	208	208	207	208	208	207	207	207	206	206	205	203	201	199	195	188	183	179	175	171	167	162	159	158	156	155	154	151	152	151	147	139	143	139	136	135	139	142	139	127	93	94	108	108	108	104	103	105	107	109	108	109	107	88	125	179	140	97	99	108	105	99	99	105	107	109	108	95	92	165	195	192	193	196	197	198	200	203	206	206	209	211	212	213	214	215	215	217	217	217	219	222	225	224	224	225	225	225	226	228	229	229	229	229	230	231	231	232	232	234	234	233	233	234	235	235	235	235	235	234	235	235	235	235	235	235	235	235	234	234	234	234	234	234	234	234	234	234	234	233	233	234	234	233	233	233	233	234	234	234	234	234	234	234	232	232	232	233	232	231	231	230	228	226	224	223	221	222	220	221	149
142	206	207	207	209	210	211	213	215	216	216	215	217	218	219	220	220	222	221	221	221	222	221	221	220	222	224	226	232	236	238	240	239	239	239	239	240	239	239	239	240	240	240	240	240	240	240	240	239	239	239	239	238	239	239	239	240	239	239	239	239	239	238	185	159	186	203	203	203	203	203	203	202	201	200	201	200	199	198	198	197	196	195	195	190	184	181	178	176	174	171	169	168	168	168	167	167	167	164	161	158	155	150	146	143	136	97	74	101	109	109	105	90	69	60	60	61	67	79	92	105	110	105	72	68	99	109	95	75	61	57	58	62	75	98	108	109	108	88	126	165	171	177	182	187	194	197	201	206	208	211	215	216	216	217	219	219	220	220	223	224	225	225	225	226	226	227	227	229	228	229	229	230	230	230	232	233	234	233	235	236	235	235	235	236	236	236	236	236	236	236	236	236	236	236	236	236	236	235	235	235	235	235	234	234	234	234	234	233	233	233	233	233	233	233	233	234	234	234	234	234	234	234	234	232	231	231	230	228	226	225	224	223	222	221	221	222	220	221	149
142	208	205	206	205	205	206	209	209	212	214	215	216	217	217	217	218	219	221	222	221	221	221	222	221	222	221	222	223	225	229	234	238	239	239	239	239	239	240	240	240	240	240	240	240	239	240	239	239	239	239	240	239	239	239	239	240	239	239	239	237	226	193	163	157	199	204	203	204	203	203	203	202	201	200	200	200	199	199	198	198	197	195	195	194	189	184	179	176	175	171	167	165	162	161	159	159	155	154	150	146	141	135	130	103	68	99	110	109	107	94	66	57	56	56	56	51	46	45	48	58	80	91	93	106	92	71	56	56	55	56	55	56	57	58	79	105	108	109	86	74	133	132	133	134	138	138	142	145	148	150	153	158	159	160	164	167	171	175	178	182	184	187	192	196	199	204	207	211	214	218	220	223	225	229	231	232	234	235	236	237	238	236	237	236	237	237	238	238	237	237	237	236	236	237	238	238	237	236	235	235	235	235	235	234	234	234	235	235	235	235	235	234	235	234	234	235	234	233	233	233	234	234	232	231	230	226	226	224	224	223	222	224	222	222	221	221	219	220	148
143	208	205	205	205	206	205	206	206	205	208	209	211	213	215	217	216	216	217	220	220	220	221	221	221	221	221	220	219	220	220	222	227	230	237	239	240	240	240	241	241	241	241	241	242	241	242	241	240	240	239	239	239	239	239	238	239	239	239	240	227	215	168	172	156	206	203	204	204	204	202	202	200	201	200	201	201	199	199	198	198	196	195	195	194	192	189	183	177	174	173	168	164	160	159	158	156	155	152	150	146	140	132	118	79	110	108	108	108	88	60	55	56	57	51	51	64	51	40	43	45	41	47	62	59	56	56	56	54	51	46	45	45	45	46	48	69	102	108	110	76	91	130	134	138	143	148	152	156	160	165	166	168	171	175	178	180	184	186	188	188	189	190	192	192	192	192	192	192	193	194	193	193	193	193	193	195	195	197	198	198	204	238	237	236	236	237	237	237	237	237	237	237	237	237	237	237	237	237	237	236	237	237	237	235	236	236	234	234	235	235	235	235	235	235	235	235	234	233	233	233	232	230	228	225	225	223	224	223	223	223	223	222	222	221	218	219	217	218	147
142	207	206	206	205	206	206	205	205	205	205	205	205	206	207	208	211	213	215	216	216	218	219	219	221	220	221	221	220	221	221	220	220	222	224	228	233	238	240	241	241	240	241	242	241	243	242	241	241	241	241	241	240	240	240	239	239	239	239	240	222	218	157	174	160	206	203	204	203	203	202	202	202	202	202	201	200	198	198	198	197	197	196	195	193	190	188	186	177	173	173	170	167	162	160	159	155	154	152	148	145	141	134	80	100	108	109	109	96	59	55	57	55	45	70	93	93	93	93	78	58	46	53	56	57	52	47	51	66	75	67	50	50	56	55	49	43	48	97	107	108	56	119	132	138	143	146	149	151	155	156	157	160	162	166	169	171	173	175	176	177	179	181	182	183	185	185	186	188	190	192	192	194	196	197	198	199	201	202	204	220	180	219	237	237	237	237	236	237	237	237	237	237	237	237	237	237	237	237	237	237	237	237	237	237	236	237	237	237	237	236	236	235	235	236	235	235	235	232	229	228	226	225	224	223	223	223	223	223	223	221	221	219	219	218	217	218	217	217	144
143	208	207	207	206	206	206	204	205	205	206	207	205	204	204	204	205	206	209	210	212	213	215	216	217	218	219	220	221	221	222	221	219	219	219	220	223	224	229	236	239	241	242	243	243	243	243	243	242	242	242	242	242	242	242	241	240	240	240	240	217	216	153	173	168	203	202	203	203	203	202	202	203	203	202	200	199	199	197	198	196	198	174	153	151	149	145	145	137	128	122	120	114	109	105	101	100	99	99	97	93	91	90	56	108	108	108	107	70	56	55	57	43	79	93	92	92	92	92	92	93	89	63	44	48	68	88	93	92	93	92	94	71	43	56	55	70	91	61	106	109	88	83	132	137	141	144	147	152	154	155	157	159	161	165	169	172	174	174	175	178	179	181	182	183	186	187	189	190	192	193	194	196	197	198	198	198	198	199	199	202	222	176	238	237	238	237	237	237	237	238	238	239	239	239	240	239	239	239	239	238	238	238	238	238	238	237	237	236	236	237	237	237	235	235	233	231	228	225	223	224	224	224	223	223	222	221	221	220	219	218	217	217	218	216	214	213	212	212	140
143	209	208	208	206	207	207	206	206	205	205	207	206	205	204	205	204	204	204	205	205	207	209	212	214	216	217	218	218	219	221	220	221	222	221	221	221	219	220	221	224	231	238	241	241	243	244	243	242	242	242	242	243	243	243	243	242	241	241	238	215	199	157	169	178	203	203	204	203	203	202	202	203	202	201	199	198	198	198	198	198	200	142	159	157	155	155	153	150	142	131	124	119	116	108	103	98	94	92	88	83	79	69	45	110	110	108	93	57	56	57	45	72	92	92	93	92	93	93	92	92	92	92	90	92	92	92	93	92	92	93	98	97	85	39	55	75	108	109	108	108	108	53	122	127	133	137	144	148	151	153	156	160	165	168	171	172	174	175	177	177	180	182	183	184	186	188	190	191	192	194	196	197	197	198	198	198	199	198	200	198	224	166	239	238	239	239	239	238	238	239	239	238	238	238	239	238	238	238	239	239	239	239	239	239	239	239	239	238	238	237	236	233	230	228	227	225	224	223	223	223	223	223	221	220	219	218	217	217	217	215	214	214	213	211	210	211	208	209	138
143	209	209	209	208	208	206	206	206	205	205	205	206	205	205	205	204	203	203	203	203	203	204	204	205	208	210	212	215	216	217	218	218	219	219	220	220	220	220	219	219	219	223	227	235	241	242	244	244	244	244	244	244	243	243	243	243	242	242	233	216	180	167	162	191	204	204	204	203	203	202	201	202	202	201	199	198	198	198	205	215	193	167	181	182	182	180	177	174	170	163	151	142	136	128	120	113	108	103	99	94	87	70	69	108	109	101	64	57	57	42	41	95	92	94	93	93	93	92	92	93	92	93	92	92	92	93	92	92	93	92	104	134	102	83	40	60	96	109	109	108	111	50	58	64	71	78	82	86	91	95	101	108	113	118	122	126	131	135	138	143	147	152	157	162	166	176	191	192	195	197	195	196	197	198	198	199	199	199	199	199	218	175	227	239	239	239	239	239	239	239	239	238	238	238	239	238	238	238	239	238	238	238	238	238	238	237	237	235	233	230	228	227	225	224	224	222	223	221	221	222	220	218	218	217	216	215	216	213	211	211	209	207	208	206	205	204	204	205	137
144	210	210	210	210	208	207	207	206	207	206	205	205	205	205	204	204	204	204	204	204	203	203	203	201	201	202	203	206	208	210	213	213	215	217	217	218	219	220	220	218	218	218	218	220	223	229	236	241	243	244	243	243	244	244	243	244	244	242	229	219	168	176	157	201	203	204	203	202	202	202	201	201	199	200	198	199	198	203	215	233	185	187	209	216	219	222	223	223	222	221	217	212	206	203	200	193	186	184	175	173	163	63	108	108	97	66	55	56	36	43	43	81	85	98	108	99	88	74	87	93	93	92	93	92	92	93	93	93	89	82	84	130	134	99	49	56	65	101	109	109	109	73	50	76	80	85	89	91	96	102	107	114	116	118	122	125	128	129	132	135	139	142	144	145	150	154	150	196	195	196	196	196	197	199	198	198	198	199	199	199	212	199	204	239	239	239	239	239	238	238	238	238	238	239	239	239	239	239	239	238	239	238	238	239	236	233	230	227	226	225	224	222	222	222	222	220	220	219	218	217	216	216	214	214	212	210	210	208	207	207	205	203	204	204	203	202	204	205	137
144	210	210	210	209	208	208	208	207	208	208	207	207	206	205	205	205	204	204	204	202	204	203	202	202	202	201	199	199	200	201	202	206	208	211	212	214	214	218	174	191	219	218	219	218	218	218	220	223	231	239	243	244	244	243	243	245	245	244	225	222	161	176	158	210	205	202	202	203	201	201	200	200	199	199	198	198	199	209	229	245	191	222	232	233	231	228	229	226	226	221	220	217	209	200	195	194	186	191	186	169	94	95	104	84	66	69	50	34	50	52	64	171	223	231	233	232	230	204	132	73	94	91	91	92	91	92	76	107	150	167	177	183	161	116	58	40	54	62	101	109	109	105	59	120	119	119	120	122	124	129	131	132	134	134	136	139	141	139	141	141	143	145	148	156	162	165	139	197	195	195	196	196	196	198	200	197	198	199	199	201	207	217	184	240	240	239	239	239	238	238	239	239	239	239	239	239	239	239	239	239	239	237	232	229	226	225	223	223	226	223	221	221	220	219	218	217	217	215	214	213	211	210	208	206	206	204	204	202	203	203	203	204	204	204	203	203	204	205	138
146	211	211	210	211	210	210	210	207	207	207	208	207	207	207	207	206	206	205	205	204	204	204	203	202	201	199	199	199	198	198	197	197	197	200	203	207	208	164	136	174	152	211	218	218	218	217	216	217	218	220	226	233	239	244	244	245	243	244	221	218	161	177	167	209	207	204	204	203	202	201	201	201	199	198	198	198	198	214	236	247	185	247	248	249	251	251	251	250	250	250	249	250	249	249	248	245	245	243	192	97	105	111	104	94	77	53	50	56	57	74	226	230	230	229	230	229	230	231	232	182	74	93	92	91	91	73	202	232	230	229	230	230	231	230	164	49	56	40	39	86	109	108	86	159	198	200	201	206	206	207	208	206	205	205	204	204	201	196	186	174	162	162	162	161	164	164	143	186	195	195	196	196	197	198	199	198	199	200	202	201	202	227	173	241	239	238	238	239	239	239	239	239	239	239	239	239	239	239	236	233	230	225	225	224	222	223	221	176	152	206	218	217	217	216	214	211	210	209	206	206	205	203	202	201	200	201	202	203	203	204	204	204	204	205	205	204	206	207	138
146	212	211	211	211	209	210	210	209	209	209	206	206	206	207	207	207	206	205	204	204	204	204	203	202	203	202	201	200	198	198	197	196	196	196	195	195	199	86	170	174	182	136	215	218	218	217	217	217	217	215	215	215	221	201	205	224	240	242	220	204	170	180	178	209	208	207	207	204	203	202	200	199	200	199	198	197	197	216	238	249	174	248	249	251	253	254	253	253	253	254	253	253	253	252	252	251	249	185	107	74	73	78	80	89	80	57	57	57	43	168	231	231	229	173	123	220	230	229	231	233	104	93	93	92	60	200	231	229	230	214	188	227	229	230	231	164	38	57	72	56	68	99	110	79	173	209	210	212	210	205	210	209	206	207	212	215	209	204	196	192	215	192	173	164	163	164	150	177	193	195	195	195	196	198	199	199	199	199	200	200	200	225	171	241	240	239	239	240	239	239	239	241	242	240	237	236	230	227	225	223	219	218	217	216	216	216	166	162	185	133	213	209	207	206	205	205	203	203	200	201	199	200	201	202	202	202	203	203	203	204	204	203	204	205	205	204	206	207	139
145	212	212	211	211	211	211	210	209	208	210	209	207	207	208	207	206	205	205	204	205	204	204	204	204	203	203	201	200	199	199	197	197	197	197	196	194	178	82	141	146	158	166	137	197	210	218	218	217	217	215	215	214	212	118	188	196	199	203	205	187	179	176	191	210	210	208	207	206	204	203	201	199	197	198	197	196	197	217	241	251	181	248	250	253	253	253	253	254	254	254	254	254	254	254	254	253	252	252	204	84	110	110	109	102	61	56	56	56	53	122	232	230	230	172	122	219	230	229	231	219	57	94	91	94	49	225	232	230	230	144	64	204	231	231	232	196	31	57	93	109	105	83	67	83	88	178	246	248	248	248	248	249	249	248	248	249	248	247	247	209	190	218	188	167	160	162	156	160	194	195	195	196	196	197	199	199	199	200	201	200	202	219	187	225	239	239	240	239	240	240	225	192	177	201	226	224	222	222	221	208	209	211	210	213	212	179	66	114	173	119	168	189	187	184	183	181	181	181	181	183	185	186	186	188	190	192	193	194	197	200	204	204	205	205	205	205	207	207	139
145	211	212	211	211	211	211	210	211	210	210	211	208	208	208	206	207	206	206	205	205	205	205	205	204	203	203	201	200	199	199	198	198	197	196	196	193	159	98	113	107	136	145	153	166	153	164	220	217	215	217	215	214	214	175	143	190	201	214	212	183	174	170	205	210	210	210	209	208	205	204	202	202	201	197	197	195	198	219	243	251	181	249	251	253	253	253	253	255	255	255	255	255	255	255	254	253	251	251	124	107	108	107	108	93	55	56	57	55	48	67	188	231	232	230	229	230	230	231	211	84	83	92	92	92	80	135	233	231	229	229	229	232	231	231	226	88	51	56	74	107	109	109	106	79	233	249	250	252	252	251	252	253	253	252	252	252	252	251	250	243	166	231	200	169	161	159	161	150	194	195	195	197	197	197	199	198	199	200	199	202	201	213	209	200	239	240	240	242	223	191	188	203	180	176	221	221	220	219	219	202	211	210	203	128	95	75	91	96	145	141	108	186	184	184	187	188	188	186	188	188	190	191	191	193	190	192	190	192	188	159	202	205	204	205	206	205	207	207	138
146	212	211	212	211	212	211	211	211	211	211	211	210	209	208	207	207	206	205	206	207	206	206	205	203	203	203	201	199	200	199	199	199	197	197	196	194	143	105	108	92	100	117	126	139	150	137	148	194	200	214	215	215	213	214	132	174	160	189	211	223	211	167	214	212	210	210	209	210	208	205	205	203	202	200	198	195	198	223	244	250	178	250	250	253	254	253	253	255	255	255	255	255	255	255	254	253	252	250	108	110	108	108	108	91	56	56	57	57	37	140	128	110	133	160	173	173	162	113	61	86	91	92	93	93	93	69	104	193	224	228	231	230	221	189	122	64	49	55	59	95	108	110	108	102	144	251	253	252	253	254	254	253	254	254	254	254	253	252	251	246	175	234	209	173	160	160	162	141	195	194	195	197	196	199	199	199	200	201	201	202	203	207	225	182	240	240	236	192	187	173	116	162	130	211	218	218	217	217	217	202	213	199	85	86	94	92	93	92	125	141	78	184	184	186	184	187	187	188	189	189	188	190	192	191	192	193	193	194	173	154	201	205	205	206	207	206	206	207	138
147	213	212	213	212	211	211	212	212	211	211	211	211	210	210	209	208	207	207	207	206	206	207	205	204	204	204	203	201	200	200	198	197	197	197	196	196	156	108	120	91	93	91	91	98	130	139	144	150	149	134	185	214	213	211	165	145	121	99	143	203	223	227	183	209	211	210	209	209	207	206	205	204	204	201	200	198	202	225	246	248	184	249	250	254	254	253	253	255	255	255	255	255	255	255	254	252	252	252	137	103	108	109	108	98	57	57	57	56	38	116	130	112	87	86	82	80	57	77	92	92	93	93	92	93	93	92	84	49	77	106	111	96	107	125	132	33	59	57	54	82	108	108	107	108	81	212	251	252	253	253	253	254	254	254	253	254	253	252	251	248	170	235	212	176	157	159	162	134	197	194	196	197	197	198	199	200	201	201	202	202	203	205	227	171	242	224	173	196	140	92	96	168	121	218	217	215	217	217	205	146	128	88	83	91	92	92	92	93	128	142	81	183	186	185	184	187	188	189	189	190	190	191	191	191	192	193	194	194	166	160	205	206	206	206	206	207	207	208	139
148	215	214	213	213	212	212	213	211	211	212	211	211	211	211	209	208	208	207	207	207	207	206	206	205	204	203	204	201	201	201	200	197	197	197	195	196	182	93	138	101	91	92	92	92	95	103	106	122	142	154	140	173	170	193	164	140	155	94	92	121	198	223	230	181	211	211	209	209	208	207	205	205	204	203	202	199	205	229	247	247	194	249	252	253	254	254	254	254	255	255	255	255	255	255	254	252	251	250	235	101	109	108	108	103	62	56	57	57	47	140	134	102	84	78	76	48	93	92	91	92	92	92	92	92	92	92	92	94	71	49	70	81	117	134	139	73	50	57	57	78	108	108	108	109	105	132	253	253	253	253	253	254	254	254	255	254	253	252	252	249	170	237	217	180	160	158	162	134	194	195	195	197	197	198	199	200	200	201	202	203	201	201	221	177	217	178	199	119	91	93	98	151	150	213	215	216	210	143	76	88	93	92	93	92	92	92	92	98	135	141	81	185	185	184	186	188	188	188	189	189	191	191	192	193	194	194	194	195	161	160	201	206	206	206	207	207	207	209	139
149	214	214	214	215	215	215	213	212	213	212	211	212	211	211	210	209	209	209	209	208	208	207	207	207	207	205	203	202	201	202	201	199	198	198	196	195	198	86	147	128	95	93	92	93	93	92	92	91	112	135	144	152	163	155	115	154	157	89	94	92	107	194	229	226	177	212	211	209	208	207	206	206	204	203	201	200	209	234	248	229	203	248	252	253	254	254	254	254	255	255	255	255	255	255	254	253	252	251	252	223	57	108	109	105	66	56	56	57	50	141	137	106	93	92	65	93	93	91	92	92	93	92	92	92	92	93	92	93	91	88	54	94	133	138	137	90	46	56	57	83	108	109	109	107	110	76	252	253	253	253	253	255	254	254	255	254	254	253	252	249	177	238	220	181	160	158	160	136	187	194	196	197	198	198	199	199	200	199	200	200	202	201	214	194	160	199	115	91	92	91	96	117	185	211	141	93	84	71	93	93	92	92	93	92	92	92	93	106	137	139	98	186	187	185	187	188	188	189	190	191	192	193	192	194	194	194	195	196	172	159	199	206	206	208	208	207	208	209	140
141	203	204	204	203	202	202	203	203	201	202	203	203	205	205	205	205	207	208	208	208	208	208	208	206	207	207	206	204	203	202	201	200	200	199	197	198	196	151	107	138	118	92	93	92	92	92	92	92	92	95	99	96	110	148	168	169	144	70	55	78	95	116	207	235	189	206	210	210	209	208	206	206	204	203	200	199	211	235	249	197	229	250	252	253	253	254	253	254	255	255	255	255	255	255	254	252	253	252	249	155	86	59	110	103	62	55	56	57	47	140	137	126	94	95	75	93	92	91	86	93	91	92	88	93	91	93	92	87	84	91	91	63	140	137	139	89	29	57	57	95	110	108	109	108	109	75	252	253	253	253	253	255	254	254	254	254	253	253	252	248	189	219	224	185	162	158	161	145	170	194	196	196	197	196	197	198	199	198	198	200	199	199	207	160	201	120	92	93	92	92	93	81	125	95	79	93	93	92	92	92	92	92	92	93	92	93	94	128	140	109	144	180	180	183	187	187	188	187	189	191	193	194	194	194	194	195	195	196	193	159	185	208	207	209	210	209	210	211	141
145	210	210	210	209	208	208	208	208	208	207	206	206	205	204	203	201	200	199	198	196	196	195	194	195	194	194	194	197	203	204	203	201	200	202	199	198	196	196	89	136	136	110	92	92	92	92	92	93	92	92	92	92	92	96	108	106	94	91	92	68	49	91	147	227	221	184	212	211	209	209	207	207	206	203	202	201	213	237	249	185	248	250	252	253	253	254	253	255	255	255	255	254	255	255	254	252	253	251	166	88	109	69	82	90	57	56	57	55	29	134	138	137	123	80	112	92	92	58	90	92	92	93	80	74	92	92	93	92	58	94	93	78	143	136	139	76	36	41	66	104	108	109	108	109	106	118	253	253	253	253	253	255	255	254	254	253	253	254	253	249	218	187	227	191	164	158	162	154	158	195	195	194	195	195	197	198	198	199	198	199	199	201	169	198	157	94	91	92	92	73	51	76	88	88	92	92	92	92	92	92	92	93	92	93	92	92	116	137	138	82	158	152	152	153	155	154	154	153	153	156	160	164	169	173	177	186	186	183	165	168	199	209	210	208	210	210	211	212	141
146	211	210	209	210	210	210	210	210	209	209	209	208	207	207	206	206	205	204	204	203	202	202	201	200	199	198	198	197	198	206	203	204	203	201	199	198	198	196	182	88	143	135	109	92	92	92	93	92	92	92	92	93	92	93	92	92	92	92	92	92	89	56	105	209	236	177	211	210	209	209	208	207	206	204	202	202	216	238	250	190	249	250	252	253	254	254	253	254	255	253	253	252	253	254	253	250	246	150	84	108	109	84	87	68	57	56	57	30	41	104	137	137	124	92	134	92	94	59	94	93	92	92	94	53	94	92	91	94	51	96	107	109	122	137	140	49	57	29	77	109	108	108	108	109	84	182	251	252	252	252	252	254	255	255	255	255	255	254	253	250	233	179	229	196	166	157	160	157	145	192	193	194	195	195	195	197	197	197	197	198	197	197	156	211	119	92	93	93	70	62	93	92	93	92	93	92	92	93	93	92	92	92	92	92	92	104	137	140	92	161	197	197	198	198	199	198	199	197	198	196	195	195	193	192	192	189	184	185	194	208	209	210	210	211	211	211	211	212	141
147	214	213	212	212	212	212	212	211	211	211	211	210	211	210	209	209	208	207	207	206	205	205	203	202	202	202	201	200	203	206	206	204	204	203	201	200	199	199	198	152	85	138	137	115	92	91	92	92	92	92	92	92	92	92	92	92	92	92	92	92	92	92	92	178	230	164	211	208	208	207	207	206	205	203	201	201	218	241	250	179	249	251	252	253	253	254	254	254	255	255	255	254	255	254	252	227	109	92	108	109	108	109	95	84	57	57	35	51	56	53	144	110	97	139	113	92	95	57	94	92	92	92	95	47	94	93	92	95	46	93	104	134	88	135	117	38	55	48	69	109	108	108	108	109	53	128	245	254	254	253	253	253	255	255	255	255	255	255	254	250	243	167	233	201	164	154	156	159	132	191	190	190	191	192	192	194	195	195	196	196	197	168	184	201	105	93	92	92	92	93	93	92	93	93	93	93	93	93	93	92	92	92	92	92	102	132	139	107	138	198	198	199	199	199	201	202	203	203	204	206	205	206	206	206	207	208	210	211	209	210	211	211	211	212	212	211	213	213	142
148	215	215	214	214	214	213	212	212	212	212	212	212	212	212	211	210	210	210	209	209	208	207	207	206	205	203	202	202	205	210	208	207	205	204	204	203	202	201	199	198	158	92	136	140	123	100	92	93	93	93	92	93	93	93	93	92	92	92	92	92	92	92	92	164	225	157	212	206	205	204	205	204	204	203	201	202	221	241	251	183	249	251	252	253	252	253	253	254	255	254	254	251	250	238	149	87	102	92	110	109	109	109	108	80	56	53	37	57	55	40	83	131	136	110	93	92	96	53	94	93	92	93	95	49	93	93	92	94	51	96	92	102	132	83	58	56	55	57	50	110	108	109	108	93	59	99	101	239	253	253	253	255	255	255	255	255	255	255	254	250	245	171	235	205	165	152	152	155	123	190	188	189	189	190	191	193	193	194	195	195	195	143	216	199	106	93	92	92	92	92	92	92	93	93	93	93	93	93	92	92	92	92	92	105	134	140	109	142	199	198	198	200	200	200	201	202	203	205	205	204	206	206	208	208	208	210	211	211	211	211	212	212	212	212	212	213	214	215	145
150	217	216	216	216	216	217	215	215	215	214	214	213	212	213	212	212	212	211	211	211	210	210	210	208	207	205	204	204	209	212	211	210	210	208	206	206	204	204	201	201	200	191	122	107	139	137	113	94	91	92	92	92	93	93	92	92	92	92	92	92	92	92	92	113	194	178	177	195	200	204	203	202	201	200	199	201	222	243	252	196	248	251	252	253	252	253	252	254	254	254	254	224	130	79	100	118	51	80	110	108	108	110	101	61	56	32	67	54	54	51	104	122	99	92	92	91	42	72	93	92	93	92	92	53	93	91	92	92	68	73	93	92	115	118	35	57	57	56	40	108	109	108	109	48	54	90	103	110	251	252	253	254	255	255	255	255	255	255	254	251	248	175	235	206	166	148	150	152	118	187	186	187	188	189	190	191	191	192	194	194	196	143	217	187	101	91	92	92	92	92	92	92	92	92	93	93	92	93	93	91	92	97	122	140	132	97	151	198	198	200	200	200	200	202	204	205	206	207	207	206	208	209	209	211	212	211	205	202	204	204	206	206	207	208	210	211	211	212	143
149	218	216	217	217	217	216	217	216	216	216	216	215	213	214	214	213	213	212	211	211	211	210	210	210	210	210	209	206	216	215	214	213	212	211	211	209	209	207	205	204	202	202	202	176	123	116	139	134	111	96	92	91	93	91	92	92	92	93	93	92	92	92	92	91	113	179	158	215	208	186	202	199	199	196	196	198	224	243	250	185	248	252	254	253	253	254	254	253	254	254	254	246	231	243	250	163	86	108	85	110	108	110	84	56	57	46	71	56	51	57	91	93	94	89	75	56	42	96	91	93	93	94	59	50	93	92	93	92	102	53	92	93	104	82	41	56	56	56	38	104	108	109	102	24	50	64	107	69	202	251	252	255	255	254	254	254	255	255	254	251	247	161	236	209	164	145	146	147	115	178	184	185	186	187	188	189	189	190	191	193	177	163	206	140	92	92	93	92	92	92	93	92	92	92	92	93	92	91	92	103	121	136	134	103	121	185	200	200	201	202	202	203	204	206	207	207	208	209	209	211	211	211	212	213	213	214	194	206	206	205	206	206	207	205	205	207	207	208	140
144	205	200	200	201	201	201	203	207	210	212	212	213	216	216	216	216	214	214	215	214	214	213	213	212	212	212	212	208	219	218	217	217	216	215	215	213	212	211	210	208	208	206	204	203	204	184	140	126	133	137	120	104	93	92	91	92	92	92	92	92	92	92	92	92	92	100	147	136	247	235	178	194	195	196	192	197	224	244	251	190	250	252	253	254	254	254	254	253	254	254	254	252	252	251	203	79	108	89	58	109	109	109	77	54	47	70	77	55	54	49	44	47	35	94	121	95	67	82	92	93	92	63	74	80	61	92	90	93	99	66	99	53	46	44	56	57	27	47	37	102	108	108	86	106	157	60	116	96	147	253	251	255	255	255	254	254	254	254	254	251	249	157	237	212	166	144	140	143	120	161	182	182	183	185	185	187	189	189	183	185	144	193	147	93	92	92	92	92	92	92	92	93	93	92	92	94	102	115	131	139	130	100	121	179	200	201	202	204	204	204	205	207	207	209	209	211	211	212	212	213	213	213	213	217	216	216	195	210	209	209	209	210	210	210	210	209	210	211	142
146	210	207	204	204	201	198	197	193	193	191	190	188	190	191	192	192	190	187	188	192	193	195	198	198	196	198	195	209	218	220	220	219	218	218	218	216	215	215	213	213	211	210	209	208	206	204	203	199	171	132	119	131	138	121	105	94	92	92	92	92	92	93	93	91	91	91	96	76	233	251	245	178	182	191	190	196	222	245	248	189	251	253	252	255	254	254	255	254	254	254	254	252	253	251	99	108	108	89	50	111	108	107	71	57	48	75	80	56	56	56	56	56	56	51	114	96	93	78	69	69	64	81	93	92	86	62	66	68	62	129	83	52	57	57	57	58	28	38	40	105	108	109	70	152	224	220	113	246	204	199	218	247	251	251	252	254	254	254	254	252	249	172	231	215	167	141	137	140	127	139	180	179	182	183	184	179	163	173	199	126	163	127	92	92	92	91	91	93	92	92	92	93	99	108	121	133	141	138	116	99	135	191	201	202	203	204	205	206	206	208	210	210	211	212	212	211	212	213	215	215	216	217	217	219	217	219	198	212	211	211	210	211	210	210	211	210	210	212	142
155	227	225	226	226	225	226	226	226	225	224	222	221	220	219	217	213	211	210	206	203	201	198	196	196	196	195	202	221	221	220	221	220	219	218	218	218	217	217	215	214	213	213	211	211	211	209	208	205	204	206	191	156	122	117	135	132	103	92	92	92	92	92	92	92	92	92	96	89	199	209	240	251	191	166	185	194	227	245	240	190	252	253	253	254	254	253	253	254	254	254	254	251	252	247	57	98	130	171	88	103	108	106	70	56	47	62	66	56	57	56	56	56	56	57	43	54	89	92	92	93	92	91	93	93	91	92	93	94	89	56	53	56	56	57	56	49	38	56	59	98	109	103	53	169	221	221	124	252	251	252	228	176	186	247	251	255	255	255	254	251	250	196	198	217	169	137	133	135	131	120	177	176	179	178	153	187	236	232	128	149	106	91	93	92	92	92	92	93	93	96	114	131	138	141	135	114	102	128	171	201	203	202	205	206	206	207	208	211	210	211	212	212	213	214	214	215	215	216	216	217	217	218	218	218	219	219	199	211	210	211	211	212	211	211	211	210	211	212	142
154	227	226	225	225	225	225	225	225	225	225	225	225	225	225	225	225	225	225	224	225	225	225	225	224	224	224	222	223	222	223	221	222	220	220	220	219	219	218	218	218	216	215	214	213	213	212	212	210	209	208	206	206	204	193	159	128	119	114	93	92	93	93	92	92	93	92	87	111	198	198	198	222	248	204	152	192	225	246	199	222	251	253	252	253	254	254	254	253	252	253	252	244	207	193	182	234	250	249	227	74	110	105	68	56	52	33	56	56	50	57	57	56	56	56	56	54	40	56	87	93	92	92	92	92	92	92	91	61	41	55	57	56	56	56	55	34	53	56	56	74	106	88	43	169	222	150	182	230	236	248	252	252	225	155	196	248	252	252	252	252	250	215	177	219	172	137	127	131	135	102	175	176	156	156	229	252	252	209	93	97	91	93	92	93	92	92	91	91	107	135	141	128	109	106	131	176	201	205	205	207	207	207	209	211	211	212	212	213	213	213	214	213	216	217	217	218	217	217	218	218	219	219	219	219	219	219	203	212	211	212	211	212	211	213	212	214	213	215	144
154	226	225	225	225	225	225	225	225	225	225	225	225	225	225	225	226	225	225	224	225	225	225	225	223	223	223	223	223	222	222	222	222	220	220	220	220	219	219	218	218	218	217	216	214	213	212	212	211	210	208	208	207	205	204	203	203	172	103	105	98	92	93	93	93	92	92	79	152	197	198	199	198	203	234	218	148	227	248	170	243	252	252	253	253	253	253	253	253	248	213	188	184	226	249	249	251	250	249	244	175	68	104	60	55	44	32	60	45	60	55	56	56	56	56	56	56	56	54	41	54	82	93	93	93	93	72	43	51	56	57	55	55	56	55	57	61	66	52	56	57	86	76	44	155	221	113	227	222	222	224	235	250	250	250	207	139	196	250	248	253	250	240	166	222	176	136	125	128	132	95	164	142	212	251	251	252	243	205	51	94	92	92	93	92	92	92	91	103	136	131	97	157	192	205	204	204	206	206	207	209	209	210	211	212	212	213	213	214	214	215	216	216	217	218	218	218	218	218	219	219	219	220	220	219	220	221	213	207	213	211	212	213	212	214	213	214	214	216	146
156	225	225	225	225	225	225	225	225	225	225	225	225	225	225	225	225	224	224	224	224	224	224	224	223	222	222	222	223	223	222	221	222	220	220	220	220	219	218	218	218	217	217	216	214	214	213	212	211	211	209	209	207	206	206	203	201	202	200	105	87	88	94	91	93	92	93	59	195	198	198	198	198	198	198	217	226	136	189	150	213	243	252	251	250	252	249	218	184	187	211	248	251	251	251	248	233	218	205	199	203	91	81	56	53	83	144	44	96	182	41	57	56	56	56	57	56	55	55	57	56	46	50	61	60	48	50	57	56	57	56	56	56	56	56	42	180	218	117	51	53	57	60	56	111	220	213	223	223	222	223	224	226	238	250	251	249	178	133	251	253	251	241	148	225	181	139	126	129	124	109	197	246	252	251	249	224	201	198	62	95	93	92	92	92	92	92	92	126	108	123	195	202	203	204	204	205	206	208	209	209	211	211	211	212	213	214	213	214	216	217	217	217	218	218	218	219	219	219	219	219	220	219	220	222	221	222	220	202	213	213	212	214	213	213	214	214	214	216	145
157	214	225	226	225	225	225	225	225	225	225	225	225	225	225	225	225	224	224	224	224	224	224	224	223	222	222	222	223	223	222	222	220	220	220	219	219	219	218	217	217	217	216	213	214	212	212	212	211	209	209	208	207	205	205	203	202	202	200	128	223	115	66	93	92	93	95	80	204	198	198	198	198	198	199	198	202	219	148	225	227	176	178	228	202	186	188	218	244	250	250	251	245	231	214	202	199	195	197	198	198	134	41	44	87	192	200	98	165	198	153	43	58	56	56	56	57	56	56	56	56	55	57	55	54	57	55	57	56	56	56	55	56	56	56	93	226	223	226	206	116	58	48	57	54	224	222	221	222	222	223	222	223	222	227	242	250	210	85	250	252	252	248	165	230	191	143	117	123	188	245	250	251	250	233	206	197	197	201	76	97	93	91	92	92	92	93	92	79	156	202	201	203	204	205	206	205	207	209	209	210	210	212	212	212	213	214	214	217	216	217	218	218	218	219	218	219	219	219	220	220	220	220	221	222	222	221	221	209	196	209	211	211	214	214	215	214	215	215	144
157	210	226	226	226	227	226	227	226	226	226	226	226	225	225	225	225	225	225	225	225	224	224	224	224	223	222	221	222	223	223	222	222	222	221	220	219	219	218	218	218	218	217	217	216	213	212	212	211	211	210	207	206	206	204	204	203	201	192	138	230	167	120	65	83	93	87	121	198	198	198	198	198	198	198	198	197	197	209	156	188	232	218	127	183	249	251	250	251	244	228	211	200	199	198	199	198	113	201	196	196	117	55	161	201	198	198	201	199	198	198	143	44	57	57	55	55	56	57	56	56	56	56	56	57	57	57	57	56	56	56	57	56	59	55	215	222	222	222	222	226	216	166	101	60	130	224	222	222	222	222	222	221	223	222	224	207	84	159	241	251	251	247	165	221	158	147	207	250	252	251	251	239	212	198	199	198	198	198	124	79	91	92	93	92	91	79	58	180	203	201	205	204	205	206	206	208	210	211	211	212	212	213	213	213	215	217	217	218	218	218	218	218	218	219	219	219	220	221	221	222	222	222	221	221	222	222	222	222	215	206	201	200	201	199	198	198	198	196	133
156	211	226	226	226	227	226	227	226	226	226	226	225	225	225	225	225	225	225	225	225	224	224	224	223	223	223	222	223	223	223	222	222	222	221	220	219	219	218	218	217	218	217	215	215	213	213	212	212	212	210	206	206	206	204	204	200	204	148	185	227	150	133	133	88	68	60	181	198	198	198	198	198	198	198	198	197	198	197	201	155	126	200	203	170	160	226	227	208	198	197	197	199	199	198	199	127	171	195	196	196	193	201	199	197	198	198	197	199	197	200	199	155	48	56	57	55	37	47	56	56	56	57	56	56	56	56	56	58	54	46	51	56	58	200	223	222	222	222	222	223	224	224	228	220	205	224	222	223	222	222	222	223	223	225	193	110	240	234	144	181	209	186	91	182	229	250	250	251	251	241	215	199	198	198	198	198	198	197	177	59	93	93	92	93	69	130	102	199	202	202	204	204	205	206	206	208	211	211	211	212	212	213	213	213	215	217	217	218	218	218	218	218	218	219	219	219	220	220	220	221	222	222	222	222	222	222	223	223	224	223	224	223	223	223	223	223	224	225	150
150	216	226	227	226	226	226	227	226	226	226	225	225	225	225	225	225	225	225	225	225	224	224	224	224	224	224	224	223	223	222	221	222	222	221	220	220	219	219	218	218	218	217	214	213	215	213	212	212	211	211	207	207	205	204	204	203	204	116	230	217	142	132	132	135	103	55	206	197	198	198	199	198	198	198	198	198	198	198	198	199	161	120	199	197	196	127	186	198	198	198	198	198	198	199	199	88	204	197	198	197	198	198	198	198	198	198	198	198	198	198	198	198	178	68	48	49	139	74	54	56	56	56	56	56	56	56	56	56	56	42	33	83	214	222	222	222	222	223	224	213	222	221	223	222	223	223	222	222	222	222	222	222	226	156	101	202	226	248	227	145	249	248	183	144	248	251	249	237	212	198	198	198	198	198	198	197	198	197	202	67	94	92	91	59	139	232	149	158	201	203	203	204	204	206	207	209	210	211	211	212	212	213	213	215	214	216	217	217	217	218	218	218	219	219	219	219	220	220	220	220	222	222	222	222	222	222	223	223	222	222	222	222	223	223	223	222	224	225	150
140	224	226	227	226	226	226	227	226	225	225	224	225	225	225	225	225	225	225	225	225	224	224	224	225	225	224	223	223	222	222	221	222	222	221	220	220	219	219	218	217	217	217	214	214	214	212	211	212	210	210	207	206	205	204	203	202	203	112	238	206	134	133	133	133	116	125	198	198	198	198	198	198	198	198	198	198	198	198	198	196	201	159	189	197	197	199	197	198	198	198	198	198	199	199	134	160	197	198	197	198	198	198	198	198	198	198	198	198	198	198	198	198	199	200	139	55	88	198	70	51	57	56	56	56	57	56	56	56	48	189	123	222	222	222	222	223	222	221	131	198	222	222	221	222	221	221	222	222	222	222	222	226	137	144	201	199	198	203	220	114	220	206	203	173	127	227	207	198	197	197	197	198	198	198	198	198	198	198	199	119	82	83	64	126	143	215	214	103	204	201	204	204	204	205	207	208	209	210	211	212	212	213	213	213	214	214	216	217	217	218	218	218	219	219	219	219	220	220	220	220	222	222	222	222	222	222	222	223	223	222	222	223	222	222	222	222	224	225	150
144	229	225	226	226	227	226	227	227	227	226	226	226	226	226	226	225	225	225	225	225	225	224	223	224	223	224	221	224	223	223	223	222	221	221	220	220	219	219	218	218	218	216	216	214	213	212	212	212	211	210	207	206	206	205	203	204	195	122	234	193	132	133	132	134	76	196	198	198	198	198	198	198	198	198	198	198	198	198	198	198	198	198	198	198	198	198	198	198	198	198	198	198	198	204	58	204	199	196	198	198	198	198	197	198	199	198	198	197	198	197	198	198	198	199	199	195	173	200	121	86	43	57	56	55	56	56	55	48	186	224	225	223	221	222	222	224	203	132	211	223	222	222	222	222	222	222	222	221	223	221	223	113	161	199	198	198	198	198	200	90	201	198	198	200	119	161	197	198	198	198	198	198	198	198	198	198	198	198	198	191	41	79	135	132	135	202	233	94	200	202	203	203	204	205	207	207	209	211	212	212	212	213	212	214	215	216	217	217	218	218	218	218	219	219	219	220	220	221	222	222	222	222	222	222	222	222	223	223	223	223	222	223	222	223	223	222	223	225	149
156	226	225	227	226	227	226	227	227	227	226	226	226	226	226	226	225	225	225	225	225	224	224	223	224	224	222	222	224	223	223	223	221	222	221	220	219	219	218	218	218	218	217	217	215	214	213	213	212	211	209	207	206	206	205	203	202	173	137	233	191	132	134	132	135	98	202	198	198	198	198	198	198	198	198	198	198	198	198	198	198	198	198	198	198	198	198	198	198	198	198	199	198	197	205	90	200	199	197	198	198	198	198	199	199	201	201	201	200	198	193	187	185	177	170	162	154	159	107	188	227	180	64	47	56	56	52	65	196	223	222	223	222	222	222	226	158	148	225	221	222	222	222	223	222	222	222	223	222	223	207	99	178	199	198	198	199	197	199	197	113	201	198	198	199	199	140	199	198	198	198	198	198	198	198	198	198	197	198	197	202	84	136	132	133	132	185	232	146	168	202	202	203	204	205	206	207	209	211	213	212	213	213	213	213	214	216	217	217	218	218	218	218	219	219	219	220	220	220	221	222	222	222	222	221	222	223	223	223	223	223	223	223	222	222	222	223	222	224	150
158	226	226	227	226	227	226	227	226	226	227	227	227	227	227	226	226	225	226	226	226	226	224	224	224	224	223	223	223	222	223	222	222	222	222	220	219	219	219	218	219	217	216	216	215	214	212	213	211	210	210	207	207	206	204	203	202	155	166	232	183	132	133	133	91	169	198	198	198	198	198	198	198	198	198	198	198	198	198	198	198	198	198	198	198	198	198	198	198	198	198	198	198	198	169	130	200	201	201	200	190	178	160	145	132	118	103	100	91	81	79	77	77	79	79	83	54	119	222	223	222	224	221	143	65	42	119	217	223	223	222	222	222	223	213	122	192	223	222	222	222	223	222	222	222	221	222	223	224	181	102	196	197	198	199	197	198	198	198	198	200	197	198	198	198	199	199	198	198	198	198	198	198	198	198	198	198	198	199	199	199	160	87	133	132	132	180	230	205	119	203	202	203	204	205	206	207	209	210	211	212	212	213	214	214	214	216	217	217	217	218	218	218	218	219	220	220	220	220	221	222	222	222	222	222	222	223	222	223	223	223	223	223	222	222	223	223	223	225	149
158	226	226	227	226	227	226	227	226	226	227	227	228	228	227	226	226	225	226	226	226	226	225	225	224	223	224	224	225	222	223	222	222	222	222	220	220	219	219	219	218	217	217	216	215	213	213	212	212	210	210	208	207	207	205	204	204	145	174	231	177	131	134	135	90	203	197	198	198	198	198	198	198	198	198	198	198	198	198	198	198	198	198	199	199	198	198	198	198	198	198	198	201	198	125	110	135	111	92	80	75	77	79	85	89	91	92	91	92	91	91	91	90	90	77	77	194	226	223	223	223	221	222	224	134	168	227	223	221	221	222	222	224	186	113	219	222	223	221	221	222	222	222	222	221	222	221	225	156	79	177	197	200	198	198	198	198	198	198	197	198	198	198	197	199	198	198	198	198	198	198	198	198	198	198	198	198	198	198	198	197	201	90	126	132	133	167	229	225	90	204	203	203	204	205	206	206	209	210	209	212	212	213	214	215	214	216	216	216	217	218	218	219	219	219	220	220	220	221	222	222	222	222	222	222	221	222	223	223	223	223	223	222	223	224	224	224	224	225	150
156	226	227	226	227	226	226	226	226	226	226	226	226	226	226	226	226	226	226	226	226	226	225	225	224	222	223	224	222	224	223	223	222	222	222	221	220	220	219	219	218	218	218	217	217	216	214	212	211	210	210	209	209	207	206	205	203	147	178	232	173	131	135	81	176	196	199	197	198	198	198	198	198	198	198	198	198	198	198	198	198	198	198	198	198	198	198	198	197	198	197	192	101	77	71	79	85	91	93	93	91	91	90	91	91	91	90	91	90	90	91	91	87	70	151	225	223	221	222	222	221	226	185	123	207	224	222	221	222	222	223	224	154	137	226	222	222	222	222	222	222	222	222	222	223	223	223	132	66	77	75	76	114	192	198	198	198	198	198	198	198	198	198	198	198	198	198	198	198	198	198	198	198	198	198	198	198	198	198	199	198	198	193	69	137	132	159	229	231	97	201	204	204	205	205	206	206	209	210	210	212	212	212	214	215	216	217	217	217	218	218	218	218	219	219	220	220	220	221	221	222	222	222	222	222	222	223	223	223	223	223	223	223	222	223	224	224	224	226	150
157	227	228	228	228	227	226	226	226	226	226	226	226	226	226	226	226	226	226	227	227	226	225	225	223	223	224	223	222	224	223	223	223	222	222	221	220	220	219	219	218	218	218	217	217	216	214	213	212	211	210	209	208	206	206	205	203	162	169	232	179	131	114	116	201	199	197	197	198	198	198	198	199	199	199	198	198	198	198	198	198	198	198	198	198	198	198	198	199	197	202	96	89	92	91	91	91	91	91	90	90	90	90	90	90	90	90	90	91	89	90	74	121	213	223	222	222	223	222	224	215	145	167	225	223	222	221	222	222	222	217	129	178	226	222	223	222	222	222	222	222	222	222	222	223	220	96	77	91	89	89	93	85	66	187	197	198	198	198	198	198	198	198	198	198	198	198	198	198	198	198	198	198	198	198	198	199	198	198	199	199	197	199	157	93	133	159	228	231	87	192	202	204	205	205	206	206	209	210	210	212	212	213	213	214	216	216	217	218	218	218	217	218	219	219	220	220	220	221	221	222	222	222	222	223	223	223	223	223	223	223	223	223	222	222	225	224	224	227	150
157	227	228	227	227	227	227	227	227	227	227	226	226	226	226	226	227	226	226	225	225	225	225	224	224	224	224	223	223	223	223	223	223	222	222	222	220	220	220	219	218	217	218	217	217	216	215	212	211	211	209	209	207	207	207	205	203	182	133	231	198	130	88	200	198	198	198	198	198	198	198	197	197	198	198	197	198	198	198	198	198	198	198	198	198	198	198	198	198	197	184	58	92	92	91	91	91	91	90	90	91	91	92	92	91	91	92	90	92	75	102	199	226	221	222	222	222	224	221	164	151	219	223	223	222	224	222	223	225	191	118	212	223	222	222	222	222	222	222	222	222	221	222	224	192	79	86	91	91	91	91	91	92	91	71	199	198	197	198	198	198	198	198	198	198	198	198	198	198	198	198	198	197	198	198	198	198	198	198	198	199	198	197	201	105	113	161	228	233	96	189	204	203	205	205	205	206	209	210	210	211	212	213	213	214	215	216	217	217	218	218	218	218	219	219	219	220	220	221	220	222	221	222	221	223	223	223	223	223	224	224	224	223	223	222	224	225	223	227	150
156	227	228	228	228	229	228	228	228	227	227	227	227	226	226	226	227	227	226	225	225	224	226	225	225	225	224	223	224	224	224	224	223	222	222	222	220	220	221	220	219	219	219	217	217	215	215	215	212	211	210	209	208	208	207	205	204	206	99	237	209	95	195	198	199	204	207	208	206	208	207	203	200	199	198	198	198	198	198	198	198	198	198	198	198	198	198	198	197	199	105	90	91	90	87	84	82	80	78	78	78	79	78	77	79	78	78	69	100	187	226	223	223	222	222	223	222	171	144	206	225	222	223	222	222	223	223	226	145	145	224	223	223	222	222	223	222	222	222	222	221	222	225	158	64	92	90	90	90	90	90	90	90	91	78	128	199	197	198	198	198	198	198	198	198	198	198	198	198	198	197	197	197	197	198	199	201	203	205	200	197	198	198	198	196	153	165	230	232	116	180	204	204	206	206	206	206	209	210	210	211	212	213	214	213	214	217	217	217	218	219	219	219	219	220	219	220	220	220	220	221	221	221	224	223	223	223	223	224	225	224	224	224	224	223	224	225	224	226	150
156	228	227	227	228	227	227	228	228	227	227	226	227	226	226	226	226	226	225	225	224	225	225	224	226	226	225	224	225	225	225	224	222	222	220	220	220	221	221	222	220	220	218	218	219	217	214	213	213	211	210	210	210	208	206	205	205	205	150	166	238	243	243	243	247	250	251	251	251	251	251	250	248	245	239	231	222	213	205	199	197	197	197	198	198	198	198	197	197	183	69	136	113	119	141	148	164	174	177	182	188	191	191	193	189	152	145	190	226	222	222	222	222	223	224	177	150	202	225	222	222	222	222	223	221	222	215	121	182	224	222	222	222	222	223	222	222	221	221	222	223	221	114	73	91	90	91	90	89	91	91	91	90	94	140	62	202	197	198	198	198	198	198	197	197	197	198	199	203	210	217	225	232	240	243	245	247	247	200	180	222	206	198	198	198	198	216	230	232	109	187	203	204	205	207	209	209	209	210	210	212	213	214	214	214	216	216	217	218	218	218	219	218	219	220	220	219	218	219	221	222	222	222	222	223	223	223	223	223	224	225	225	225	225	224	225	225	224	226	151
157	228	227	228	227	228	228	227	228	227	227	227	226	226	226	226	226	226	226	226	226	225	225	225	226	226	226	225	225	225	224	223	222	223	221	221	224	210	178	168	161	159	158	157	158	162	164	185	212	215	212	211	210	209	207	207	206	204	204	151	163	185	187	177	171	161	167	194	215	234	244	251	250	251	251	251	251	251	250	246	241	235	229	224	223	222	224	228	234	123	235	248	222	199	198	198	198	197	198	198	199	201	182	142	158	206	226	223	222	222	222	223	223	174	148	200	225	224	222	222	223	222	222	223	227	178	120	216	222	222	221	222	222	222	222	222	221	222	222	225	196	105	66	91	90	90	90	92	92	91	87	73	63	123	182	55	201	197	196	198	198	199	202	210	218	227	237	243	248	251	252	251	251	251	251	251	250	249	242	180	116	216	234	219	205	213	246	247	242	93	190	205	204	205	206	207	209	209	210	210	212	212	213	213	215	216	216	217	218	218	218	219	218	219	220	220	219	219	220	221	222	222	223	223	223	223	223	223	222	224	225	225	225	225	224	225	225	224	225	152
156	228	227	228	227	228	228	227	227	227	227	227	226	225	226	226	226	226	226	226	226	225	225	225	226	226	226	226	225	225	224	223	222	223	224	208	165	156	170	170	168	168	165	165	164	164	165	159	145	156	203	212	211	210	209	210	209	207	208	208	208	202	194	159	105	90	67	123	133	132	128	136	155	185	214	237	246	252	249	251	252	251	251	251	250	245	236	221	162	190	251	249	215	196	199	198	199	198	199	198	163	142	175	218	225	222	222	223	223	222	223	179	153	201	226	222	223	222	222	222	222	222	224	215	139	173	227	222	222	222	222	222	222	222	222	222	222	222	226	163	135	203	70	92	91	91	91	76	65	62	34	76	89	182	164	99	242	235	231	234	239	244	249	251	251	252	251	252	252	251	250	250	250	250	241	209	175	140	108	143	82	170	163	206	238	249	250	251	228	93	206	204	204	205	206	208	209	209	210	211	212	212	213	213	214	216	216	217	218	218	218	219	219	219	220	220	219	219	220	221	222	222	223	223	223	223	223	223	223	224	225	225	225	225	224	225	224	224	225	151
156	228	227	227	227	227	227	227	228	228	228	228	228	227	228	227	226	226	226	226	226	225	225	225	226	226	226	226	226	224	224	224	223	225	178	147	172	169	169	168	168	167	165	163	161	161	160	159	161	168	145	185	213	215	215	214	216	215	215	215	216	214	202	172	96	113	67	152	147	147	147	145	142	134	135	166	189	202	170	195	194	189	197	188	193	193	199	203	90	247	251	250	246	205	198	200	200	180	145	157	197	226	223	223	223	222	222	225	220	192	165	204	225	222	223	222	222	222	223	222	222	225	166	129	215	222	223	223	222	223	222	222	222	222	222	222	222	220	126	160	200	199	182	75	82	84	36	73	91	89	53	93	82	155	94	226	252	252	251	250	252	252	252	251	252	252	252	252	251	248	232	186	139	120	114	119	135	145	143	177	82	217	209	190	170	168	180	175	116	186	204	205	206	207	208	209	209	210	211	211	214	213	214	214	215	216	217	217	218	218	219	219	220	220	220	220	219	219	220	221	222	222	223	223	222	223	223	225	224	225	225	224	225	225	224	225	224	224	226	150
157	227	227	228	227	228	228	227	228	227	227	228	227	227	227	227	227	228	227	226	226	227	227	227	226	226	225	224	225	225	225	223	224	183	122	174	171	172	153	143	144	143	146	148	151	156	157	161	166	165	188	131	218	220	220	219	219	219	219	218	219	218	199	179	93	121	76	161	155	153	152	152	150	149	163	215	243	226	193	253	254	254	254	255	254	253	253	251	122	251	252	252	249	222	188	152	139	171	219	225	222	221	223	222	223	224	214	162	176	214	227	223	222	222	222	222	222	222	224	225	200	123	176	226	223	222	222	222	222	222	223	223	222	223	224	224	197	112	183	198	198	197	198	199	127	50	60	91	90	59	81	89	105	86	172	189	219	238	248	251	251	251	251	251	245	231	209	169	131	93	79	84	74	95	146	145	146	148	148	174	89	211	211	213	214	216	216	214	216	215	214	213	212	212	211	211	211	211	211	212	214	214	214	215	215	216	217	218	219	219	219	220	220	220	220	220	221	220	222	223	223	223	223	223	223	223	224	225	225	225	225	225	225	225	224	226	225	225	226	151
157	227	227	228	227	228	228	227	227	228	228	227	227	227	227	227	228	228	228	226	226	226	227	227	227	227	226	226	225	225	225	223	191	100	143	173	173	171	167	113	114	116	115	115	116	117	117	128	176	173	171	192	164	224	224	222	222	222	222	222	222	221	195	186	93	126	91	165	161	160	160	159	158	158	176	223	245	202	221	253	255	255	255	255	254	253	253	246	139	251	251	246	210	154	153	207	226	224	222	223	222	222	223	225	213	153	148	212	224	222	223	222	222	222	222	222	223	223	219	141	141	219	223	222	222	222	222	222	222	222	222	222	222	221	227	161	120	200	201	200	193	174	147	131	154	92	92	90	93	48	93	88	110	127	247	231	91	200	187	194	195	199	200	197	198	145	211	174	125	101	100	102	98	77	152	152	153	155	154	169	117	195	214	218	217	218	218	219	219	219	219	219	220	220	219	218	218	217	216	214	215	215	216	217	217	217	218	218	219	219	219	220	220	220	220	220	221	221	222	222	223	223	223	223	223	223	224	225	225	225	225	225	225	225	224	226	225	225	227	152
157	228	228	229	228	229	229	228	229	229	229	229	227	227	227	227	227	227	227	226	226	226	226	226	226	227	227	227	226	225	219	194	130	116	162	176	176	178	182	141	124	125	125	125	127	125	123	176	177	178	177	200	156	225	224	225	225	225	224	223	223	224	192	186	97	132	106	169	168	167	168	168	168	170	188	230	248	183	252	253	255	255	255	255	253	252	253	222	123	220	185	183	221	249	229	222	223	223	222	223	223	225	197	148	164	217	224	223	222	222	222	223	221	222	221	223	223	166	140	209	226	222	223	222	222	222	222	222	221	221	221	223	223	218	137	164	186	163	146	139	146	168	192	201	184	57	90	91	85	43	90	91	94	120	206	251	164	212	252	252	253	253	253	252	250	150	231	196	134	108	109	110	112	67	161	156	157	159	158	168	146	167	217	218	219	219	219	220	220	221	221	220	222	222	222	223	222	223	224	223	223	222	220	220	220	219	218	218	218	219	219	220	220	219	220	221	221	222	222	222	222	223	222	224	223	223	223	225	225	225	225	225	225	225	224	226	226	225	227	152
157	229	229	230	229	230	230	229	230	230	230	230	228	228	227	227	227	227	227	227	227	227	227	227	227	227	227	227	227	227	213	196	129	118	181	180	182	182	181	164	134	135	134	132	130	130	155	182	181	180	179	200	148	204	201	204	204	208	209	207	209	208	179	166	105	128	127	174	175	175	176	176	177	180	200	235	249	183	251	253	255	255	255	255	253	251	230	172	133	206	246	251	252	252	236	223	223	223	226	220	173	142	179	224	224	223	222	221	222	222	222	222	221	222	222	217	179	201	227	222	222	222	222	223	223	223	222	222	223	221	222	227	180	102	142	155	170	183	197	202	199	197	198	199	112	86	90	91	62	152	63	91	92	121	152	251	240	142	251	253	253	253	254	253	251	145	235	205	148	117	116	117	120	66	165	161	162	163	164	166	178	142	220	220	222	221	221	222	222	223	223	223	223	224	224	225	225	225	225	225	225	225	225	224	226	225	224	224	224	223	222	221	220	219	220	221	222	222	222	223	223	223	223	224	224	225	225	224	225	225	225	225	225	225	224	226	226	225	227	152
157	229	229	229	229	229	229	229	229	230	230	229	229	228	228	228	229	229	229	229	229	229	229	228	229	230	231	231	231	231	213	201	129	120	190	184	185	185	186	187	185	185	183	181	180	178	184	183	183	183	182	190	189	186	186	186	185	187	186	183	184	182	184	180	180	180	177	183	182	183	184	185	185	187	209	239	249	193	253	253	255	255	255	253	196	183	214	244	253	253	254	254	251	251	231	223	226	202	154	158	202	226	224	222	222	222	222	222	222	222	222	222	222	221	223	222	224	223	222	222	222	222	222	222	222	222	222	222	223	222	221	141	151	202	198	198	198	198	198	198	198	197	197	202	67	93	92	91	59	194	101	90	91	101	119	244	251	142	237	250	253	254	254	254	251	172	239	215	160	129	124	124	126	70	164	166	167	167	168	167	199	124	224	224	224	225	225	225	225	225	225	226	226	226	226	226	227	227	227	227	226	226	226	226	226	226	227	227	227	227	227	227	227	227	226	225	224	224	223	223	224	225	224	224	225	225	224	224	225	225	226	225	225	224	225	226	227	225	227	153
158	229	229	229	229	229	229	230	229	229	229	229	229	229	229	229	230	230	231	231	231	231	231	231	232	232	232	232	233	232	213	206	128	127	190	189	189	187	187	179	168	172	173	174	177	177	188	186	184	184	183	183	183	184	185	184	185	185	185	186	186	186	186	187	186	186	188	190	190	192	190	190	188	189	211	241	251	177	252	254	255	254	255	251	148	251	251	251	253	253	253	253	251	243	215	178	152	175	223	222	222	223	221	222	222	222	222	222	222	222	222	222	221	222	221	223	222	222	222	221	222	222	222	222	222	222	222	222	224	195	118	183	199	197	199	198	198	198	198	198	198	197	197	202	48	90	90	90	58	193	170	63	91	91	126	169	251	204	159	252	253	254	254	254	251	174	239	223	173	142	135	134	134	86	163	170	171	171	171	171	201	118	231	224	225	225	226	226	226	226	226	226	226	226	227	227	227	227	227	227	227	227	227	227	227	227	227	227	228	228	228	229	229	229	229	229	229	228	227	226	226	226	225	224	225	225	225	225	225	226	226	226	226	225	225	226	227	225	227	153
158	229	230	230	230	229	230	231	231	231	231	231	231	231	232	232	232	233	233	233	233	233	233	233	232	232	232	232	232	233	212	206	129	133	191	190	189	190	193	146	139	139	139	139	138	139	161	190	189	188	188	190	190	190	190	190	190	190	190	190	189	192	192	192	192	195	195	195	196	194	193	190	189	191	215	243	251	176	252	252	253	251	253	251	146	253	252	251	252	251	251	242	195	154	170	210	226	223	222	222	222	222	222	222	222	222	222	222	222	222	222	222	222	222	222	222	222	222	222	222	222	222	222	222	223	221	222	220	139	135	203	197	199	198	198	199	198	198	198	198	197	198	198	201	51	89	88	91	61	188	202	54	91	91	120	107	250	247	110	252	254	254	254	253	252	217	196	227	182	151	143	143	144	108	153	175	176	176	176	177	200	116	231	228	226	226	226	226	226	227	227	228	228	228	228	228	227	227	228	228	228	229	229	229	229	229	229	229	228	229	229	230	230	230	230	230	230	230	230	229	229	229	228	228	228	228	226	225	224	224	225	225	226	225	225	226	226	224	226	153
158	229	230	231	232	232	232	232	232	232	232	233	232	232	233	233	233	233	233	233	233	233	233	233	234	234	233	233	234	235	209	201	136	140	191	190	190	195	164	142	143	143	143	143	141	142	141	184	190	191	190	167	158	160	162	164	166	166	171	173	176	178	181	183	186	191	198	196	196	194	193	190	189	190	218	243	252	200	252	253	254	254	251	242	102	253	252	252	244	213	201	180	204	226	223	222	222	221	222	222	222	222	222	222	222	222	222	222	222	222	222	222	222	222	222	222	222	222	222	222	222	222	222	222	222	225	198	118	179	201	198	198	198	199	199	198	198	198	198	198	198	197	197	203	50	90	90	90	66	161	200	97	94	92	101	109	229	250	170	200	254	254	254	253	252	241	179	228	184	150	143	146	148	132	145	182	182	182	180	180	197	130	221	230	229	229	229	229	228	229	229	228	229	229	229	229	229	229	230	230	230	230	230	231	231	231	231	231	231	231	231	231	231	231	231	231	231	231	231	231	232	231	231	230	231	231	230	229	229	229	228	228	227	226	225	226	226	225	227	153
158	232	231	231	233	233	233	233	233	233	233	232	234	234	234	233	234	235	235	235	235	235	235	235	234	234	235	236	236	236	207	192	138	150	193	192	194	182	154	153	154	154	154	151	150	149	150	152	193	194	196	141	158	155	155	154	154	153	153	153	152	153	152	151	156	146	199	196	195	193	190	189	188	192	223	245	251	186	252	253	251	252	205	145	140	216	211	209	208	234	251	231	222	223	221	221	222	222	222	222	222	222	222	222	222	222	222	222	222	222	222	222	223	223	222	222	222	222	222	222	222	222	221	224	221	146	145	200	198	198	198	198	198	198	198	198	199	199	198	198	198	198	199	205	59	91	92	90	86	129	199	128	91	92	93	113	196	251	241	138	252	251	252	253	253	244	173	230	191	152	141	144	147	141	130	187	189	186	186	185	196	158	201	230	231	232	231	231	232	232	232	232	232	232	232	232	232	232	232	232	232	232	232	232	232	232	232	232	232	232	232	232	232	232	232	232	232	232	232	232	232	232	232	232	233	233	233	233	232	232	232	230	231	230	230	231	231	229	230	154
158	232	233	233	234	234	233	232	233	233	234	234	234	234	234	234	235	235	235	236	236	236	236	236	236	237	237	236	237	238	207	184	146	150	195	193	195	194	196	197	197	196	197	197	198	200	196	197	197	198	197	180	227	226	226	226	224	224	222	220	217	214	204	177	159	142	201	194	195	192	189	189	187	192	224	245	249	185	252	253	252	167	179	238	212	223	244	251	250	251	250	246	224	222	222	222	222	222	222	222	222	222	222	222	222	222	222	222	222	222	222	222	222	222	222	222	222	222	222	222	223	223	226	186	131	189	200	198	198	198	198	198	198	198	198	198	199	199	198	198	198	197	199	202	75	94	89	91	92	99	201	124	87	91	90	132	146	252	251	142	237	253	252	252	253	248	171	233	197	154	139	142	144	148	116	187	187	190	191	190	194	191	179	232	233	234	233	232	233	233	233	233	233	233	233	233	233	233	233	233	234	234	234	234	234	234	234	234	234	234	234	234	234	234	234	234	233	233	233	233	233	233	233	233	233	233	233	233	232	233	233	232	232	232	232	232	233	231	232	155
159	233	235	234	235	233	233	233	234	234	234	234	234	234	235	234	235	235	236	237	237	237	237	237	236	237	237	235	235	238	208	189	146	146	149	147	149	149	151	152	151	153	155	158	159	161	163	167	168	168	151	228	242	243	244	244	244	243	243	242	243	241	215	170	167	146	199	196	194	192	190	188	183	188	224	245	248	179	252	252	156	210	250	251	253	253	253	253	253	253	253	253	239	222	222	222	222	222	222	222	222	222	222	222	222	222	222	222	222	222	222	222	222	222	222	222	221	222	222	223	223	208	132	164	201	198	198	197	198	198	198	198	198	198	198	198	199	199	198	198	197	198	199	200	106	92	90	90	93	90	202	125	81	90	90	132	131	251	250	209	177	251	253	252	252	252	177	235	202	156	138	140	142	149	106	188	185	188	189	191	194	213	163	237	234	234	233	233	233	233	233	233	234	233	233	233	234	234	234	234	233	233	233	233	233	233	233	233	233	233	233	233	233	233	233	233	233	233	233	233	233	233	233	233	233	233	233	233	233	233	233	233	232	233	233	232	232	232	234	156
160	234	235	236	235	235	235	233	235	235	235	235	235	236	236	236	237	237	238	238	238	238	238	238	236	237	237	239	239	238	210	208	192	185	185	185	183	183	183	178	178	175	178	177	176	172	172	172	175	184	224	245	243	244	244	244	244	243	243	242	242	242	212	155	173	148	195	197	194	190	184	180	175	187	227	245	232	207	253	251	152	252	252	252	253	253	253	253	253	253	253	253	250	222	222	223	222	222	222	222	222	222	222	222	222	222	222	222	222	222	222	222	222	222	222	222	222	223	223	222	158	137	196	199	198	198	198	198	198	198	198	198	198	198	198	198	199	199	198	198	198	198	199	199	112	89	92	91	93	89	201	121	87	92	89	145	114	251	250	249	120	250	251	253	252	251	168	237	208	159	136	141	143	147	99	187	185	187	189	190	190	219	147	242	238	239	237	238	238	237	235	236	236	236	235	235	235	235	235	236	235	235	235	235	235	235	235	235	235	235	234	234	235	235	235	235	234	234	234	234	234	234	234	234	234	234	234	234	234	234	234	234	233	233	233	233	233	232	233	156
160	235	235	235	237	236	236	236	236	236	237	237	237	238	238	239	239	239	238	238	239	239	240	239	239	239	239	239	238	240	236	233	235	234	233	231	232	230	230	230	229	228	228	228	227	227	227	227	234	246	244	245	245	245	244	244	243	244	243	241	241	239	212	147	166	157	196	192	188	182	180	176	174	191	229	248	186	249	252	253	172	231	250	252	251	251	251	251	242	252	251	251	250	224	220	221	222	222	222	222	222	222	222	222	222	222	222	222	222	222	222	222	222	222	222	223	223	224	188	125	184	200	198	198	199	199	199	198	198	198	198	198	198	198	198	198	199	198	198	199	198	199	198	200	96	93	91	90	81	128	199	110	90	89	92	158	106	250	250	252	184	185	252	252	253	251	191	238	213	162	138	138	142	144	101	178	183	186	188	188	190	216	141	242	239	239	239	239	239	239	239	238	238	238	237	237	237	237	237	237	235	236	237	237	237	237	237	236	237	237	237	237	236	235	235	235	235	235	235	235	234	234	235	235	235	235	235	235	234	234	234	233	234	234	234	233	233	233	233	156
159	234	237	236	237	236	236	236	237	236	237	238	239	239	239	239	239	239	239	238	239	240	239	239	240	239	239	240	239	239	240	240	240	241	241	241	241	241	242	242	243	243	243	243	244	244	244	244	245	244	244	244	243	243	243	243	243	243	242	241	243	233	214	141	158	165	190	186	182	181	179	178	176	193	230	249	168	252	252	253	246	162	252	252	252	246	188	169	233	253	252	251	247	222	222	221	222	222	222	222	222	222	222	222	222	222	222	222	222	222	222	222	222	223	222	225	209	132	150	201	198	199	197	198	198	198	198	197	198	198	198	198	197	197	198	198	198	198	198	198	198	198	199	194	56	92	90	91	60	188	199	81	93	90	93	165	109	251	251	252	244	129	253	252	253	251	171	241	218	167	139	137	138	141	110	164	183	185	187	188	190	210	145	237	238	238	239	239	240	240	240	239	239	239	238	238	238	239	238	238	238	238	238	238	237	236	236	238	237	237	237	237	237	237	237	237	237	237	236	235	235	235	235	235	235	235	235	235	235	235	234	234	234	233	233	233	233	233	233	155
160	236	237	236	237	236	235	235	237	238	239	239	239	239	238	238	238	237	238	239	240	240	240	240	239	239	239	239	239	240	241	241	242	243	242	243	243	243	243	243	244	244	245	245	245	245	244	245	245	244	245	244	244	243	243	243	242	242	242	241	241	227	212	133	138	170	184	184	183	182	180	176	171	190	230	249	180	252	252	253	249	140	182	242	174	152	210	250	253	253	253	252	237	222	222	221	222	222	222	222	222	222	222	222	222	222	222	222	221	222	222	221	221	223	215	140	135	195	199	198	197	198	198	197	199	197	197	198	198	198	198	198	198	198	198	198	198	198	198	199	198	199	199	119	83	91	90	91	96	201	202	57	92	90	94	166	98	251	251	252	252	155	240	252	252	251	181	240	221	171	137	135	137	139	119	148	182	184	185	188	189	203	158	218	238	240	238	239	240	240	240	240	240	240	239	239	239	239	238	238	238	238	239	239	239	239	238	237	238	237	237	237	237	237	237	236	236	237	237	237	236	235	234	234	234	234	234	234	235	235	235	235	236	234	233	233	233	233	234	155
161	237	236	236	239	237	237	238	239	239	239	239	238	238	238	239	239	238	240	240	241	241	240	240	240	240	240	240	241	242	242	242	243	244	243	244	243	244	245	245	246	246	245	245	246	246	245	245	244	244	246	244	245	244	244	244	243	242	242	242	241	223	195	126	121	181	186	184	182	180	174	168	166	194	233	248	170	253	252	236	166	202	131	146	209	246	249	251	253	253	253	252	232	222	222	222	222	222	222	222	222	222	222	222	222	222	222	222	222	222	222	223	224	161	127	185	199	198	198	197	198	197	199	184	155	197	198	198	198	198	198	198	198	198	198	198	198	198	198	197	197	198	202	60	93	91	91	64	180	197	194	49	92	91	95	164	116	250	251	252	250	191	193	252	253	251	208	194	224	176	138	133	135	139	129	126	182	183	184	186	188	195	182	195	238	239	238	239	239	239	240	240	241	241	241	242	242	241	240	240	239	239	238	239	239	239	239	238	239	239	239	239	239	239	238	238	239	238	238	237	236	237	238	237	234	234	235	235	236	236	236	236	236	236	234	234	235	234	234	156
160	235	238	238	239	238	238	239	238	238	239	239	240	240	240	240	240	240	241	241	241	242	241	241	241	241	241	242	243	243	244	243	244	244	245	245	245	246	246	246	246	246	246	246	246	246	245	245	245	245	245	244	244	243	243	243	244	243	241	241	238	213	179	135	118	186	185	182	178	172	168	166	168	201	238	250	177	252	209	91	165	175	228	244	251	252	253	253	253	253	253	253	241	223	222	222	222	222	222	222	223	221	223	222	222	222	222	222	223	222	224	163	133	175	201	197	198	198	198	198	198	197	197	202	112	202	199	198	198	198	198	198	198	198	198	198	198	198	198	198	197	197	144	69	91	90	88	111	200	198	170	61	90	92	98	166	143	251	251	251	250	239	136	252	252	253	242	180	228	181	141	133	136	137	139	109	181	181	184	184	186	191	203	167	237	238	238	240	240	239	239	240	241	241	242	242	243	243	243	242	241	240	241	239	240	240	239	239	239	239	239	239	239	240	240	240	240	240	239	239	239	238	237	237	237	237	237	236	237	236	237	237	237	237	236	236	236	234	235	156
161	237	239	238	239	238	239	240	239	239	240	240	240	240	239	239	240	241	241	242	241	242	242	242	242	242	242	243	243	244	244	244	245	246	245	245	245	246	246	246	245	245	245	245	245	245	245	244	246	245	245	244	244	244	244	243	242	241	239	238	239	207	158	148	120	189	182	177	172	170	168	167	170	205	239	250	180	241	160	242	249	251	251	251	253	253	253	253	253	253	253	253	251	233	223	223	222	223	224	196	191	218	223	222	222	222	222	223	225	171	131	177	201	199	197	198	198	198	198	198	198	197	198	197	133	181	197	197	198	198	198	198	198	198	198	198	198	198	198	198	198	202	77	91	90	93	63	193	199	198	135	75	91	90	107	168	142	251	251	252	250	249	129	237	251	253	244	171	231	184	141	131	132	137	140	100	183	181	183	184	186	187	213	150	238	236	238	239	239	240	240	239	241	241	241	241	241	242	243	243	243	243	242	242	240	240	240	240	240	239	239	239	239	239	239	239	239	240	239	239	239	239	238	238	238	239	238	237	237	236	237	237	237	237	236	236	237	234	235	156
162	238	238	238	239	238	238	239	239	240	240	240	239	240	240	241	241	241	241	241	241	242	243	244	242	242	243	244	244	244	245	245	245	245	245	246	245	245	245	245	246	245	245	244	244	243	244	244	244	244	244	243	243	243	242	241	240	238	237	238	236	205	142	156	120	185	175	175	172	171	168	167	171	210	240	250	175	204	223	251	253	253	253	253	253	253	253	253	253	253	253	253	250	249	223	223	225	176	144	191	223	222	223	222	222	223	225	169	129	170	201	198	198	199	198	198	199	198	198	198	198	197	198	197	196	107	199	199	198	198	198	198	198	198	198	198	198	198	198	198	198	154	61	91	91	90	103	199	198	199	110	88	91	91	109	171	140	251	250	251	251	250	205	166	251	251	248	167	233	190	143	128	131	134	140	88	186	180	182	183	184	185	217	136	239	235	236	239	239	239	239	239	240	239	240	241	242	242	241	242	243	243	243	242	243	241	240	240	241	240	240	240	239	239	239	238	239	240	239	239	239	239	239	239	239	239	239	238	237	236	237	236	237	237	236	236	237	236	236	156
160	237	239	239	240	239	239	240	240	241	241	241	240	241	240	240	242	242	242	243	243	243	243	243	243	243	244	244	244	245	245	245	246	245	245	245	245	245	245	245	246	245	244	244	244	244	244	245	244	243	243	243	242	241	240	239	238	238	237	237	232	206	125	154	117	177	174	173	173	171	169	168	174	214	242	249	181	243	188	251	253	253	253	253	253	253	253	253	253	253	253	253	252	251	224	156	131	187	226	224	224	223	224	225	221	159	135	172	201	198	198	198	199	197	198	200	200	198	198	198	198	197	198	197	202	97	201	197	198	198	198	198	198	198	198	198	198	198	198	198	202	62	92	90	91	67	162	197	197	200	87	92	90	90	120	176	134	251	251	251	251	252	247	116	252	252	252	169	236	196	146	127	131	132	136	91	177	179	182	182	183	185	213	133	238	236	236	239	239	239	239	239	238	239	240	240	241	240	241	241	242	242	242	242	243	243	242	242	240	242	242	241	242	240	239	239	241	240	240	240	240	240	240	240	240	239	239	239	239	238	238	238	237	237	236	236	237	236	236	157
161	240	240	240	240	239	239	239	241	240	240	241	241	240	240	241	242	243	244	243	244	244	244	244	244	244	245	245	245	246	245	245	244	244	244	244	244	245	245	245	246	246	245	245	245	245	245	244	244	244	244	241	240	240	240	239	239	239	239	237	227	205	105	144	119	177	175	175	174	172	170	169	176	216	244	247	173	252	182	214	252	252	251	252	253	253	253	253	250	250	251	252	227	161	140	207	228	223	222	223	224	223	216	151	129	180	200	198	198	198	198	198	197	197	199	154	203	198	198	198	198	198	198	198	198	146	150	197	198	198	198	198	198	198	198	198	198	198	198	199	162	66	90	90	91	58	193	197	198	200	80	96	91	89	127	187	112	249	251	250	250	250	251	155	220	253	250	168	238	204	149	127	129	132	134	96	163	178	181	181	183	184	205	144	224	236	237	236	237	238	239	240	240	240	240	240	241	240	240	240	240	241	241	241	241	243	243	243	243	244	244	244	241	240	240	240	241	241	240	239	240	240	240	241	241	240	239	240	240	240	239	239	238	237	236	237	236	235	237	157
161	240	239	240	240	239	239	240	240	240	240	241	240	240	241	241	242	244	244	245	245	244	244	245	245	245	246	245	245	245	244	245	245	245	245	245	245	245	245	244	246	246	245	245	245	245	245	243	244	243	241	239	239	240	240	240	239	239	237	236	217	201	100	137	128	175	176	174	173	173	171	165	173	217	244	231	196	252	250	141	243	251	253	251	253	253	253	253	250	247	205	166	179	216	224	222	223	223	222	226	206	148	140	187	201	197	197	199	199	198	198	198	197	198	199	125	206	197	198	197	198	198	198	198	198	201	101	203	198	198	198	198	198	198	198	198	197	198	197	201	89	94	91	91	90	67	180	197	198	199	106	87	89	90	120	184	107	244	250	251	251	249	251	230	160	252	251	151	238	210	154	127	128	130	133	107	140	177	180	181	181	185	195	167	201	235	238	235	237	237	238	238	240	240	240	240	240	240	240	240	241	241	241	240	240	241	241	241	244	244	244	243	243	242	240	240	240	241	241	240	240	240	240	240	240	241	240	240	240	240	239	239	238	237	237	238	237	237	238	156
161	239	240	240	239	240	240	240	240	240	241	242	242	242	241	242	243	245	244	244	244	244	245	245	245	245	245	245	245	245	245	245	244	244	244	244	244	244	244	244	246	245	245	244	245	245	243	242	241	241	240	240	239	239	240	239	239	237	234	233	211	185	103	117	152	178	177	174	174	172	165	160	176	222	247	179	245	251	252	224	151	252	253	250	251	250	250	219	179	176	213	248	238	224	224	221	223	226	195	139	147	195	199	198	198	198	198	198	198	198	198	198	199	197	200	123	202	197	197	198	198	198	198	198	198	198	111	187	198	198	198	198	198	198	198	198	197	198	199	189	53	91	91	90	90	79	138	199	197	197	150	65	90	89	110	182	123	191	249	252	252	251	251	250	127	252	250	165	239	213	158	128	127	129	132	119	124	179	179	180	180	184	191	192	172	235	235	237	236	238	238	238	239	239	239	239	240	240	241	241	240	240	241	241	240	241	241	242	243	243	243	243	242	243	242	241	241	241	241	240	240	240	240	239	240	240	240	240	239	239	238	238	238	237	238	239	239	238	237	157
163	240	240	240	240	240	241	241	240	241	243	243	242	243	242	243	244	245	244	244	244	245	245	245	245	245	245	245	245	245	245	245	245	245	245	245	245	245	245	245	245	245	245	245	245	244	243	242	240	241	241	240	240	240	241	239	235	234	233	235	202	152	133	175	179	178	177	175	172	164	161	161	181	226	249	170	251	251	252	252	200	172	251	251	226	183	173	199	243	249	252	251	250	226	227	222	177	147	164	197	197	199	197	198	198	198	198	198	198	198	198	199	198	198	202	115	200	197	198	198	199	198	199	198	198	199	185	122	198	198	198	198	198	198	198	198	198	199	200	125	82	89	90	91	90	93	93	200	198	197	199	107	78	91	98	169	166	142	249	251	252	252	251	252	176	194	251	174	225	220	164	127	127	129	131	129	104	177	177	180	180	182	186	207	153	235	236	236	236	237	238	238	238	239	240	240	240	240	240	240	240	241	240	240	239	240	239	240	241	242	243	243	242	243	243	243	243	243	243	242	241	241	240	239	241	241	241	241	240	239	239	239	238	238	238	239	239	238	239	158
162	240	239	241	240	240	240	240	243	243	243	243	244	244	244	244	245	245	245	245	244	243	244	244	244	244	245	245	244	244	244	245	244	244	244	244	244	244	244	244	244	244	244	244	243	240	240	240	240	240	241	240	241	238	237	236	235	235	222	175	157	175	182	180	179	179	176	171	167	163	162	162	187	231	250	184	253	253	252	248	163	115	176	184	201	238	250	250	251	251	253	251	249	209	142	132	176	201	198	198	198	197	199	190	198	198	198	198	198	198	198	198	197	198	200	108	198	197	198	198	198	198	198	198	197	198	202	93	206	198	198	198	198	198	198	198	199	199	201	69	94	89	91	92	79	83	138	199	198	199	197	201	133	68	90	138	186	106	248	250	252	252	253	252	239	138	251	196	199	225	169	130	125	128	130	131	96	178	177	178	179	182	182	215	143	220	236	235	238	237	237	237	238	238	239	239	239	240	240	240	241	241	241	241	241	240	240	240	240	241	240	241	241	242	243	243	243	243	242	242	241	241	241	241	241	241	241	241	241	240	240	240	239	241	238	238	240	238	239	157
162	241	240	241	241	240	241	242	242	243	243	243	244	244	244	244	245	245	245	245	245	244	244	244	244	244	244	243	244	244	245	245	244	244	244	244	244	244	244	244	244	243	242	241	241	240	239	240	240	239	240	239	238	236	235	236	213	172	159	180	183	183	181	180	180	176	171	166	166	164	161	162	191	234	250	178	252	253	252	208	186	221	250	251	251	252	251	252	250	251	242	199	139	144	193	198	198	197	199	197	197	198	179	143	198	198	198	198	198	198	198	198	198	198	186	123	198	197	198	198	198	198	197	197	198	196	199	142	163	197	198	198	198	198	198	198	199	198	203	53	94	87	71	102	169	198	198	198	198	198	198	198	198	178	91	93	179	117	214	250	252	252	253	252	249	143	241	240	178	228	175	133	121	127	128	132	81	180	175	177	179	180	180	190	201	185	178	200	229	239	236	237	237	237	239	239	239	240	239	240	241	241	241	241	241	240	240	240	240	241	240	241	241	241	241	241	241	241	241	241	241	241	242	242	241	241	241	241	241	241	240	240	239	241	238	239	239	238	240	158
163	242	240	241	240	241	242	243	243	242	242	244	244	244	244	244	245	244	244	244	244	245	245	244	245	245	245	245	244	244	244	245	245	245	245	245	245	244	244	242	243	242	242	241	241	240	240	240	241	239	239	236	236	235	204	171	167	184	184	184	183	182	182	180	176	170	168	166	166	165	164	165	197	234	251	183	252	252	253	235	154	250	251	251	251	251	251	242	204	164	151	177	201	199	198	198	198	198	198	198	197	200	118	203	198	198	198	198	198	198	198	198	198	198	148	146	198	198	198	199	199	198	198	198	197	199	198	197	98	200	199	197	198	198	198	198	199	198	193	36	72	120	180	201	197	197	197	197	198	196	198	198	198	198	200	153	123	137	111	249	252	252	252	252	252	190	171	243	170	229	182	132	123	123	127	132	81	175	174	178	179	180	180	183	182	185	199	199	183	181	212	235	238	237	238	238	238	240	239	239	241	241	241	241	241	240	240	240	240	240	240	241	241	241	241	241	241	241	241	241	241	241	241	241	242	241	241	241	241	241	241	241	240	240	239	240	238	238	238	159
163	240	240	243	241	241	242	242	243	244	244	244	244	244	244	244	244	244	244	244	245	244	244	244	245	245	245	245	245	245	245	244	245	245	245	245	244	242	241	242	242	241	241	240	240	240	240	241	240	239	237	230	194	165	175	186	186	185	185	184	183	183	180	175	171	170	167	167	166	165	166	167	202	237	252	172	252	252	250	252	221	174	251	251	232	195	163	160	179	201	204	209	214	217	212	202	198	198	198	198	198	188	155	201	198	198	198	198	198	198	198	198	198	197	140	156	197	198	198	198	198	198	198	198	198	197	198	200	102	195	197	198	198	198	198	198	198	198	199	137	191	199	199	198	197	198	198	198	198	188	199	197	198	198	199	198	203	182	131	249	252	252	252	252	251	245	123	248	171	231	189	136	120	122	126	130	84	165	174	176	178	179	180	181	183	184	184	187	190	205	197	180	190	219	239	238	239	239	240	240	241	241	241	241	241	240	240	240	241	241	241	241	241	241	241	241	240	241	241	241	241	241	241	241	242	241	241	241	241	241	241	241	240	241	240	240	239	239	240	159
162	242	241	242	243	242	242	242	242	244	244	243	244	244	244	244	244	245	245	245	243	243	242	242	244	244	244	244	244	244	244	243	244	244	243	244	242	241	241	240	240	240	240	240	240	240	241	237	239	225	187	167	184	189	187	185	186	185	184	183	183	180	176	173	171	170	169	168	167	166	166	168	207	241	250	191	253	253	253	254	253	223	146	145	191	216	232	235	240	244	249	251	251	251	251	237	198	199	196	199	199	127	231	199	197	197	197	198	198	198	198	198	199	197	128	176	197	197	198	199	198	198	198	198	198	198	198	198	174	126	197	198	198	198	198	198	198	198	198	199	198	198	198	198	198	198	198	199	199	165	159	197	199	198	178	193	197	225	251	251	252	252	252	251	251	251	153	236	167	235	194	140	120	122	125	127	94	149	173	176	177	179	180	181	182	182	183	185	186	187	188	197	206	195	187	201	234	238	239	238	239	239	240	240	241	241	241	240	241	241	241	241	241	241	241	241	241	241	241	241	240	240	240	240	240	240	240	240	240	241	241	241	242	241	241	241	240	239	240	160
162	243	241	242	242	242	242	242	242	241	242	243	244	244	243	244	245	245	245	245	244	243	242	242	242	242	242	242	243	242	243	241	241	242	241	241	241	241	241	241	240	240	240	241	239	240	238	231	168	116	180	189	188	187	187	186	185	186	185	183	180	175	174	173	173	171	170	168	167	168	165	169	214	243	249	199	253	253	253	253	252	253	177	232	251	251	250	251	252	252	252	252	252	251	250	243	200	198	197	198	200	134	237	198	197	197	197	198	198	198	198	198	198	200	110	203	198	198	198	198	198	198	198	198	198	198	198	198	203	97	204	199	198	198	198	198	198	198	198	198	198	198	198	198	198	198	198	199	198	200	113	200	198	197	184	127	198	205	247	252	252	253	252	251	250	251	223	177	161	237	203	142	118	121	123	127	107	126	174	176	177	178	178	180	181	181	183	184	186	187	187	188	188	189	201	204	187	192	234	237	239	239	239	240	240	241	241	241	241	241	241	242	241	241	241	241	241	241	241	241	241	241	240	240	241	241	241	241	240	240	240	240	242	240	241	241	240	240	240	158
164	241	241	242	242	242	243	242	242	242	242	241	241	242	242	243	243	243	243	244	244	244	244	245	244	243	243	244	244	243	242	242	241	240	241	241	241	241	240	240	240	241	240	240	240	237	222	175	141	120	192	187	187	187	186	185	186	185	182	179	177	176	175	174	173	173	170	171	168	168	165	176	218	244	249	172	253	254	253	253	252	247	165	252	252	252	253	252	253	251	251	252	252	252	249	242	200	199	199	197	160	204	227	197	198	197	197	198	198	198	198	198	197	201	90	202	198	198	198	198	198	198	198	198	198	198	198	198	199	114	181	198	198	198	198	198	198	198	198	198	198	198	198	198	198	198	199	199	197	201	105	203	198	198	201	103	201	198	236	252	252	253	253	252	251	250	248	152	155	237	208	149	120	120	122	126	118	105	173	175	176	177	178	180	180	181	182	184	185	186	186	186	187	188	189	188	195	214	154	239	238	239	239	240	239	239	239	239	241	241	241	241	241	241	241	241	241	241	241	241	241	241	241	241	240	240	240	240	240	240	241	241	241	240	241	241	239	241	242	159
163	240	241	241	241	242	244	243	243	244	243	242	242	241	241	241	242	242	242	243	244	244	244	244	243	244	243	242	242	241	241	241	241	241	241	240	240	240	240	240	239	240	239	239	238	216	204	149	156	125	191	189	188	188	187	186	184	182	178	177	175	174	175	175	173	172	171	170	169	168	168	180	223	246	246	191	253	254	253	253	253	188	214	250	252	252	253	252	253	252	252	253	253	252	250	239	198	199	199	201	118	251	213	198	198	198	198	198	198	198	198	198	199	200	105	203	198	198	198	198	198	198	198	198	198	198	198	198	197	187	116	200	198	198	198	198	198	198	198	198	198	198	198	198	198	198	198	198	198	197	148	169	198	199	198	148	164	198	216	252	252	253	253	253	252	252	250	154	157	240	213	153	121	117	121	124	126	90	174	174	175	176	178	179	180	181	182	183	184	186	186	186	188	188	188	190	190	210	145	239	238	239	239	238	239	239	239	239	240	240	240	240	240	240	240	240	240	240	240	240	240	240	240	240	240	240	240	240	240	240	241	240	241	240	241	241	240	240	241	159
164	241	241	241	242	242	242	242	243	243	242	242	242	241	242	242	243	243	244	244	244	244	244	244	242	243	242	242	242	242	242	241	241	241	241	241	241	241	240	240	240	238	237	238	238	208	204	130	160	132	188	188	189	188	187	185	180	179	177	177	176	176	175	175	174	172	171	170	170	167	169	181	226	246	197	232	253	253	254	253	251	162	251	250	252	252	252	253	252	253	253	253	252	252	252	235	197	198	199	198	150	244	202	199	198	198	198	198	198	198	198	198	197	201	112	203	198	198	198	198	198	198	198	198	198	198	198	198	198	203	106	206	198	198	198	198	198	198	198	198	198	198	198	198	198	198	198	198	198	197	197	117	200	197	197	198	114	199	203	246	252	252	253	253	252	252	250	210	122	238	218	158	120	117	120	123	128	76	174	172	174	175	176	177	178	180	180	182	182	184	185	186	186	187	187	188	189	200	164	213	238	239	239	239	238	239	239	239	239	239	240	240	240	240	240	241	240	240	240	240	240	240	240	240	241	241	240	240	240	240	241	241	240	240	240	241	241	239	240	157
162	239	241	241	243	241	242	242	241	242	243	242	242	242	242	242	241	241	242	242	242	242	242	242	242	241	241	241	241	241	241	241	241	241	241	241	241	241	240	239	239	237	239	238	236	201	208	121	152	143	189	187	189	187	183	180	180	178	177	177	176	175	175	175	174	173	172	171	171	169	166	183	229	247	179	251	253	254	253	254	202	205	252	251	252	252	252	253	252	253	253	253	252	252	252	223	198	198	196	151	210	233	198	197	198	198	198	198	198	198	198	198	198	201	117	203	198	198	198	198	198	198	198	198	198	198	198	198	199	199	134	181	198	198	198	198	198	198	198	198	198	198	198	198	198	198	198	198	198	198	201	107	203	199	197	200	107	206	197	229	252	252	252	253	252	252	252	246	125	202	222	164	122	115	119	121	126	69	173	170	173	174	176	176	178	179	180	182	182	183	184	184	185	187	188	188	188	193	199	172	239	240	240	239	239	239	239	240	239	239	240	240	240	240	239	239	240	240	240	240	240	240	240	240	240	240	240	240	240	240	240	240	240	240	240	239	239	239	240	157
161	241	240	241	241	240	241	241	240	241	242	242	242	242	242	241	242	242	242	242	241	241	241	241	241	241	241	241	241	241	241	241	240	240	241	241	240	240	239	237	239	239	239	235	230	203	200	120	137	163	189	187	187	182	180	179	179	178	177	177	176	175	175	174	174	174	172	172	170	167	167	189	232	249	182	253	253	252	253	252	149	251	251	252	252	252	252	252	249	250	250	252	251	251	249	211	198	198	200	137	249	217	198	197	198	198	198	198	198	198	198	198	197	202	112	200	198	198	198	198	198	198	198	198	198	198	198	198	198	198	194	118	198	199	198	199	198	198	198	198	198	198	198	198	198	198	198	199	198	198	197	155	169	198	198	197	157	160	198	207	248	250	251	252	252	252	252	252	159	172	224	170	124	114	117	120	123	68	164	170	172	174	174	176	177	178	179	180	181	182	183	183	186	185	186	188	188	187	216	144	240	238	238	239	239	239	240	240	240	240	240	240	240	240	240	239	240	240	240	240	239	239	239	240	240	240	240	240	240	240	240	240	239	239	239	239	239	239	240	158
162	240	241	241	241	240	240	241	241	241	241	241	242	242	242	242	241	241	240	240	240	240	240	241	241	241	241	241	242	241	241	241	241	240	240	240	239	239	238	238	238	237	238	235	224	202	176	132	126	180	188	185	183	181	181	180	180	179	178	178	177	175	175	174	175	174	172	172	170	166	167	196	235	251	195	252	252	252	253	222	184	251	252	251	253	253	253	252	251	250	234	202	202	201	199	165	157	157	158	144	198	163	157	157	157	157	157	157	157	157	157	156	157	160	102	159	158	157	157	157	157	157	157	157	157	157	157	157	158	157	160	88	161	157	157	157	157	157	157	157	157	157	157	157	157	157	158	157	156	158	158	158	98	157	156	158	157	96	159	156	186	201	201	202	201	202	202	202	159	138	186	142	99	90	92	94	95	65	116	134	137	139	140	140	142	142	143	144	145	146	147	147	148	148	148	149	149	150	171	112	187	188	190	189	190	189	189	189	191	191	191	191	191	191	190	190	190	190	190	190	190	190	190	191	190	190	190	190	190	190	190	190	189	189	189	190	190	190	190	127
